layer,component,verb_up,frequency,classifier_pred,up_probability,logit
5,decoder,made up,104657,1,0.9889,4.4875
5,decoder,made up,104657,1,0.9997,8.178
5,decoder,made up,104657,1,0.9959,5.503
5,decoder,made up,104657,1,0.9998,8.7373
5,decoder,made up,104657,1,0.999,6.8727
5,decoder,made up,104657,1,0.9992,7.09
5,decoder,made up,104657,1,0.9993,7.3334
5,decoder,made up,104657,1,0.9993,7.2051
5,decoder,made up,104657,1,0.9916,4.7739
5,decoder,made up,104657,1,1.0,11.5284
5,decoder,made up,104657,1,0.9993,7.251
5,decoder,made up,104657,1,0.9988,6.7129
5,decoder,made up,104657,1,0.9995,7.6633
5,decoder,made up,104657,1,0.9983,6.3873
5,decoder,made up,104657,1,0.9975,5.9983
5,decoder,made up,104657,1,0.9993,7.2301
5,decoder,made up,104657,1,0.9985,6.5031
5,decoder,made up,104657,1,0.9982,6.3289
5,decoder,made up,104657,1,0.9999,9.1591
5,decoder,made up,104657,1,0.9996,7.8894
5,decoder,came up,65135,1,1.0,10.5752
5,decoder,came up,65135,1,0.9989,6.8087
5,decoder,came up,65135,1,0.9996,7.8064
5,decoder,came up,65135,1,0.9898,4.5702
5,decoder,came up,65135,1,0.9994,7.4279
5,decoder,came up,65135,1,0.9999,9.5233
5,decoder,came up,65135,1,0.9984,6.4308
5,decoder,came up,65135,1,0.9997,8.081
5,decoder,came up,65135,1,0.9998,8.8021
5,decoder,came up,65135,1,0.9999,9.4543
5,decoder,came up,65135,1,0.9999,9.6584
5,decoder,came up,65135,1,0.9998,8.3079
5,decoder,came up,65135,1,0.9999,9.8806
5,decoder,came up,65135,1,0.999,6.9183
5,decoder,came up,65135,1,0.9996,7.7697
5,decoder,came up,65135,1,0.9996,7.7514
5,decoder,came up,65135,1,0.9995,7.6583
5,decoder,came up,65135,1,0.9991,7.0147
5,decoder,came up,65135,1,0.9999,9.7408
5,decoder,came up,65135,1,0.9998,8.6665
5,decoder,looked up,13408,1,0.9998,8.3835
5,decoder,looked up,13408,1,0.9997,8.0174
5,decoder,looked up,13408,1,0.9998,8.6202
5,decoder,looked up,13408,1,1.0,11.4083
5,decoder,looked up,13408,1,0.9997,8.1896
5,decoder,looked up,13408,1,0.9997,8.0912
5,decoder,looked up,13408,1,0.9996,7.7125
5,decoder,looked up,13408,1,0.9997,8.0389
5,decoder,looked up,13408,1,0.9999,9.6041
5,decoder,looked up,13408,1,0.9991,7.0563
5,decoder,looked up,13408,1,0.9991,7.0
5,decoder,looked up,13408,1,0.9997,8.2864
5,decoder,looked up,13408,1,0.9988,6.7194
5,decoder,looked up,13408,1,0.9996,7.8371
5,decoder,looked up,13408,1,1.0,10.2501
5,decoder,looked up,13408,1,0.9995,7.65
5,decoder,looked up,13408,1,0.9999,9.2059
5,decoder,looked up,13408,1,0.9999,8.8413
5,decoder,looked up,13408,1,0.9997,8.0387
5,decoder,looked up,13408,1,0.9999,8.8176
5,decoder,got up,15005,1,0.9998,8.7523
5,decoder,got up,15005,1,0.9996,7.763
5,decoder,got up,15005,1,0.9995,7.5295
5,decoder,got up,15005,1,1.0,10.0893
5,decoder,got up,15005,1,0.9997,8.2301
5,decoder,got up,15005,1,0.9992,7.1763
5,decoder,got up,15005,1,0.9997,8.1822
5,decoder,got up,15005,1,0.9989,6.8151
5,decoder,got up,15005,1,0.9993,7.2212
5,decoder,got up,15005,1,0.9997,8.0022
5,decoder,got up,15005,1,0.9992,7.1484
5,decoder,got up,15005,1,0.9998,8.5851
5,decoder,got up,15005,1,0.9974,5.9327
5,decoder,got up,15005,1,0.9999,9.0158
5,decoder,got up,15005,1,0.9991,6.9668
5,decoder,got up,15005,1,0.9993,7.228
5,decoder,got up,15005,1,0.9999,9.0044
5,decoder,got up,15005,1,0.9999,9.7581
5,decoder,got up,15005,1,0.9999,9.0871
5,decoder,got up,15005,1,0.9998,8.6515
5,decoder,went up,17952,1,1.0,10.4559
5,decoder,went up,17952,1,0.9996,7.7963
5,decoder,went up,17952,1,0.9999,9.388
5,decoder,went up,17952,1,0.9999,9.4256
5,decoder,went up,17952,1,1.0,10.0441
5,decoder,went up,17952,1,1.0,10.7004
5,decoder,went up,17952,1,0.9998,8.2956
5,decoder,went up,17952,1,0.9999,9.4335
5,decoder,went up,17952,1,1.0,10.293
5,decoder,went up,17952,1,0.9958,5.4598
5,decoder,went up,17952,1,0.9999,9.2462
5,decoder,went up,17952,1,0.9997,8.1967
5,decoder,went up,17952,1,0.9996,7.8346
5,decoder,went up,17952,1,1.0,11.1931
5,decoder,went up,17952,1,0.9997,8.2324
5,decoder,went up,17952,1,1.0,10.2247
5,decoder,went up,17952,1,1.0,10.5644
5,decoder,went up,17952,1,0.9999,9.3366
5,decoder,went up,17952,1,1.0,10.2958
5,decoder,went up,17952,1,1.0,9.9624
5,decoder,took up,13025,1,0.9995,7.6268
5,decoder,took up,13025,1,0.9996,7.8394
5,decoder,took up,13025,1,0.9987,6.6296
5,decoder,took up,13025,1,0.9997,7.9766
5,decoder,took up,13025,1,0.9996,7.8367
5,decoder,took up,13025,1,0.9998,8.5506
5,decoder,took up,13025,1,0.999,6.9566
5,decoder,took up,13025,1,0.9996,7.9038
5,decoder,took up,13025,1,0.9998,8.4835
5,decoder,took up,13025,1,1.0,10.7077
5,decoder,took up,13025,1,0.9989,6.8161
5,decoder,took up,13025,1,0.9992,7.1387
5,decoder,took up,13025,1,0.9983,6.3577
5,decoder,took up,13025,1,1.0,11.5199
5,decoder,took up,13025,1,1.0,10.5756
5,decoder,took up,13025,1,0.9996,7.9344
5,decoder,took up,13025,1,1.0,10.6856
5,decoder,took up,13025,1,1.0,11.0534
5,decoder,took up,13025,1,0.9997,8.2251
5,decoder,took up,13025,1,0.9991,7.0159
5,decoder,give up,74627,1,0.9975,5.984
5,decoder,give up,74627,1,0.9997,7.9654
5,decoder,give up,74627,1,1.0,10.8467
5,decoder,give up,74627,1,1.0,10.293
5,decoder,give up,74627,1,0.998,6.1929
5,decoder,give up,74627,1,0.9998,8.4917
5,decoder,give up,74627,1,0.999,6.8879
5,decoder,give up,74627,1,0.9976,6.0404
5,decoder,give up,74627,1,0.995,5.2887
5,decoder,give up,74627,1,0.9991,6.9587
5,decoder,give up,74627,1,0.9997,7.9612
5,decoder,give up,74627,1,1.0,10.399
5,decoder,give up,74627,1,1.0,10.5011
5,decoder,give up,74627,1,0.9925,4.8794
5,decoder,give up,74627,1,0.9991,7.0057
5,decoder,give up,74627,1,0.9996,7.8088
5,decoder,give up,74627,1,0.9968,5.7487
5,decoder,give up,74627,1,0.9987,6.6193
5,decoder,give up,74627,1,0.9997,8.0837
5,decoder,give up,74627,1,0.9997,8.0837
5,decoder,make up,102937,1,0.9996,7.7162
5,decoder,make up,102937,1,1.0,10.7272
5,decoder,make up,102937,1,0.9985,6.5275
5,decoder,make up,102937,1,0.9999,8.8255
5,decoder,make up,102937,1,0.9999,9.0861
5,decoder,make up,102937,1,0.9972,5.8815
5,decoder,make up,102937,1,0.999,6.9569
5,decoder,make up,102937,1,0.9998,8.4281
5,decoder,make up,102937,1,1.0,10.0149
5,decoder,make up,102937,1,0.9999,9.011
5,decoder,make up,102937,1,0.9998,8.4992
5,decoder,make up,102937,1,1.0,11.4086
5,decoder,make up,102937,1,0.9996,7.8078
5,decoder,make up,102937,1,0.9936,5.046
5,decoder,make up,102937,1,0.9989,6.8263
5,decoder,make up,102937,1,0.9994,7.4406
5,decoder,make up,102937,1,0.9992,7.119
5,decoder,make up,102937,1,0.9999,9.5005
5,decoder,make up,102937,1,1.0,10.408
5,decoder,make up,102937,1,0.9994,7.4923
5,decoder,get up,56535,1,0.9995,7.6466
5,decoder,get up,56535,1,0.9998,8.7746
5,decoder,get up,56535,1,0.9999,9.4283
5,decoder,get up,56535,1,0.9993,7.3033
5,decoder,get up,56535,1,0.9997,7.9891
5,decoder,get up,56535,1,0.9998,8.5279
5,decoder,get up,56535,1,0.9999,9.3737
5,decoder,get up,56535,1,0.9999,8.9911
5,decoder,get up,56535,1,1.0,9.9538
5,decoder,get up,56535,1,1.0,10.5178
5,decoder,get up,56535,1,0.9999,8.8532
5,decoder,get up,56535,1,0.9999,9.4591
5,decoder,get up,56535,1,0.9999,9.4591
5,decoder,get up,56535,1,0.9997,8.201
5,decoder,get up,56535,1,1.0,10.6477
5,decoder,get up,56535,1,0.9998,8.4602
5,decoder,get up,56535,1,1.0,10.4517
5,decoder,get up,56535,1,0.9998,8.7925
5,decoder,get up,56535,1,1.0,10.9773
5,decoder,get up,56535,1,0.998,6.2167
5,decoder,come up,162149,1,0.9999,9.1933
5,decoder,come up,162149,1,0.9998,8.6695
5,decoder,come up,162149,1,0.9996,7.8322
5,decoder,come up,162149,1,0.9998,8.649
5,decoder,come up,162149,1,0.9998,8.7302
5,decoder,come up,162149,1,1.0,9.9895
5,decoder,come up,162149,1,0.9999,8.8485
5,decoder,come up,162149,1,0.9995,7.6659
5,decoder,come up,162149,1,0.9999,9.1963
5,decoder,come up,162149,1,0.9995,7.6557
5,decoder,come up,162149,1,0.9997,8.221
5,decoder,come up,162149,1,1.0,10.0898
5,decoder,come up,162149,1,0.9999,9.8027
5,decoder,come up,162149,1,0.9994,7.4811
5,decoder,come up,162149,1,0.9999,9.7952
5,decoder,come up,162149,1,1.0,10.085
5,decoder,come up,162149,1,0.9998,8.3028
5,decoder,come up,162149,1,0.9983,6.362
5,decoder,come up,162149,1,0.9999,9.0741
5,decoder,come up,162149,1,0.9999,9.4301
5,decoder,stood up,9944,1,0.9998,8.4109
5,decoder,stood up,9944,1,0.9999,9.5728
5,decoder,stood up,9944,1,0.9999,9.4543
5,decoder,stood up,9944,1,0.9995,7.6827
5,decoder,stood up,9944,1,0.9997,8.1106
5,decoder,stood up,9944,1,1.0,11.217
5,decoder,stood up,9944,1,1.0,11.3253
5,decoder,stood up,9944,1,1.0,10.3305
5,decoder,stood up,9944,1,0.9998,8.3969
5,decoder,stood up,9944,1,0.9998,8.3813
5,decoder,stood up,9944,1,0.9993,7.3212
5,decoder,stood up,9944,1,1.0,10.1902
5,decoder,stood up,9944,1,0.9999,8.8658
5,decoder,stood up,9944,1,1.0,10.403
5,decoder,stood up,9944,1,0.999,6.8742
5,decoder,stood up,9944,1,0.9998,8.6092
5,decoder,stood up,9944,1,0.9997,8.1516
5,decoder,stood up,9944,1,0.9997,8.2934
5,decoder,stood up,9944,1,0.9999,8.9905
5,decoder,stood up,9944,1,0.9999,9.1134
5,decoder,put up,49797,1,0.9998,8.4843
5,decoder,put up,49797,1,0.9987,6.6296
5,decoder,put up,49797,1,1.0,10.6795
5,decoder,put up,49797,1,0.9971,5.8327
5,decoder,put up,49797,1,0.9978,6.1218
5,decoder,put up,49797,1,0.9999,8.8123
5,decoder,put up,49797,1,0.9994,7.3629
5,decoder,put up,49797,1,1.0,11.6772
5,decoder,put up,49797,1,0.9998,8.3922
5,decoder,put up,49797,1,0.9998,8.3026
5,decoder,put up,49797,1,0.9999,9.4225
5,decoder,put up,49797,1,0.9999,8.9844
5,decoder,put up,49797,1,0.9953,5.3661
5,decoder,put up,49797,1,0.9992,7.1583
5,decoder,put up,49797,1,0.9998,8.7079
5,decoder,put up,49797,1,0.9997,8.2665
5,decoder,put up,49797,1,0.9997,8.1632
5,decoder,put up,49797,1,0.9996,7.8117
5,decoder,put up,49797,1,0.9995,7.5614
5,decoder,put up,49797,1,0.9999,8.9554
5,decoder,looking up,12211,1,1.0,10.2451
5,decoder,looking up,12211,1,1.0,11.1301
5,decoder,looking up,12211,1,0.9997,8.1009
5,decoder,looking up,12211,1,0.9999,8.9372
5,decoder,looking up,12211,1,0.9997,7.9835
5,decoder,looking up,12211,1,0.9997,8.0164
5,decoder,looking up,12211,1,1.0,11.3839
5,decoder,looking up,12211,1,0.9999,9.1608
5,decoder,looking up,12211,1,0.9995,7.5857
5,decoder,looking up,12211,1,1.0,10.1527
5,decoder,looking up,12211,1,0.9999,9.6676
5,decoder,looking up,12211,1,0.9996,7.9257
5,decoder,looking up,12211,1,0.9999,8.9777
5,decoder,looking up,12211,1,0.9994,7.4127
5,decoder,looking up,12211,1,0.9991,7.0486
5,decoder,looking up,12211,1,0.9998,8.8042
5,decoder,looking up,12211,1,0.9983,6.3892
5,decoder,looking up,12211,1,0.9998,8.6457
5,decoder,looking up,12211,1,1.0,10.4722
5,decoder,looking up,12211,1,0.9996,7.8547
5,decoder,go up,36998,1,0.9999,9.7103
5,decoder,go up,36998,1,0.9999,9.857
5,decoder,go up,36998,1,0.9999,9.1018
5,decoder,go up,36998,1,0.9999,9.7746
5,decoder,go up,36998,1,0.9997,8.1057
5,decoder,go up,36998,1,0.9999,9.1231
5,decoder,go up,36998,1,0.9995,7.5638
5,decoder,go up,36998,1,1.0,10.598
5,decoder,go up,36998,1,1.0,11.842
5,decoder,go up,36998,1,1.0,11.1427
5,decoder,go up,36998,1,1.0,11.5139
5,decoder,go up,36998,1,0.9999,9.1498
5,decoder,go up,36998,1,0.9988,6.7222
5,decoder,go up,36998,1,1.0,9.9463
5,decoder,go up,36998,1,0.9999,9.6418
5,decoder,go up,36998,1,1.0,10.235
5,decoder,go up,36998,1,0.9999,9.1074
5,decoder,go up,36998,1,0.9999,9.5877
5,decoder,go up,36998,1,0.9993,7.3135
5,decoder,go up,36998,1,1.0,9.9684
5,decoder,take up,60004,1,0.9993,7.2169
5,decoder,take up,60004,1,1.0,10.4408
5,decoder,take up,60004,1,0.9984,6.4386
5,decoder,take up,60004,1,0.9994,7.4513
5,decoder,take up,60004,1,0.9998,8.439
5,decoder,take up,60004,1,0.9965,5.6563
5,decoder,take up,60004,1,0.9998,8.3723
5,decoder,take up,60004,1,0.9997,8.0205
5,decoder,take up,60004,1,0.9999,9.2447
5,decoder,take up,60004,1,1.0,11.2316
5,decoder,take up,60004,1,0.9985,6.4953
5,decoder,take up,60004,1,0.9998,8.3033
5,decoder,take up,60004,1,0.9997,7.9763
5,decoder,take up,60004,1,0.9985,6.5189
5,decoder,take up,60004,1,0.9998,8.424
5,decoder,take up,60004,1,0.9999,9.8768
5,decoder,take up,60004,1,0.9998,8.618
5,decoder,take up,60004,1,1.0,11.2523
5,decoder,take up,60004,1,0.9948,5.2548
5,decoder,take up,60004,1,0.9989,6.8557
5,decoder,set up,390086,1,0.9999,9.5634
5,decoder,set up,390086,1,1.0,11.4137
5,decoder,set up,390086,1,1.0,10.2302
5,decoder,set up,390086,1,1.0,10.7151
5,decoder,set up,390086,1,0.9998,8.7002
5,decoder,set up,390086,1,0.9999,9.025
5,decoder,set up,390086,1,0.9999,9.5053
5,decoder,set up,390086,1,1.0,10.0045
5,decoder,set up,390086,1,0.9995,7.6647
5,decoder,set up,390086,1,0.9999,9.3509
5,decoder,set up,390086,1,1.0,10.2569
5,decoder,set up,390086,1,1.0,10.7332
5,decoder,set up,390086,1,0.9996,7.8294
5,decoder,set up,390086,1,0.9999,9.1937
5,decoder,set up,390086,1,1.0,10.3576
5,decoder,set up,390086,1,1.0,9.9838
5,decoder,set up,390086,1,1.0,10.3231
5,decoder,set up,390086,1,1.0,10.5572
5,decoder,set up,390086,1,1.0,10.0526
5,decoder,set up,390086,1,1.0,10.3626
5,decoder,given up,16018,1,0.9995,7.5954
5,decoder,given up,16018,1,1.0,11.1347
5,decoder,given up,16018,1,0.9994,7.4179
5,decoder,given up,16018,1,0.9999,9.3227
5,decoder,given up,16018,1,1.0,10.2046
5,decoder,given up,16018,1,1.0,11.001
5,decoder,given up,16018,1,0.9996,7.9151
5,decoder,given up,16018,1,1.0,11.531
5,decoder,given up,16018,1,0.9999,8.984
5,decoder,given up,16018,1,0.9999,9.5844
5,decoder,given up,16018,1,1.0,11.7372
5,decoder,given up,16018,1,1.0,11.2649
5,decoder,given up,16018,1,0.9999,9.408
5,decoder,given up,16018,1,0.9999,8.9802
5,decoder,given up,16018,1,0.9997,8.286
5,decoder,given up,16018,1,1.0,10.4094
5,decoder,given up,16018,1,0.9999,9.0234
5,decoder,given up,16018,1,0.9999,9.8428
5,decoder,given up,16018,1,0.9993,7.2085
5,decoder,given up,16018,1,0.9998,8.5478
5,decoder,gave up,25568,1,0.9999,9.5278
5,decoder,gave up,25568,1,0.9996,7.7189
5,decoder,gave up,25568,1,0.9993,7.202
5,decoder,gave up,25568,1,0.9997,8.2555
5,decoder,gave up,25568,1,0.9964,5.6225
5,decoder,gave up,25568,1,0.9994,7.4377
5,decoder,gave up,25568,1,1.0,9.9337
5,decoder,gave up,25568,1,0.9994,7.4744
5,decoder,gave up,25568,1,1.0,10.2777
5,decoder,gave up,25568,1,0.9994,7.4136
5,decoder,gave up,25568,1,0.9996,7.7369
5,decoder,gave up,25568,1,0.9998,8.592
5,decoder,gave up,25568,1,0.9995,7.5991
5,decoder,gave up,25568,1,1.0,10.27
5,decoder,gave up,25568,1,0.9985,6.501
5,decoder,gave up,25568,1,0.9997,8.0996
5,decoder,gave up,25568,1,0.9996,7.9061
5,decoder,gave up,25568,1,0.9995,7.6073
5,decoder,gave up,25568,1,0.9999,8.8316
5,decoder,gave up,25568,1,1.0,10.9791
5,decoder,grown up,21288,1,1.0,10.4704
5,decoder,grown up,21288,1,0.9992,7.0804
5,decoder,grown up,21288,1,0.9997,8.0727
5,decoder,grown up,21288,1,0.9991,6.97
5,decoder,grown up,21288,1,0.9996,7.8457
5,decoder,grown up,21288,1,0.9999,9.5708
5,decoder,grown up,21288,1,1.0,10.2771
5,decoder,grown up,21288,1,0.9997,8.2085
5,decoder,grown up,21288,1,0.9998,8.5284
5,decoder,grown up,21288,1,0.9994,7.4128
5,decoder,grown up,21288,1,0.9985,6.4686
5,decoder,grown up,21288,1,0.9999,9.3407
5,decoder,grown up,21288,1,0.9998,8.3125
5,decoder,grown up,21288,1,0.9953,5.3565
5,decoder,grown up,21288,1,0.9999,9.3545
5,decoder,grown up,21288,1,0.9997,8.0698
5,decoder,grown up,21288,1,0.9992,7.1586
5,decoder,grown up,21288,1,0.9999,9.1777
5,decoder,grown up,21288,1,0.9999,9.0077
5,decoder,grown up,21288,1,0.9999,9.492
5,decoder,going up,18833,1,0.9999,9.857
5,decoder,going up,18833,1,0.9999,9.3836
5,decoder,going up,18833,1,1.0,10.1603
5,decoder,going up,18833,1,0.9985,6.519
5,decoder,going up,18833,1,0.9999,9.5295
5,decoder,going up,18833,1,0.9993,7.24
5,decoder,going up,18833,1,0.9999,9.3003
5,decoder,going up,18833,1,1.0,11.696
5,decoder,going up,18833,1,0.9999,9.6047
5,decoder,going up,18833,1,1.0,10.8277
5,decoder,going up,18833,1,0.9999,9.2125
5,decoder,going up,18833,1,0.9997,8.1942
5,decoder,going up,18833,1,0.9996,7.7596
5,decoder,going up,18833,1,0.9999,9.7402
5,decoder,going up,18833,1,0.9999,8.8453
5,decoder,going up,18833,1,1.0,10.2261
5,decoder,going up,18833,1,1.0,11.0306
5,decoder,going up,18833,1,0.9997,8.1432
5,decoder,going up,18833,1,0.9997,8.2181
5,decoder,going up,18833,1,0.9999,9.7299
5,decoder,pick up,178378,1,0.9999,9.1891
5,decoder,pick up,178378,1,0.9978,6.1288
5,decoder,pick up,178378,1,0.9999,9.5677
5,decoder,pick up,178378,1,0.9986,6.59
5,decoder,pick up,178378,1,0.9999,9.5922
5,decoder,pick up,178378,1,0.9998,8.4274
5,decoder,pick up,178378,1,0.9998,8.6147
5,decoder,pick up,178378,1,0.9998,8.667
5,decoder,pick up,178378,1,0.9999,8.8384
5,decoder,pick up,178378,1,0.9999,9.3721
5,decoder,pick up,178378,1,0.9998,8.3961
5,decoder,pick up,178378,1,0.9999,9.0146
5,decoder,pick up,178378,1,0.9999,9.0696
5,decoder,pick up,178378,1,0.9999,8.9484
5,decoder,pick up,178378,1,0.9982,6.3211
5,decoder,pick up,178378,1,0.9991,6.9953
5,decoder,pick up,178378,1,0.9997,7.9722
5,decoder,pick up,178378,1,0.9999,9.1381
5,decoder,pick up,178378,1,0.9993,7.2106
5,decoder,pick up,178378,1,0.9992,7.1115
5,decoder,getting up,11878,1,0.999,6.8801
5,decoder,getting up,11878,1,0.9999,9.3204
5,decoder,getting up,11878,1,1.0,10.3353
5,decoder,getting up,11878,1,1.0,11.2638
5,decoder,getting up,11878,1,0.9982,6.2947
5,decoder,getting up,11878,1,0.9996,7.8042
5,decoder,getting up,11878,1,0.9998,8.5415
5,decoder,getting up,11878,1,0.9998,8.4697
5,decoder,getting up,11878,1,0.9997,8.0222
5,decoder,getting up,11878,1,0.9998,8.5378
5,decoder,getting up,11878,1,0.9999,9.1336
5,decoder,getting up,11878,1,0.9999,9.8819
5,decoder,getting up,11878,1,0.9998,8.5393
5,decoder,getting up,11878,1,0.9989,6.8452
5,decoder,getting up,11878,1,0.9998,8.381
5,decoder,getting up,11878,1,1.0,10.0897
5,decoder,getting up,11878,1,0.9999,9.8113
5,decoder,getting up,11878,1,1.0,11.014
5,decoder,getting up,11878,1,0.9995,7.6758
5,decoder,getting up,11878,1,0.9998,8.6326
5,decoder,look up,34160,1,0.9999,9.6097
5,decoder,look up,34160,1,0.9998,8.4062
5,decoder,look up,34160,1,0.9993,7.2954
5,decoder,look up,34160,1,1.0,10.5584
5,decoder,look up,34160,1,0.9999,9.5107
5,decoder,look up,34160,1,0.9998,8.4865
5,decoder,look up,34160,1,1.0,10.2977
5,decoder,look up,34160,1,0.9998,8.3806
5,decoder,look up,34160,1,0.9996,7.7101
5,decoder,look up,34160,1,0.9999,9.5076
5,decoder,look up,34160,1,1.0,10.5104
5,decoder,look up,34160,1,1.0,10.2731
5,decoder,look up,34160,1,0.9994,7.4361
5,decoder,look up,34160,1,0.9999,9.3252
5,decoder,look up,34160,1,0.9999,9.4865
5,decoder,look up,34160,1,0.9997,7.9807
5,decoder,look up,34160,1,1.0,10.4038
5,decoder,look up,34160,1,0.9993,7.2164
5,decoder,look up,34160,1,0.9998,8.3593
5,decoder,look up,34160,1,0.9999,8.9321
5,decoder,held up,12195,1,0.9996,7.8762
5,decoder,held up,12195,1,0.9998,8.4934
5,decoder,held up,12195,1,1.0,10.1727
5,decoder,held up,12195,1,0.9997,8.1188
5,decoder,held up,12195,1,0.9991,6.9813
5,decoder,held up,12195,1,0.9994,7.4215
5,decoder,held up,12195,1,0.9999,9.5846
5,decoder,held up,12195,1,0.9996,7.7145
5,decoder,held up,12195,1,0.9999,9.3751
5,decoder,held up,12195,1,0.9997,8.252
5,decoder,held up,12195,1,0.9999,9.1537
5,decoder,held up,12195,1,1.0,10.4795
5,decoder,held up,12195,1,0.9992,7.0783
5,decoder,held up,12195,1,0.9998,8.6029
5,decoder,held up,12195,1,0.9997,8.1936
5,decoder,held up,12195,1,1.0,10.3352
5,decoder,held up,12195,1,0.9999,9.1624
5,decoder,held up,12195,1,1.0,10.0412
5,decoder,held up,12195,1,0.9992,7.1509
5,decoder,held up,12195,1,0.9999,9.5627
5,decoder,drawn up,6190,1,1.0,10.1196
5,decoder,drawn up,6190,1,1.0,10.2418
5,decoder,drawn up,6190,1,1.0,11.7007
5,decoder,drawn up,6190,1,1.0,10.5834
5,decoder,drawn up,6190,1,1.0,12.2722
5,decoder,drawn up,6190,1,1.0,11.94
5,decoder,drawn up,6190,1,0.9956,5.4167
5,decoder,drawn up,6190,1,1.0,10.8103
5,decoder,drawn up,6190,1,1.0,11.7225
5,decoder,drawn up,6190,1,1.0,11.7165
5,decoder,drawn up,6190,1,1.0,10.6304
5,decoder,drawn up,6190,1,1.0,10.7312
5,decoder,drawn up,6190,1,1.0,10.7149
5,decoder,drawn up,6190,1,1.0,10.3323
5,decoder,drawn up,6190,1,0.9999,9.0678
5,decoder,drawn up,6190,1,1.0,11.8519
5,decoder,drawn up,6190,1,1.0,11.4671
5,decoder,drawn up,6190,1,1.0,12.2481
5,decoder,drawn up,6190,1,1.0,12.0945
5,decoder,drawn up,6190,1,1.0,13.0918
5,decoder,coming up,63516,1,0.9996,7.7587
5,decoder,coming up,63516,1,1.0,10.3194
5,decoder,coming up,63516,1,0.9991,6.9867
5,decoder,coming up,63516,1,0.9997,8.1591
5,decoder,coming up,63516,1,0.9998,8.3514
5,decoder,coming up,63516,1,0.9999,9.4156
5,decoder,coming up,63516,1,1.0,10.2023
5,decoder,coming up,63516,1,0.9985,6.5333
5,decoder,coming up,63516,1,0.9996,7.87
5,decoder,coming up,63516,1,0.9999,9.125
5,decoder,coming up,63516,1,0.9997,8.0354
5,decoder,coming up,63516,1,0.9999,9.4409
5,decoder,coming up,63516,1,0.9997,8.0557
5,decoder,coming up,63516,1,0.9995,7.5872
5,decoder,coming up,63516,1,0.9999,9.1704
5,decoder,coming up,63516,1,0.9999,9.4691
5,decoder,coming up,63516,1,0.9999,9.8935
5,decoder,coming up,63516,1,0.9998,8.507
5,decoder,coming up,63516,1,0.9999,8.8401
5,decoder,coming up,63516,1,0.9999,9.5962
5,decoder,lifted up,2934,1,0.9996,7.7205
5,decoder,lifted up,2934,1,0.9996,7.9506
5,decoder,lifted up,2934,1,0.9989,6.7814
5,decoder,lifted up,2934,1,1.0,10.458
5,decoder,lifted up,2934,1,0.9999,8.9831
5,decoder,lifted up,2934,1,0.9996,7.874
5,decoder,lifted up,2934,1,1.0,10.3506
5,decoder,lifted up,2934,1,0.9991,6.9631
5,decoder,lifted up,2934,1,0.9998,8.4726
5,decoder,lifted up,2934,1,0.9992,7.1801
5,decoder,lifted up,2934,1,1.0,10.5223
5,decoder,lifted up,2934,1,0.9997,7.9849
5,decoder,lifted up,2934,1,0.9999,9.2137
5,decoder,lifted up,2934,1,0.9999,9.343
5,decoder,lifted up,2934,1,0.9999,9.3133
5,decoder,lifted up,2934,1,1.0,10.1929
5,decoder,lifted up,2934,1,0.9995,7.5656
5,decoder,lifted up,2934,1,0.9997,7.9598
5,decoder,lifted up,2934,1,0.9993,7.2322
5,decoder,lifted up,2934,1,0.9997,8.0295
5,decoder,turned up,13230,1,0.9999,9.2092
5,decoder,turned up,13230,1,0.9997,8.0068
5,decoder,turned up,13230,1,0.9995,7.6618
5,decoder,turned up,13230,1,0.9998,8.6983
5,decoder,turned up,13230,1,1.0,10.8469
5,decoder,turned up,13230,1,0.9991,7.004
5,decoder,turned up,13230,1,0.9999,9.1221
5,decoder,turned up,13230,1,0.9998,8.4502
5,decoder,turned up,13230,1,0.9994,7.4005
5,decoder,turned up,13230,1,0.9998,8.5568
5,decoder,turned up,13230,1,0.999,6.9398
5,decoder,turned up,13230,1,0.9999,9.7678
5,decoder,turned up,13230,1,0.9995,7.6387
5,decoder,turned up,13230,1,0.9997,8.2701
5,decoder,turned up,13230,1,0.9997,8.2316
5,decoder,turned up,13230,1,0.9975,5.9801
5,decoder,turned up,13230,1,0.9999,9.3131
5,decoder,turned up,13230,1,0.9999,8.9999
5,decoder,turned up,13230,1,0.9998,8.3954
5,decoder,turned up,13230,1,0.9998,8.3994
5,decoder,kept up,9168,1,1.0,10.2809
5,decoder,kept up,9168,1,0.9998,8.6878
5,decoder,kept up,9168,1,0.9995,7.6568
5,decoder,kept up,9168,1,0.9999,8.8416
5,decoder,kept up,9168,1,0.9995,7.6086
5,decoder,kept up,9168,1,0.9994,7.3494
5,decoder,kept up,9168,1,1.0,10.4189
5,decoder,kept up,9168,1,1.0,10.3629
5,decoder,kept up,9168,1,1.0,10.8238
5,decoder,kept up,9168,1,0.9999,8.8712
5,decoder,kept up,9168,1,0.9999,9.6981
5,decoder,kept up,9168,1,0.9999,8.9692
5,decoder,kept up,9168,1,0.9999,9.7825
5,decoder,kept up,9168,1,0.9998,8.4343
5,decoder,kept up,9168,1,0.9998,8.6516
5,decoder,kept up,9168,1,0.9996,7.849
5,decoder,kept up,9168,1,0.9998,8.3395
5,decoder,kept up,9168,1,0.9997,8.0389
5,decoder,kept up,9168,1,0.9995,7.5706
5,decoder,kept up,9168,1,0.9999,9.5399
5,decoder,sprang up,1274,1,1.0,11.1171
5,decoder,sprang up,1274,1,0.9999,9.036
5,decoder,sprang up,1274,1,1.0,11.718
5,decoder,sprang up,1274,1,0.9999,9.3034
5,decoder,sprang up,1274,1,1.0,11.0326
5,decoder,sprang up,1274,1,0.9998,8.7781
5,decoder,sprang up,1274,1,1.0,10.8773
5,decoder,sprang up,1274,1,0.9999,9.0805
5,decoder,sprang up,1274,1,1.0,10.2031
5,decoder,sprang up,1274,1,0.9999,9.5855
5,decoder,sprang up,1274,1,0.9999,9.4585
5,decoder,sprang up,1274,1,0.9998,8.6314
5,decoder,sprang up,1274,1,1.0,11.5395
5,decoder,sprang up,1274,1,0.9999,9.6756
5,decoder,sprang up,1274,1,1.0,10.1253
5,decoder,sprang up,1274,1,0.9999,9.2593
5,decoder,sprang up,1274,1,0.9999,9.84
5,decoder,sprang up,1274,1,0.9997,8.2779
5,decoder,sprang up,1274,1,1.0,10.64
5,decoder,sprang up,1274,1,1.0,10.8542
5,decoder,climbed up,2483,1,0.9991,7.0598
5,decoder,climbed up,2483,1,0.9989,6.8161
5,decoder,climbed up,2483,1,0.9994,7.3669
5,decoder,climbed up,2483,1,0.9998,8.6882
5,decoder,climbed up,2483,1,0.9991,6.9825
5,decoder,climbed up,2483,1,0.9996,7.9055
5,decoder,climbed up,2483,1,0.9986,6.5648
5,decoder,climbed up,2483,1,0.9993,7.2932
5,decoder,climbed up,2483,1,0.9999,9.837
5,decoder,climbed up,2483,1,0.999,6.8792
5,decoder,climbed up,2483,1,0.9985,6.5102
5,decoder,climbed up,2483,1,0.9995,7.6784
5,decoder,climbed up,2483,1,0.9995,7.5331
5,decoder,climbed up,2483,1,0.9999,9.4384
5,decoder,climbed up,2483,1,0.9998,8.3507
5,decoder,climbed up,2483,1,0.9995,7.5873
5,decoder,climbed up,2483,1,0.9986,6.5526
5,decoder,climbed up,2483,1,0.9998,8.6971
5,decoder,climbed up,2483,1,0.9999,9.1956
5,decoder,climbed up,2483,1,0.999,6.9315
5,decoder,drew up,1643,1,0.9979,6.1467
5,decoder,drew up,1643,1,0.9968,5.7552
5,decoder,drew up,1643,1,0.9998,8.6477
5,decoder,drew up,1643,1,1.0,11.0337
5,decoder,drew up,1643,1,0.9953,5.3613
5,decoder,drew up,1643,1,0.9991,7.0071
5,decoder,drew up,1643,1,0.9999,8.8698
5,decoder,drew up,1643,1,0.9996,7.9252
5,decoder,drew up,1643,1,0.9995,7.699
5,decoder,drew up,1643,1,0.9999,9.0777
5,decoder,drew up,1643,1,0.9981,6.24
5,decoder,drew up,1643,1,0.9999,9.6738
5,decoder,drew up,1643,1,0.9998,8.5166
5,decoder,drew up,1643,1,0.9999,9.0767
5,decoder,drew up,1643,1,0.9994,7.3476
5,decoder,drew up,1643,1,0.9999,8.9188
5,decoder,drew up,1643,1,0.9999,9.2127
5,decoder,drew up,1643,1,0.9997,8.19
5,decoder,drew up,1643,1,0.9978,6.098
5,decoder,drew up,1643,1,0.9979,6.1869
5,decoder,picked up,109067,1,0.9981,6.2817
5,decoder,picked up,109067,1,0.9998,8.6673
5,decoder,picked up,109067,1,1.0,10.727
5,decoder,picked up,109067,1,0.9988,6.6991
5,decoder,picked up,109067,1,0.9993,7.3244
5,decoder,picked up,109067,1,0.9999,9.4971
5,decoder,picked up,109067,1,0.9996,7.8753
5,decoder,picked up,109067,1,0.9992,7.1286
5,decoder,picked up,109067,1,1.0,10.403
5,decoder,picked up,109067,1,0.9998,8.3524
5,decoder,picked up,109067,1,0.9999,9.7098
5,decoder,picked up,109067,1,0.9987,6.6499
5,decoder,picked up,109067,1,0.9984,6.4636
5,decoder,picked up,109067,1,0.9986,6.5532
5,decoder,picked up,109067,1,0.9929,4.9359
5,decoder,picked up,109067,1,0.9999,9.035
5,decoder,picked up,109067,1,0.9994,7.4728
5,decoder,picked up,109067,1,0.998,6.2061
5,decoder,picked up,109067,1,0.9999,8.8249
5,decoder,picked up,109067,1,0.9997,8.2399
5,decoder,keep up,94424,1,0.9991,7.0435
5,decoder,keep up,94424,1,1.0,10.4816
5,decoder,keep up,94424,1,0.9996,7.8984
5,decoder,keep up,94424,1,0.9999,9.6923
5,decoder,keep up,94424,1,0.9997,8.1113
5,decoder,keep up,94424,1,0.9985,6.4802
5,decoder,keep up,94424,1,0.9998,8.6165
5,decoder,keep up,94424,1,0.9998,8.6691
5,decoder,keep up,94424,1,0.9996,7.8824
5,decoder,keep up,94424,1,0.9985,6.48
5,decoder,keep up,94424,1,0.9987,6.6109
5,decoder,keep up,94424,1,0.999,6.8875
5,decoder,keep up,94424,1,0.9993,7.3006
5,decoder,keep up,94424,1,0.9999,9.8948
5,decoder,keep up,94424,1,0.9999,9.2488
5,decoder,keep up,94424,1,1.0,11.325
5,decoder,keep up,94424,1,1.0,10.92
5,decoder,keep up,94424,1,0.9999,9.5399
5,decoder,keep up,94424,1,0.996,5.5161
5,decoder,keep up,94424,1,0.9991,6.9791
5,decoder,started up,3957,1,0.9979,6.1429
5,decoder,started up,3957,1,0.9987,6.6656
5,decoder,started up,3957,1,0.9989,6.8379
5,decoder,started up,3957,1,0.9997,8.0626
5,decoder,started up,3957,1,0.999,6.8803
5,decoder,started up,3957,1,0.9991,7.0408
5,decoder,started up,3957,1,0.9993,7.3067
5,decoder,started up,3957,1,0.9991,7.0286
5,decoder,started up,3957,1,0.9971,5.8269
5,decoder,started up,3957,1,0.9974,5.9345
5,decoder,started up,3957,1,0.9998,8.7485
5,decoder,started up,3957,1,0.9995,7.5203
5,decoder,started up,3957,1,0.9995,7.5438
5,decoder,started up,3957,1,1.0,9.9825
5,decoder,started up,3957,1,1.0,10.2058
5,decoder,started up,3957,1,0.9995,7.5305
5,decoder,started up,3957,1,0.999,6.9102
5,decoder,started up,3957,1,0.9999,9.1852
5,decoder,started up,3957,1,0.9996,7.9503
5,decoder,started up,3957,1,0.9992,7.1709
5,decoder,grow up,29787,1,1.0,10.3002
5,decoder,grow up,29787,1,0.9999,9.7888
5,decoder,grow up,29787,1,0.9998,8.3741
5,decoder,grow up,29787,1,0.9997,8.1406
5,decoder,grow up,29787,1,1.0,10.9856
5,decoder,grow up,29787,1,0.9996,7.9172
5,decoder,grow up,29787,1,0.9992,7.0802
5,decoder,grow up,29787,1,0.9997,8.1168
5,decoder,grow up,29787,1,0.9998,8.6977
5,decoder,grow up,29787,1,0.9989,6.8185
5,decoder,grow up,29787,1,1.0,9.9864
5,decoder,grow up,29787,1,0.9998,8.3269
5,decoder,grow up,29787,1,1.0,10.1359
5,decoder,grow up,29787,1,0.9999,9.1899
5,decoder,grow up,29787,1,0.9996,7.8178
5,decoder,grow up,29787,1,1.0,10.3176
5,decoder,grow up,29787,1,1.0,11.0182
5,decoder,grow up,29787,1,0.9998,8.3719
5,decoder,grow up,29787,1,0.9999,9.3118
5,decoder,grow up,29787,1,1.0,12.0398
5,decoder,taking up,17478,1,0.9999,8.98
5,decoder,taking up,17478,1,0.9999,9.5934
5,decoder,taking up,17478,1,0.9999,9.0007
5,decoder,taking up,17478,1,0.9999,8.9536
5,decoder,taking up,17478,1,0.9998,8.3047
5,decoder,taking up,17478,1,0.9995,7.6402
5,decoder,taking up,17478,1,0.9999,8.9546
5,decoder,taking up,17478,1,0.9998,8.5954
5,decoder,taking up,17478,1,0.9999,9.8582
5,decoder,taking up,17478,1,0.9996,7.8795
5,decoder,taking up,17478,1,0.9999,8.9238
5,decoder,taking up,17478,1,1.0,10.0428
5,decoder,taking up,17478,1,0.9995,7.6068
5,decoder,taking up,17478,1,0.9998,8.4691
5,decoder,taking up,17478,1,0.9998,8.3078
5,decoder,taking up,17478,1,0.9998,8.7444
5,decoder,taking up,17478,1,1.0,11.1088
5,decoder,taking up,17478,1,0.9984,6.4234
5,decoder,taking up,17478,1,1.0,12.1004
5,decoder,taking up,17478,1,0.9995,7.6945
5,decoder,brought up,20078,1,0.9993,7.2233
5,decoder,brought up,20078,1,1.0,11.6469
5,decoder,brought up,20078,1,0.9996,7.8471
5,decoder,brought up,20078,1,0.9996,7.713
5,decoder,brought up,20078,1,1.0,10.1581
5,decoder,brought up,20078,1,0.9999,9.8808
5,decoder,brought up,20078,1,1.0,10.6771
5,decoder,brought up,20078,1,0.9998,8.3787
5,decoder,brought up,20078,1,0.9999,9.1332
5,decoder,brought up,20078,1,0.9999,9.5342
5,decoder,brought up,20078,1,1.0,10.732
5,decoder,brought up,20078,1,0.9998,8.4977
5,decoder,brought up,20078,1,1.0,10.6635
5,decoder,brought up,20078,1,1.0,10.0686
5,decoder,brought up,20078,1,0.9999,9.6435
5,decoder,brought up,20078,1,0.9999,9.8542
5,decoder,brought up,20078,1,0.9995,7.701
5,decoder,brought up,20078,1,0.9999,9.3356
5,decoder,brought up,20078,1,0.9999,9.8864
5,decoder,brought up,20078,1,1.0,10.6614
5,decoder,wake up,56308,1,1.0,10.4077
5,decoder,wake up,56308,1,0.998,6.2379
5,decoder,wake up,56308,1,0.9996,7.7633
5,decoder,wake up,56308,1,0.9998,8.3306
5,decoder,wake up,56308,1,0.9995,7.6247
5,decoder,wake up,56308,1,0.9959,5.4886
5,decoder,wake up,56308,1,0.9995,7.5743
5,decoder,wake up,56308,1,0.9992,7.1324
5,decoder,wake up,56308,1,0.9999,9.532
5,decoder,wake up,56308,1,0.9992,7.0793
5,decoder,wake up,56308,1,0.9998,8.3789
5,decoder,wake up,56308,1,0.9988,6.7354
5,decoder,wake up,56308,1,0.9988,6.7354
5,decoder,wake up,56308,1,0.9999,9.1382
5,decoder,wake up,56308,1,0.9999,8.9186
5,decoder,wake up,56308,1,0.9999,9.349
5,decoder,wake up,56308,1,1.0,9.9985
5,decoder,wake up,56308,1,0.9999,9.4222
5,decoder,wake up,56308,1,0.9996,7.9034
5,decoder,wake up,56308,1,0.9998,8.4262
5,decoder,grew up,95068,1,1.0,11.5116
5,decoder,grew up,95068,1,1.0,11.9374
5,decoder,grew up,95068,1,0.9999,9.872
5,decoder,grew up,95068,1,0.9999,9.1183
5,decoder,grew up,95068,1,0.9999,9.7813
5,decoder,grew up,95068,1,0.9999,8.8631
5,decoder,grew up,95068,1,0.9999,8.8621
5,decoder,grew up,95068,1,0.9999,9.8586
5,decoder,grew up,95068,1,1.0,11.6245
5,decoder,grew up,95068,1,1.0,10.9639
5,decoder,grew up,95068,1,1.0,12.2354
5,decoder,grew up,95068,1,0.9999,9.7576
5,decoder,grew up,95068,1,0.9999,9.1517
5,decoder,grew up,95068,1,1.0,10.4201
5,decoder,grew up,95068,1,1.0,10.6394
5,decoder,grew up,95068,1,0.9999,9.1648
5,decoder,grew up,95068,1,1.0,11.072
5,decoder,grew up,95068,1,1.0,10.384
5,decoder,grew up,95068,1,0.9999,9.7678
5,decoder,grew up,95068,1,0.9982,6.3295
5,decoder,filled up,6730,1,0.9978,6.1112
5,decoder,filled up,6730,1,0.9911,4.7112
5,decoder,filled up,6730,1,0.9997,8.0494
5,decoder,filled up,6730,1,0.998,6.194
5,decoder,filled up,6730,1,0.9967,5.7201
5,decoder,filled up,6730,1,0.9821,4.0062
5,decoder,filled up,6730,1,0.9937,5.0612
5,decoder,filled up,6730,1,1.0,10.0104
5,decoder,filled up,6730,1,0.9952,5.3287
5,decoder,filled up,6730,1,0.9962,5.5674
5,decoder,filled up,6730,1,0.9989,6.787
5,decoder,filled up,6730,1,0.9982,6.3234
5,decoder,filled up,6730,1,0.9768,3.742
5,decoder,filled up,6730,1,0.9982,6.3246
5,decoder,filled up,6730,1,0.9996,7.9461
5,decoder,filled up,6730,1,0.9998,8.695
5,decoder,filled up,6730,1,0.994,5.1108
5,decoder,filled up,6730,1,0.9993,7.3355
5,decoder,filled up,6730,1,0.9914,4.7426
5,decoder,filled up,6730,1,0.9905,4.6509
5,decoder,walked up,5113,1,0.9993,7.2036
5,decoder,walked up,5113,1,0.998,6.195
5,decoder,walked up,5113,1,0.9999,9.3243
5,decoder,walked up,5113,1,0.9996,7.8423
5,decoder,walked up,5113,1,0.9998,8.7411
5,decoder,walked up,5113,1,1.0,11.3017
5,decoder,walked up,5113,1,0.9995,7.6254
5,decoder,walked up,5113,1,0.9993,7.2209
5,decoder,walked up,5113,1,0.9987,6.6591
5,decoder,walked up,5113,1,0.9997,8.1429
5,decoder,walked up,5113,1,0.9999,9.5446
5,decoder,walked up,5113,1,1.0,10.4804
5,decoder,walked up,5113,1,0.9999,9.1847
5,decoder,walked up,5113,1,0.9997,8.0351
5,decoder,walked up,5113,1,0.9999,9.5496
5,decoder,walked up,5113,1,0.9999,8.832
5,decoder,walked up,5113,1,1.0,10.0751
5,decoder,walked up,5113,1,0.9998,8.3133
5,decoder,walked up,5113,1,0.9998,8.641
5,decoder,walked up,5113,1,1.0,10.3866
5,decoder,sat up,1664,1,0.9996,7.8137
5,decoder,sat up,1664,1,0.9998,8.5024
5,decoder,sat up,1664,1,0.9998,8.4479
5,decoder,sat up,1664,1,0.9995,7.6713
5,decoder,sat up,1664,1,0.9977,6.0852
5,decoder,sat up,1664,1,1.0,11.084
5,decoder,sat up,1664,1,0.9996,7.8518
5,decoder,sat up,1664,1,0.9998,8.5828
5,decoder,sat up,1664,1,0.9977,6.0754
5,decoder,sat up,1664,1,0.9999,9.5658
5,decoder,sat up,1664,1,0.9999,9.7171
5,decoder,sat up,1664,1,1.0,10.0109
5,decoder,sat up,1664,1,0.9995,7.6972
5,decoder,sat up,1664,1,1.0,9.9649
5,decoder,sat up,1664,1,0.9996,7.8519
5,decoder,sat up,1664,1,0.9998,8.7123
5,decoder,sat up,1664,1,0.9981,6.2904
5,decoder,sat up,1664,1,0.9978,6.1001
5,decoder,sat up,1664,1,0.9992,7.1533
5,decoder,sat up,1664,1,0.9994,7.35
5,decoder,picking up,42873,1,0.9998,8.3405
5,decoder,picking up,42873,1,0.9999,9.7428
5,decoder,picking up,42873,1,1.0,11.242
5,decoder,picking up,42873,1,0.9998,8.7693
5,decoder,picking up,42873,1,1.0,11.1226
5,decoder,picking up,42873,1,0.9998,8.71
5,decoder,picking up,42873,1,0.9996,7.8773
5,decoder,picking up,42873,1,0.9997,8.2665
5,decoder,picking up,42873,1,0.9995,7.6246
5,decoder,picking up,42873,1,1.0,10.2008
5,decoder,picking up,42873,1,0.9997,8.0196
5,decoder,picking up,42873,1,0.9999,9.6734
5,decoder,picking up,42873,1,1.0,10.5921
5,decoder,picking up,42873,1,0.9998,8.4242
5,decoder,picking up,42873,1,0.9995,7.6407
5,decoder,picking up,42873,1,0.9997,8.0318
5,decoder,picking up,42873,1,0.9999,9.2037
5,decoder,picking up,42873,1,1.0,11.9575
5,decoder,picking up,42873,1,0.9997,8.1458
5,decoder,picking up,42873,1,1.0,11.3174
5,decoder,tied up,0,1,0.9994,7.3549
5,decoder,tied up,0,1,0.9999,9.7926
5,decoder,tied up,0,1,1.0,10.3839
5,decoder,tied up,0,1,0.998,6.2274
5,decoder,tied up,0,1,0.9995,7.5981
5,decoder,tied up,0,1,0.9998,8.6327
5,decoder,tied up,0,1,0.9997,8.2904
5,decoder,tied up,0,1,0.9996,7.9542
5,decoder,tied up,0,1,1.0,10.7958
5,decoder,tied up,0,1,0.9999,9.5817
5,decoder,tied up,0,1,0.9998,8.3865
5,decoder,tied up,0,1,0.9994,7.3694
5,decoder,tied up,0,1,0.9999,9.305
5,decoder,tied up,0,1,0.9995,7.5942
5,decoder,tied up,0,1,0.9997,8.0353
5,decoder,tied up,0,1,0.9997,8.0117
5,decoder,tied up,0,1,0.9995,7.5552
5,decoder,tied up,0,1,0.9997,8.1585
5,decoder,tied up,0,1,0.9999,9.0515
5,decoder,tied up,0,1,0.9989,6.8501
5,decoder,rolled up,5906,1,0.9999,9.2474
5,decoder,rolled up,5906,1,0.9997,7.9965
5,decoder,rolled up,5906,1,0.9956,5.4158
5,decoder,rolled up,5906,1,0.9994,7.5002
5,decoder,rolled up,5906,1,0.9972,5.8885
5,decoder,rolled up,5906,1,0.998,6.2064
5,decoder,rolled up,5906,1,0.9955,5.3973
5,decoder,rolled up,5906,1,0.9978,6.1066
5,decoder,rolled up,5906,1,0.9987,6.6685
5,decoder,rolled up,5906,1,0.9955,5.3959
5,decoder,rolled up,5906,1,0.9963,5.5883
5,decoder,rolled up,5906,1,0.9998,8.5079
5,decoder,rolled up,5906,1,0.997,5.8094
5,decoder,rolled up,5906,1,0.9991,6.9737
5,decoder,rolled up,5906,1,0.998,6.19
5,decoder,rolled up,5906,1,0.9998,8.4795
5,decoder,rolled up,5906,1,0.9988,6.7151
5,decoder,rolled up,5906,1,0.999,6.9105
5,decoder,rolled up,5906,1,0.9998,8.639
5,decoder,rolled up,5906,1,0.9996,7.7748
5,decoder,taken up,15119,1,0.9996,7.7569
5,decoder,taken up,15119,1,0.9999,8.9119
5,decoder,taken up,15119,1,0.9999,9.2123
5,decoder,taken up,15119,1,0.9999,9.3979
5,decoder,taken up,15119,1,0.9998,8.5377
5,decoder,taken up,15119,1,1.0,10.1576
5,decoder,taken up,15119,1,1.0,10.6929
5,decoder,taken up,15119,1,0.9999,8.8104
5,decoder,taken up,15119,1,0.9999,9.6779
5,decoder,taken up,15119,1,0.9995,7.7007
5,decoder,taken up,15119,1,1.0,9.9634
5,decoder,taken up,15119,1,0.9999,9.3776
5,decoder,taken up,15119,1,0.9999,9.0258
5,decoder,taken up,15119,1,0.9998,8.551
5,decoder,taken up,15119,1,1.0,10.7586
5,decoder,taken up,15119,1,0.9999,8.8256
5,decoder,taken up,15119,1,0.9996,7.8307
5,decoder,taken up,15119,1,0.9999,9.0516
5,decoder,taken up,15119,1,0.9999,8.9876
5,decoder,taken up,15119,1,1.0,10.4696
5,decoder,rode up,521,1,1.0,10.228
5,decoder,rode up,521,1,0.9998,8.5175
5,decoder,rode up,521,1,0.9999,8.8899
5,decoder,rode up,521,1,0.9998,8.325
5,decoder,rode up,521,1,1.0,11.782
5,decoder,rode up,521,1,0.9999,8.9041
5,decoder,rode up,521,1,0.9992,7.0843
5,decoder,rode up,521,1,1.0,10.1215
5,decoder,rode up,521,1,0.9996,7.8731
5,decoder,rode up,521,1,1.0,11.3847
5,decoder,rode up,521,1,1.0,12.3254
5,decoder,rode up,521,1,0.9996,7.834
5,decoder,rode up,521,1,0.9999,8.8829
5,decoder,rode up,521,1,1.0,11.4388
5,decoder,rode up,521,1,0.9999,9.296
5,decoder,rode up,521,1,1.0,10.4949
5,decoder,rode up,521,1,0.9999,9.4642
5,decoder,rode up,521,1,0.9999,9.0476
5,decoder,rode up,521,1,0.9993,7.2888
5,decoder,rode up,521,1,0.9994,7.4003
5,decoder,standing up,11009,1,1.0,10.3941
5,decoder,standing up,11009,1,0.9998,8.7674
5,decoder,standing up,11009,1,0.9997,8.1318
5,decoder,standing up,11009,1,1.0,10.0775
5,decoder,standing up,11009,1,0.9999,9.2474
5,decoder,standing up,11009,1,0.9999,9.2341
5,decoder,standing up,11009,1,0.9999,9.7998
5,decoder,standing up,11009,1,0.9985,6.4781
5,decoder,standing up,11009,1,1.0,11.8079
5,decoder,standing up,11009,1,1.0,11.2894
5,decoder,standing up,11009,1,1.0,10.6438
5,decoder,standing up,11009,1,0.9996,7.8096
5,decoder,standing up,11009,1,1.0,10.3845
5,decoder,standing up,11009,1,0.9998,8.5873
5,decoder,standing up,11009,1,0.9967,5.7109
5,decoder,standing up,11009,1,0.9999,9.5935
5,decoder,standing up,11009,1,1.0,10.869
5,decoder,standing up,11009,1,0.9999,9.7611
5,decoder,standing up,11009,1,0.9999,8.8853
5,decoder,standing up,11009,1,1.0,12.289
5,decoder,stand up,46473,1,1.0,11.5554
5,decoder,stand up,46473,1,1.0,10.8733
5,decoder,stand up,46473,1,0.9999,9.4018
5,decoder,stand up,46473,1,0.9999,9.6477
5,decoder,stand up,46473,1,0.9999,9.2016
5,decoder,stand up,46473,1,1.0,11.0302
5,decoder,stand up,46473,1,0.9996,7.7436
5,decoder,stand up,46473,1,0.9994,7.3719
5,decoder,stand up,46473,1,0.9995,7.5188
5,decoder,stand up,46473,1,0.9998,8.3045
5,decoder,stand up,46473,1,0.9994,7.5039
5,decoder,stand up,46473,1,0.9999,8.8802
5,decoder,stand up,46473,1,0.9995,7.6124
5,decoder,stand up,46473,1,0.9994,7.4453
5,decoder,stand up,46473,1,0.9975,5.9888
5,decoder,stand up,46473,1,0.9995,7.6625
5,decoder,stand up,46473,1,1.0,11.4445
5,decoder,stand up,46473,1,0.9993,7.3069
5,decoder,stand up,46473,1,0.9999,9.5962
5,decoder,stand up,46473,1,0.9999,8.9211
5,decoder,ran up,2330,1,1.0,12.0548
5,decoder,ran up,2330,1,1.0,11.382
5,decoder,ran up,2330,1,0.9999,9.2927
5,decoder,ran up,2330,1,0.9999,9.6122
5,decoder,ran up,2330,1,1.0,9.981
5,decoder,ran up,2330,1,1.0,11.6609
5,decoder,ran up,2330,1,1.0,10.3239
5,decoder,ran up,2330,1,1.0,10.7298
5,decoder,ran up,2330,1,0.9999,9.5418
5,decoder,ran up,2330,1,0.9998,8.3262
5,decoder,ran up,2330,1,0.9997,8.2168
5,decoder,ran up,2330,1,0.9999,9.4642
5,decoder,ran up,2330,1,1.0,10.1083
5,decoder,ran up,2330,1,0.9993,7.2655
5,decoder,ran up,2330,1,1.0,11.3368
5,decoder,ran up,2330,1,0.9999,9.3643
5,decoder,ran up,2330,1,1.0,11.7728
5,decoder,ran up,2330,1,1.0,11.8737
5,decoder,ran up,2330,1,1.0,11.4467
5,decoder,ran up,2330,1,1.0,10.2093
5,decoder,turn up,17212,1,1.0,10.556
5,decoder,turn up,17212,1,1.0,9.9113
5,decoder,turn up,17212,1,1.0,10.0966
5,decoder,turn up,17212,1,0.9998,8.4489
5,decoder,turn up,17212,1,0.9999,9.125
5,decoder,turn up,17212,1,1.0,11.2888
5,decoder,turn up,17212,1,1.0,10.7775
5,decoder,turn up,17212,1,1.0,11.3878
5,decoder,turn up,17212,1,1.0,12.5794
5,decoder,turn up,17212,1,0.9999,9.3348
5,decoder,turn up,17212,1,1.0,11.5147
5,decoder,turn up,17212,1,1.0,10.282
5,decoder,turn up,17212,1,1.0,10.4478
5,decoder,turn up,17212,1,0.9999,9.8477
5,decoder,turn up,17212,1,0.9999,9.3842
5,decoder,turn up,17212,1,1.0,12.0254
5,decoder,turn up,17212,1,1.0,10.5497
5,decoder,turn up,17212,1,1.0,10.0079
5,decoder,turn up,17212,1,1.0,10.3228
5,decoder,turn up,17212,1,0.9999,9.3293
5,decoder,pulled up,7478,1,0.9969,5.7824
5,decoder,pulled up,7478,1,0.9906,4.6566
5,decoder,pulled up,7478,1,0.9954,5.3667
5,decoder,pulled up,7478,1,0.9885,4.4559
5,decoder,pulled up,7478,1,0.9931,4.9681
5,decoder,pulled up,7478,1,0.9969,5.7875
5,decoder,pulled up,7478,1,0.998,6.2324
5,decoder,pulled up,7478,1,0.9957,5.4502
5,decoder,pulled up,7478,1,1.0,10.8115
5,decoder,pulled up,7478,1,0.9994,7.4845
5,decoder,pulled up,7478,1,0.9974,5.9337
5,decoder,pulled up,7478,1,0.9626,3.2466
5,decoder,pulled up,7478,1,0.995,5.2872
5,decoder,pulled up,7478,1,1.0,10.3841
5,decoder,pulled up,7478,1,0.9938,5.0745
5,decoder,pulled up,7478,1,0.9944,5.1797
5,decoder,pulled up,7478,1,0.9851,4.1929
5,decoder,pulled up,7478,1,0.9953,5.3518
5,decoder,pulled up,7478,1,0.9999,9.8026
5,decoder,pulled up,7478,1,0.9816,3.9761
5,decoder,bring up,17789,1,0.9998,8.3812
5,decoder,bring up,17789,1,0.9996,7.9507
5,decoder,bring up,17789,1,0.9998,8.7664
5,decoder,bring up,17789,1,0.9999,9.3189
5,decoder,bring up,17789,1,0.9999,9.7361
5,decoder,bring up,17789,1,1.0,10.4979
5,decoder,bring up,17789,1,0.9999,9.563
5,decoder,bring up,17789,1,1.0,9.9998
5,decoder,bring up,17789,1,0.9997,8.1203
5,decoder,bring up,17789,1,0.9998,8.6488
5,decoder,bring up,17789,1,1.0,10.0628
5,decoder,bring up,17789,1,0.9999,8.9735
5,decoder,bring up,17789,1,1.0,11.0728
5,decoder,bring up,17789,1,0.9998,8.4697
5,decoder,bring up,17789,1,0.9999,9.1761
5,decoder,bring up,17789,1,0.9999,9.2235
5,decoder,bring up,17789,1,0.9999,9.6192
5,decoder,bring up,17789,1,0.9999,9.8448
5,decoder,bring up,17789,1,0.9986,6.5709
5,decoder,bring up,17789,1,1.0,9.9865
5,decoder,running up,4113,1,1.0,10.2535
5,decoder,running up,4113,1,1.0,10.0104
5,decoder,running up,4113,1,0.9999,9.4516
5,decoder,running up,4113,1,0.9998,8.5107
5,decoder,running up,4113,1,1.0,11.1313
5,decoder,running up,4113,1,1.0,11.944
5,decoder,running up,4113,1,1.0,9.9371
5,decoder,running up,4113,1,1.0,10.4202
5,decoder,running up,4113,1,1.0,10.5697
5,decoder,running up,4113,1,1.0,11.788
5,decoder,running up,4113,1,0.9999,9.4242
5,decoder,running up,4113,1,1.0,11.4069
5,decoder,running up,4113,1,0.9989,6.8229
5,decoder,running up,4113,1,1.0,11.4266
5,decoder,running up,4113,1,0.9999,9.7422
5,decoder,running up,4113,1,1.0,11.8706
5,decoder,running up,4113,1,0.9999,8.8598
5,decoder,running up,4113,1,0.9999,9.5678
5,decoder,running up,4113,1,1.0,10.0733
5,decoder,running up,4113,1,0.9999,8.8355
5,decoder,curled up,3422,1,0.9967,5.7007
5,decoder,curled up,3422,1,0.9998,8.7376
5,decoder,curled up,3422,1,0.9961,5.5357
5,decoder,curled up,3422,1,0.9988,6.7617
5,decoder,curled up,3422,1,0.9996,7.8085
5,decoder,curled up,3422,1,0.9989,6.8451
5,decoder,curled up,3422,1,0.9998,8.6865
5,decoder,curled up,3422,1,1.0,10.1591
5,decoder,curled up,3422,1,0.9995,7.5435
5,decoder,curled up,3422,1,0.9994,7.4994
5,decoder,curled up,3422,1,0.9977,6.0728
5,decoder,curled up,3422,1,0.9993,7.2158
5,decoder,curled up,3422,1,0.9995,7.5387
5,decoder,curled up,3422,1,0.9993,7.3139
5,decoder,curled up,3422,1,0.999,6.9567
5,decoder,curled up,3422,1,0.9978,6.1292
5,decoder,curled up,3422,1,0.9994,7.3538
5,decoder,curled up,3422,1,0.9987,6.6416
5,decoder,curled up,3422,1,0.9917,4.7816
5,decoder,curled up,3422,1,0.9994,7.3653
5,decoder,sitting up,2448,1,0.9999,9.7794
5,decoder,sitting up,2448,1,0.9996,7.7983
5,decoder,sitting up,2448,1,1.0,12.2271
5,decoder,sitting up,2448,1,1.0,10.0453
5,decoder,sitting up,2448,1,1.0,10.4533
5,decoder,sitting up,2448,1,0.9999,9.7296
5,decoder,sitting up,2448,1,0.9999,9.2411
5,decoder,sitting up,2448,1,0.9999,9.6869
5,decoder,sitting up,2448,1,0.9988,6.741
5,decoder,sitting up,2448,1,1.0,12.1289
5,decoder,sitting up,2448,1,0.9999,9.4252
5,decoder,sitting up,2448,1,1.0,10.0705
5,decoder,sitting up,2448,1,0.9999,8.8754
5,decoder,sitting up,2448,1,0.9998,8.6571
5,decoder,sitting up,2448,1,1.0,10.8116
5,decoder,sitting up,2448,1,0.9998,8.3004
5,decoder,sitting up,2448,1,1.0,10.8389
5,decoder,sitting up,2448,1,0.9999,9.3409
5,decoder,gathered up,1312,1,0.9997,8.1606
5,decoder,gathered up,1312,1,0.9989,6.7853
5,decoder,gathered up,1312,1,0.9997,8.0617
5,decoder,gathered up,1312,1,0.9992,7.1339
5,decoder,gathered up,1312,1,0.9995,7.6968
5,decoder,gathered up,1312,1,0.9999,9.7871
5,decoder,gathered up,1312,1,0.9996,7.709
5,decoder,gathered up,1312,1,0.9989,6.8579
5,decoder,gathered up,1312,1,0.9996,7.8544
5,decoder,gathered up,1312,1,1.0,10.2265
5,decoder,gathered up,1312,1,0.9999,9.0629
5,decoder,gathered up,1312,1,0.9996,7.8795
5,decoder,gathered up,1312,1,0.9998,8.536
5,decoder,gathered up,1312,1,0.9999,9.3987
5,decoder,gathered up,1312,1,0.9999,9.8536
5,decoder,gathered up,1312,1,0.9994,7.5026
5,decoder,gathered up,1312,1,0.9993,7.2962
5,decoder,caught up,39955,1,0.9999,9.4671
5,decoder,caught up,39955,1,0.9999,9.1902
5,decoder,caught up,39955,1,0.9999,9.3481
5,decoder,caught up,39955,1,1.0,11.5082
5,decoder,caught up,39955,1,0.9998,8.7661
5,decoder,caught up,39955,1,1.0,10.3128
5,decoder,caught up,39955,1,1.0,12.0895
5,decoder,caught up,39955,1,1.0,11.6462
5,decoder,caught up,39955,1,1.0,11.5033
5,decoder,caught up,39955,1,0.9999,9.0772
5,decoder,caught up,39955,1,0.9998,8.4795
5,decoder,caught up,39955,1,1.0,11.9403
5,decoder,caught up,39955,1,1.0,11.6671
5,decoder,caught up,39955,1,1.0,13.03
5,decoder,caught up,39955,1,1.0,10.1503
5,decoder,caught up,39955,1,0.9992,7.1898
5,decoder,caught up,39955,1,0.9998,8.4002
5,decoder,hold up,21967,1,0.9992,7.1696
5,decoder,hold up,21967,1,0.9999,9.2659
5,decoder,hold up,21967,1,0.9993,7.3104
5,decoder,hold up,21967,1,0.9991,7.0386
5,decoder,hold up,21967,1,0.9996,7.9055
5,decoder,hold up,21967,1,0.9993,7.2496
5,decoder,hold up,21967,1,0.9997,8.1904
5,decoder,hold up,21967,1,0.9997,8.1904
5,decoder,hold up,21967,1,0.9999,9.8662
5,decoder,hold up,21967,1,0.9997,8.0514
5,decoder,hold up,21967,1,0.9984,6.4626
5,decoder,hold up,21967,1,0.9999,9.2034
5,decoder,hold up,21967,1,0.9973,5.9084
5,decoder,hold up,21967,1,0.9993,7.2359
5,decoder,hold up,21967,1,0.9995,7.579
5,decoder,hold up,21967,1,0.9996,7.7871
5,decoder,hold up,21967,1,0.9978,6.1196
5,decoder,walking up,4089,1,0.9997,8.178
5,decoder,walking up,4089,1,0.9997,8.1443
5,decoder,walking up,4089,1,1.0,10.4359
5,decoder,walking up,4089,1,1.0,10.8499
5,decoder,walking up,4089,1,0.9998,8.4783
5,decoder,walking up,4089,1,0.9998,8.7972
5,decoder,walking up,4089,1,0.9999,9.1809
5,decoder,walking up,4089,1,1.0,10.1121
5,decoder,walking up,4089,1,1.0,10.8086
5,decoder,walking up,4089,1,0.9997,8.0806
5,decoder,walking up,4089,1,0.9996,7.8338
5,decoder,walking up,4089,1,1.0,10.1844
5,decoder,walking up,4089,1,0.9998,8.5579
5,decoder,walking up,4089,1,1.0,11.3902
5,decoder,walking up,4089,1,0.9999,9.1882
5,decoder,walking up,4089,1,0.9999,9.7457
5,decoder,lighted up,243,1,0.9996,7.8286
5,decoder,lighted up,243,1,0.999,6.9069
5,decoder,lighted up,243,1,0.9993,7.2628
5,decoder,lighted up,243,1,0.9999,9.2589
5,decoder,lighted up,243,1,0.9996,7.8275
5,decoder,lighted up,243,1,0.9999,9.8914
5,decoder,lighted up,243,1,0.9998,8.539
5,decoder,lighted up,243,1,0.9999,9.0971
5,decoder,lighted up,243,1,0.9999,8.8203
5,decoder,lighted up,243,1,0.9998,8.4243
5,decoder,lighted up,243,1,0.9999,8.9725
5,decoder,lighted up,243,1,0.9998,8.723
5,decoder,lighted up,243,1,1.0,11.1514
5,decoder,lighted up,243,1,0.9997,8.1878
5,decoder,lighted up,243,1,0.9997,8.0772
5,decoder,lighted up,243,1,1.0,11.2608
5,decoder,lift up,6056,1,0.9999,8.9025
5,decoder,lift up,6056,1,1.0,10.1946
5,decoder,lift up,6056,1,1.0,10.8944
5,decoder,lift up,6056,1,1.0,10.216
5,decoder,lift up,6056,1,0.9997,8.1576
5,decoder,lift up,6056,1,0.9999,9.5047
5,decoder,lift up,6056,1,1.0,11.4177
5,decoder,lift up,6056,1,1.0,11.2074
5,decoder,lift up,6056,1,1.0,11.205
5,decoder,lift up,6056,1,1.0,10.5458
5,decoder,lift up,6056,1,1.0,10.3264
5,decoder,lift up,6056,1,0.9999,9.7044
5,decoder,lift up,6056,1,1.0,10.4832
5,decoder,lift up,6056,1,0.9999,9.4306
5,decoder,lift up,6056,1,1.0,10.9203
5,decoder,lift up,6056,1,1.0,10.0139
5,decoder,draw up,5344,1,1.0,10.8912
5,decoder,draw up,5344,1,1.0,10.8271
5,decoder,draw up,5344,1,1.0,12.9611
5,decoder,draw up,5344,1,0.9999,9.4861
5,decoder,draw up,5344,1,1.0,11.0245
5,decoder,draw up,5344,1,1.0,12.4998
5,decoder,draw up,5344,1,1.0,10.5713
5,decoder,draw up,5344,1,1.0,11.0285
5,decoder,draw up,5344,1,1.0,12.3975
5,decoder,draw up,5344,1,0.9998,8.4311
5,decoder,draw up,5344,1,1.0,12.2872
5,decoder,draw up,5344,1,1.0,11.5863
5,decoder,draw up,5344,1,1.0,9.9423
5,decoder,draw up,5344,1,0.9999,8.9638
5,decoder,draw up,5344,1,1.0,11.6791
5,decoder,draw up,5344,1,1.0,12.4875
5,decoder,setting up,90006,1,0.9999,8.9121
5,decoder,setting up,90006,1,0.9998,8.6824
5,decoder,setting up,90006,1,0.9999,8.9677
5,decoder,setting up,90006,1,0.9999,9.3582
5,decoder,setting up,90006,1,1.0,10.5834
5,decoder,setting up,90006,1,0.9995,7.5611
5,decoder,setting up,90006,1,0.9999,9.8449
5,decoder,setting up,90006,1,0.9998,8.65
5,decoder,setting up,90006,1,0.9998,8.3908
5,decoder,setting up,90006,1,0.9994,7.3618
5,decoder,setting up,90006,1,1.0,11.5162
5,decoder,setting up,90006,1,1.0,10.6073
5,decoder,setting up,90006,1,0.9997,8.1382
5,decoder,setting up,90006,1,0.9998,8.3066
5,decoder,setting up,90006,1,0.9998,8.3404
5,decoder,gone up,9082,1,0.9984,6.4223
5,decoder,gone up,9082,1,1.0,10.1706
5,decoder,gone up,9082,1,0.9999,8.9643
5,decoder,gone up,9082,1,1.0,11.1583
5,decoder,gone up,9082,1,0.9995,7.6725
5,decoder,gone up,9082,1,0.9993,7.1947
5,decoder,gone up,9082,1,0.9963,5.5905
5,decoder,gone up,9082,1,1.0,11.7909
5,decoder,gone up,9082,1,0.9996,7.7582
5,decoder,gone up,9082,1,1.0,10.1625
5,decoder,gone up,9082,1,0.9989,6.8371
5,decoder,gone up,9082,1,0.9998,8.8029
5,decoder,gone up,9082,1,0.9984,6.4213
5,decoder,gone up,9082,1,0.9998,8.312
5,decoder,gone up,9082,1,0.9997,8.2817
5,decoder,flew up,683,1,1.0,10.0599
5,decoder,flew up,683,1,1.0,10.993
5,decoder,flew up,683,1,0.9994,7.3769
5,decoder,flew up,683,1,1.0,11.1986
5,decoder,flew up,683,1,1.0,12.381
5,decoder,flew up,683,1,1.0,11.9204
5,decoder,flew up,683,1,1.0,11.1413
5,decoder,flew up,683,1,1.0,10.2471
5,decoder,flew up,683,1,0.9999,9.8273
5,decoder,flew up,683,1,1.0,11.7988
5,decoder,flew up,683,1,1.0,11.7812
5,decoder,flew up,683,1,1.0,11.0222
5,decoder,flew up,683,1,1.0,12.0141
5,decoder,flew up,683,1,1.0,10.0393
5,decoder,flew up,683,1,0.9999,9.1071
5,decoder,spring up,1624,1,0.9993,7.257
5,decoder,spring up,1624,1,0.9999,9.6731
5,decoder,spring up,1624,1,0.9998,8.7832
5,decoder,spring up,1624,1,1.0,10.3932
5,decoder,spring up,1624,1,0.9999,9.4025
5,decoder,spring up,1624,1,0.9994,7.3438
5,decoder,spring up,1624,1,0.9999,9.7478
5,decoder,spring up,1624,1,1.0,10.1572
5,decoder,spring up,1624,1,0.9999,9.8062
5,decoder,spring up,1624,1,0.9998,8.7249
5,decoder,spring up,1624,1,0.9999,9.0653
5,decoder,spring up,1624,1,1.0,11.8369
5,decoder,spring up,1624,1,1.0,10.2952
5,decoder,spring up,1624,1,1.0,10.5448
5,decoder,throw up,3637,1,0.9998,8.4042
5,decoder,throw up,3637,1,1.0,11.5847
5,decoder,throw up,3637,1,0.9999,9.0723
5,decoder,throw up,3637,1,0.9999,9.2986
5,decoder,throw up,3637,1,0.9998,8.5283
5,decoder,throw up,3637,1,0.9998,8.4463
5,decoder,throw up,3637,1,0.9999,9.3067
5,decoder,throw up,3637,1,0.9998,8.361
5,decoder,throw up,3637,1,1.0,11.3281
5,decoder,throw up,3637,1,0.9997,8.2344
5,decoder,throw up,3637,1,0.9999,9.5586
5,decoder,throw up,3637,1,0.9999,9.4661
5,decoder,throw up,3637,1,0.9999,9.4661
5,decoder,throw up,3637,1,1.0,10.2482
5,decoder,sprung up,2736,1,0.9999,9.6004
5,decoder,sprung up,2736,1,1.0,10.5082
5,decoder,sprung up,2736,1,1.0,12.871
5,decoder,sprung up,2736,1,0.9998,8.7802
5,decoder,sprung up,2736,1,0.9999,9.7427
5,decoder,sprung up,2736,1,1.0,11.6988
5,decoder,sprung up,2736,1,1.0,10.1761
5,decoder,sprung up,2736,1,1.0,11.3289
5,decoder,sprung up,2736,1,1.0,10.5683
5,decoder,sprung up,2736,1,1.0,9.9088
5,decoder,sprung up,2736,1,1.0,9.916
5,decoder,sprung up,2736,1,0.9998,8.6209
5,decoder,sprung up,2736,1,1.0,10.7645
5,decoder,sprung up,2736,1,1.0,10.1707
5,decoder,sit up,5341,1,0.9996,7.8589
5,decoder,sit up,5341,1,1.0,10.018
5,decoder,sit up,5341,1,0.9999,9.2271
5,decoder,sit up,5341,1,0.9998,8.5636
5,decoder,sit up,5341,1,0.9999,8.9069
5,decoder,sit up,5341,1,0.9999,9.0362
5,decoder,sit up,5341,1,0.9997,8.2614
5,decoder,sit up,5341,1,1.0,11.0976
5,decoder,sit up,5341,1,1.0,10.496
5,decoder,sit up,5341,1,0.9999,9.6392
5,decoder,sit up,5341,1,0.9986,6.5819
5,decoder,sit up,5341,1,0.9998,8.4964
5,decoder,sit up,5341,1,0.9991,6.9682
5,decoder,sit up,5341,1,0.9999,9.0788
5,decoder,broke up,6196,1,1.0,9.9927
5,decoder,broke up,6196,1,1.0,11.8217
5,decoder,broke up,6196,1,0.9986,6.5732
5,decoder,broke up,6196,1,1.0,10.4925
5,decoder,broke up,6196,1,0.9996,7.8155
5,decoder,broke up,6196,1,1.0,10.3895
5,decoder,broke up,6196,1,1.0,12.3175
5,decoder,broke up,6196,1,1.0,11.9955
5,decoder,broke up,6196,1,0.9999,9.8506
5,decoder,broke up,6196,1,0.9999,9.7908
5,decoder,broke up,6196,1,1.0,10.0323
5,decoder,broke up,6196,1,0.9998,8.6253
5,decoder,broke up,6196,1,0.9999,9.0964
5,decoder,called up,5418,1,0.9999,9.5764
5,decoder,called up,5418,1,0.9909,4.6925
5,decoder,called up,5418,1,0.9992,7.0981
5,decoder,called up,5418,1,0.9907,4.6674
5,decoder,called up,5418,1,0.9906,4.659
5,decoder,called up,5418,1,0.9952,5.3413
5,decoder,called up,5418,1,0.985,4.1827
5,decoder,called up,5418,1,0.9993,7.3268
5,decoder,called up,5418,1,0.9917,4.7882
5,decoder,called up,5418,1,0.9953,5.349
5,decoder,called up,5418,1,0.9202,2.4452
5,decoder,called up,5418,1,0.9872,4.3417
5,decoder,called up,5418,1,0.992,4.8144
5,decoder,piled up,4218,1,0.9993,7.2153
5,decoder,piled up,4218,1,0.9985,6.4818
5,decoder,piled up,4218,1,0.9886,4.4615
5,decoder,piled up,4218,1,0.999,6.9085
5,decoder,piled up,4218,1,0.9986,6.5806
5,decoder,piled up,4218,1,0.9978,6.1004
5,decoder,piled up,4218,1,0.9997,8.1477
5,decoder,piled up,4218,1,0.9991,7.0252
5,decoder,piled up,4218,1,0.9664,3.3592
5,decoder,piled up,4218,1,0.9992,7.1034
5,decoder,piled up,4218,1,0.992,4.8167
5,decoder,piled up,4218,1,0.9991,7.0246
5,decoder,piled up,4218,1,0.9903,4.6306
5,decoder,fill up,21377,1,0.9997,8.258
5,decoder,fill up,21377,1,0.9999,8.8926
5,decoder,fill up,21377,1,1.0,10.4988
5,decoder,fill up,21377,1,0.9998,8.3798
5,decoder,fill up,21377,1,0.9998,8.448
5,decoder,fill up,21377,1,0.9996,7.9028
5,decoder,fill up,21377,1,1.0,9.9693
5,decoder,fill up,21377,1,1.0,10.0646
5,decoder,fill up,21377,1,0.9998,8.7517
5,decoder,fill up,21377,1,0.9999,9.2231
5,decoder,fill up,21377,1,0.9986,6.5542
5,decoder,fill up,21377,1,0.9998,8.3142
5,decoder,fill up,21377,1,0.9986,6.5823
5,decoder,rise up,7098,1,0.9998,8.6924
5,decoder,rise up,7098,1,1.0,10.3629
5,decoder,rise up,7098,1,1.0,10.3629
5,decoder,rise up,7098,1,0.9999,9.064
5,decoder,rise up,7098,1,1.0,10.6323
5,decoder,rise up,7098,1,0.9994,7.3726
5,decoder,rise up,7098,1,0.9999,9.2744
5,decoder,rise up,7098,1,1.0,11.0868
5,decoder,rise up,7098,1,0.9999,8.944
5,decoder,rise up,7098,1,1.0,10.4138
5,decoder,rise up,7098,1,0.9999,8.8746
5,decoder,rise up,7098,1,1.0,10.5535
5,decoder,rise up,7098,1,1.0,11.1968
5,decoder,takes up,13851,1,0.9998,8.4264
5,decoder,takes up,13851,1,0.9999,9.5246
5,decoder,takes up,13851,1,1.0,10.0546
5,decoder,takes up,13851,1,0.9999,9.2482
5,decoder,takes up,13851,1,1.0,12.0001
5,decoder,takes up,13851,1,0.9998,8.5889
5,decoder,takes up,13851,1,0.9995,7.5288
5,decoder,takes up,13851,1,1.0,10.3041
5,decoder,takes up,13851,1,0.9998,8.7502
5,decoder,takes up,13851,1,0.999,6.9499
5,decoder,takes up,13851,1,0.9993,7.3065
5,decoder,takes up,13851,1,0.9998,8.353
5,decoder,takes up,13851,1,0.9999,9.1489
5,decoder,mixed up,5352,1,0.9993,7.3105
5,decoder,mixed up,5352,1,0.9996,7.9503
5,decoder,mixed up,5352,1,0.9995,7.5604
5,decoder,mixed up,5352,1,1.0,9.9074
5,decoder,mixed up,5352,1,1.0,10.0151
5,decoder,mixed up,5352,1,1.0,11.2683
5,decoder,mixed up,5352,1,0.9998,8.7705
5,decoder,mixed up,5352,1,1.0,10.2789
5,decoder,mixed up,5352,1,0.9998,8.3092
5,decoder,mixed up,5352,1,0.9999,9.537
5,decoder,mixed up,5352,1,1.0,11.332
5,decoder,mixed up,5352,1,1.0,11.0747
5,decoder,mixed up,5352,1,0.9999,9.6388
5,decoder,sent up,933,1,1.0,10.5577
5,decoder,sent up,933,1,0.9999,8.9387
5,decoder,sent up,933,1,0.9998,8.3508
5,decoder,sent up,933,1,0.9998,8.6978
5,decoder,sent up,933,1,0.9998,8.5272
5,decoder,sent up,933,1,1.0,11.3508
5,decoder,sent up,933,1,0.9986,6.5542
5,decoder,sent up,933,1,0.9998,8.6927
5,decoder,sent up,933,1,0.9999,8.8217
5,decoder,sent up,933,1,1.0,11.4178
5,decoder,sent up,933,1,1.0,11.8834
5,decoder,sent up,933,1,0.999,6.9424
5,decoder,sent up,933,1,0.9999,9.7394
5,decoder,giving up,25521,1,0.9992,7.1398
5,decoder,giving up,25521,1,0.9996,7.708
5,decoder,giving up,25521,1,0.9999,9.816
5,decoder,giving up,25521,1,0.9997,8.0772
5,decoder,giving up,25521,1,0.9998,8.7679
5,decoder,giving up,25521,1,0.9999,9.0731
5,decoder,giving up,25521,1,0.9999,8.8364
5,decoder,giving up,25521,1,0.9996,7.9099
5,decoder,giving up,25521,1,0.9999,8.9585
5,decoder,giving up,25521,1,0.9996,7.9216
5,decoder,giving up,25521,1,0.9995,7.6064
5,decoder,giving up,25521,1,0.9998,8.7439
5,decoder,giving up,25521,1,0.9997,8.079
5,decoder,drove up,3011,1,0.9998,8.7813
5,decoder,drove up,3011,1,0.9999,9.6797
5,decoder,drove up,3011,1,0.9999,9.2423
5,decoder,drove up,3011,1,0.9981,6.253
5,decoder,drove up,3011,1,1.0,10.8912
5,decoder,drove up,3011,1,0.9999,9.8629
5,decoder,drove up,3011,1,1.0,11.373
5,decoder,drove up,3011,1,0.9999,9.5431
5,decoder,drove up,3011,1,0.9998,8.5786
5,decoder,drove up,3011,1,0.9998,8.6928
5,decoder,drove up,3011,1,1.0,11.0995
5,decoder,drove up,3011,1,0.9997,7.9907
5,decoder,springing up,1678,1,1.0,9.9983
5,decoder,springing up,1678,1,1.0,10.9346
5,decoder,springing up,1678,1,0.9999,9.2326
5,decoder,springing up,1678,1,0.9999,9.6947
5,decoder,springing up,1678,1,1.0,11.2071
5,decoder,springing up,1678,1,0.9999,9.2482
5,decoder,springing up,1678,1,0.9998,8.7772
5,decoder,springing up,1678,1,0.9997,8.1109
5,decoder,springing up,1678,1,0.9995,7.7012
5,decoder,springing up,1678,1,0.9997,8.1841
5,decoder,springing up,1678,1,1.0,10.1714
5,decoder,springing up,1678,1,0.9998,8.3245
5,decoder,laid up,1127,1,0.9998,8.4859
5,decoder,laid up,1127,1,0.9997,8.0325
5,decoder,laid up,1127,1,1.0,11.7649
5,decoder,laid up,1127,1,1.0,10.2021
5,decoder,laid up,1127,1,0.9999,9.3013
5,decoder,laid up,1127,1,0.9999,9.8827
5,decoder,laid up,1127,1,0.9999,9.2996
5,decoder,laid up,1127,1,0.9998,8.472
5,decoder,laid up,1127,1,1.0,11.9126
5,decoder,laid up,1127,1,0.9998,8.5808
5,decoder,laid up,1127,1,0.9999,9.5928
5,decoder,laid up,1127,1,0.9976,6.0183
5,decoder,woke up,29404,1,1.0,9.9718
5,decoder,woke up,29404,1,0.9998,8.5925
5,decoder,woke up,29404,1,0.9989,6.7957
5,decoder,woke up,29404,1,0.9998,8.4825
5,decoder,woke up,29404,1,0.9994,7.446
5,decoder,woke up,29404,1,1.0,10.2531
5,decoder,woke up,29404,1,0.9999,9.0487
5,decoder,woke up,29404,1,0.9999,9.4432
5,decoder,woke up,29404,1,0.9999,9.1907
5,decoder,woke up,29404,1,1.0,9.9978
5,decoder,woke up,29404,1,1.0,10.5829
5,decoder,woke up,29404,1,0.9996,7.8377
5,decoder,starting up,6115,1,1.0,10.1464
5,decoder,starting up,6115,1,0.9994,7.4507
5,decoder,starting up,6115,1,0.9996,7.8036
5,decoder,starting up,6115,1,0.9999,9.6517
5,decoder,starting up,6115,1,0.9997,8.1296
5,decoder,starting up,6115,1,0.9996,7.9014
5,decoder,starting up,6115,1,0.9999,9.195
5,decoder,starting up,6115,1,0.9999,9.0634
5,decoder,starting up,6115,1,0.9999,9.7057
5,decoder,starting up,6115,1,0.9999,9.6671
5,decoder,starting up,6115,1,0.9998,8.7294
5,decoder,starting up,6115,1,1.0,10.6846
5,decoder,threw up,1846,1,0.9996,7.9171
5,decoder,threw up,1846,1,0.9996,7.734
5,decoder,threw up,1846,1,0.9983,6.3892
5,decoder,threw up,1846,1,0.9991,6.9592
5,decoder,threw up,1846,1,0.9996,7.7173
5,decoder,threw up,1846,1,1.0,11.3281
5,decoder,threw up,1846,1,0.998,6.2148
5,decoder,threw up,1846,1,0.9983,6.3918
5,decoder,threw up,1846,1,0.9999,8.8249
5,decoder,threw up,1846,1,0.9982,6.3085
5,decoder,threw up,1846,1,0.9998,8.7712
5,decoder,threw up,1846,1,0.9998,8.4743
5,decoder,stir up,3501,1,0.9997,8.1946
5,decoder,stir up,3501,1,0.9998,8.4663
5,decoder,stir up,3501,1,0.9995,7.6874
5,decoder,stir up,3501,1,1.0,11.0625
5,decoder,stir up,3501,1,1.0,11.4085
5,decoder,stir up,3501,1,1.0,10.4572
5,decoder,stir up,3501,1,0.9997,8.1278
5,decoder,stir up,3501,1,0.9995,7.6228
5,decoder,stir up,3501,1,1.0,10.3458
5,decoder,stir up,3501,1,0.9992,7.1332
5,decoder,stir up,3501,1,0.9998,8.8041
5,decoder,stir up,3501,1,1.0,10.377
5,decoder,lifting up,1394,1,1.0,12.338
5,decoder,lifting up,1394,1,1.0,10.1655
5,decoder,lifting up,1394,1,1.0,10.4594
5,decoder,lifting up,1394,1,1.0,11.0045
5,decoder,lifting up,1394,1,0.9998,8.5779
5,decoder,lifting up,1394,1,0.9999,9.4313
5,decoder,lifting up,1394,1,0.9999,9.7115
5,decoder,lifting up,1394,1,0.9999,9.8012
5,decoder,lifting up,1394,1,1.0,10.6659
5,decoder,lifting up,1394,1,0.9999,9.1143
5,decoder,lifting up,1394,1,1.0,10.6641
5,decoder,snatched up,822,1,0.9999,9.4993
5,decoder,snatched up,822,1,0.9997,7.9965
5,decoder,snatched up,822,1,0.9997,8.2183
5,decoder,snatched up,822,1,0.9999,9.2747
5,decoder,snatched up,822,1,0.9996,7.82
5,decoder,snatched up,822,1,0.9999,9.3003
5,decoder,snatched up,822,1,0.9999,9.3287
5,decoder,snatched up,822,1,0.9996,7.9366
5,decoder,snatched up,822,1,1.0,9.9367
5,decoder,snatched up,822,1,0.9999,9.0475
5,decoder,snatched up,822,1,1.0,9.981
5,decoder,cleared up,3213,1,0.9998,8.6303
5,decoder,cleared up,3213,1,0.9999,8.805
5,decoder,cleared up,3213,1,0.9995,7.6298
5,decoder,cleared up,3213,1,1.0,10.2041
5,decoder,cleared up,3213,1,1.0,10.6584
5,decoder,cleared up,3213,1,0.9998,8.5378
5,decoder,cleared up,3213,1,0.9998,8.5805
5,decoder,cleared up,3213,1,0.9999,8.994
5,decoder,cleared up,3213,1,0.9998,8.4466
5,decoder,cleared up,3213,1,0.9994,7.3859
5,decoder,cleared up,3213,1,0.9998,8.3355
5,decoder,holding up,6932,1,0.9978,6.1117
5,decoder,holding up,6932,1,1.0,11.7388
5,decoder,holding up,6932,1,0.9989,6.7886
5,decoder,holding up,6932,1,0.9997,8.292
5,decoder,holding up,6932,1,0.9999,9.6932
5,decoder,holding up,6932,1,0.9997,8.0756
5,decoder,holding up,6932,1,0.999,6.8738
5,decoder,holding up,6932,1,0.9972,5.8637
5,decoder,holding up,6932,1,0.9991,7.007
5,decoder,holding up,6932,1,0.9998,8.4341
5,decoder,holding up,6932,1,1.0,9.9197
5,decoder,keeping up,19590,1,1.0,11.9679
5,decoder,keeping up,19590,1,0.9998,8.7043
5,decoder,keeping up,19590,1,0.9996,7.7991
5,decoder,keeping up,19590,1,0.9999,9.0397
5,decoder,keeping up,19590,1,0.9998,8.8023
5,decoder,keeping up,19590,1,0.9998,8.5537
5,decoder,keeping up,19590,1,1.0,9.9113
5,decoder,keeping up,19590,1,0.9999,9.4758
5,decoder,keeping up,19590,1,1.0,12.7463
5,decoder,keeping up,19590,1,0.9996,7.81
5,decoder,keeping up,19590,1,0.9995,7.5701
5,decoder,tore up,755,1,1.0,9.9353
5,decoder,tore up,755,1,1.0,10.4294
5,decoder,tore up,755,1,1.0,9.9919
5,decoder,tore up,755,1,0.9999,9.3241
5,decoder,tore up,755,1,0.9999,9.4782
5,decoder,tore up,755,1,0.9998,8.6895
5,decoder,tore up,755,1,0.9998,8.498
5,decoder,tore up,755,1,0.9998,8.5695
5,decoder,tore up,755,1,1.0,10.7959
5,decoder,tore up,755,1,0.9999,9.3672
5,decoder,tore up,755,1,1.0,10.8553
5,decoder,hurry up,5516,1,1.0,10.2257
5,decoder,hurry up,5516,1,1.0,10.2257
5,decoder,hurry up,5516,1,1.0,10.5793
5,decoder,hurry up,5516,1,1.0,10.1575
5,decoder,hurry up,5516,1,0.9998,8.7334
5,decoder,hurry up,5516,1,0.9998,8.7334
5,decoder,hurry up,5516,1,1.0,10.4289
5,decoder,hurry up,5516,1,0.9998,8.591
5,decoder,hurry up,5516,1,0.9997,8.1873
5,decoder,hurry up,5516,1,1.0,11.5923
5,decoder,hurry up,5516,1,1.0,10.4461
5,decoder,done up,1897,1,0.9999,8.911
5,decoder,done up,1897,1,1.0,10.8412
5,decoder,done up,1897,1,1.0,10.6351
5,decoder,done up,1897,1,0.9992,7.1922
5,decoder,done up,1897,1,0.9999,9.7631
5,decoder,done up,1897,1,0.9997,8.0745
5,decoder,done up,1897,1,0.9999,9.5919
5,decoder,done up,1897,1,0.9998,8.3871
5,decoder,done up,1897,1,0.9994,7.4882
5,decoder,done up,1897,1,0.9996,7.7309
5,decoder,done up,1897,1,0.9999,9.7822
5,decoder,putting up,11209,1,0.999,6.9529
5,decoder,putting up,11209,1,1.0,10.0742
5,decoder,putting up,11209,1,0.9999,9.6177
5,decoder,putting up,11209,1,0.9997,8.2596
5,decoder,putting up,11209,1,0.9999,9.8976
5,decoder,putting up,11209,1,0.9999,9.0759
5,decoder,putting up,11209,1,0.9993,7.2724
5,decoder,putting up,11209,1,0.9999,9.3108
5,decoder,putting up,11209,1,0.9998,8.6385
5,decoder,putting up,11209,1,0.9998,8.5455
5,decoder,putting up,11209,1,0.9997,8.0103
5,decoder,light up,14677,1,0.9995,7.5691
5,decoder,light up,14677,1,0.9998,8.6992
5,decoder,light up,14677,1,0.9999,9.127
5,decoder,light up,14677,1,1.0,10.0823
5,decoder,light up,14677,1,1.0,11.6403
5,decoder,light up,14677,1,1.0,10.6437
5,decoder,light up,14677,1,0.9998,8.591
5,decoder,light up,14677,1,0.9999,9.3441
5,decoder,light up,14677,1,0.9999,9.887
5,decoder,light up,14677,1,0.9999,9.5416
5,decoder,used up,6531,1,0.9998,8.2974
5,decoder,used up,6531,1,0.9996,7.8545
5,decoder,used up,6531,1,0.9994,7.4516
5,decoder,used up,6531,1,0.9951,5.3074
5,decoder,used up,6531,1,0.9951,5.3074
5,decoder,used up,6531,1,0.9912,4.7194
5,decoder,used up,6531,1,0.9998,8.4267
5,decoder,used up,6531,1,0.9984,6.467
5,decoder,used up,6531,1,0.9996,7.7199
5,decoder,used up,6531,1,0.9994,7.372
5,decoder,pull up,12154,1,0.9998,8.3363
5,decoder,pull up,12154,1,1.0,10.463
5,decoder,pull up,12154,1,1.0,10.2785
5,decoder,pull up,12154,1,0.9971,5.8507
5,decoder,pull up,12154,1,1.0,10.5744
5,decoder,pull up,12154,1,0.9994,7.3488
5,decoder,pull up,12154,1,0.9998,8.7136
5,decoder,pull up,12154,1,1.0,9.9396
5,decoder,pull up,12154,1,0.9995,7.5444
5,decoder,pull up,12154,1,0.9996,7.7475
5,decoder,clear up,7447,1,1.0,11.6069
5,decoder,clear up,7447,1,1.0,10.2892
5,decoder,clear up,7447,1,1.0,10.5775
5,decoder,clear up,7447,1,0.9999,9.8588
5,decoder,clear up,7447,1,1.0,11.0379
5,decoder,clear up,7447,1,1.0,10.6591
5,decoder,clear up,7447,1,1.0,10.438
5,decoder,clear up,7447,1,1.0,10.7559
5,decoder,clear up,7447,1,1.0,12.4016
5,decoder,clear up,7447,1,1.0,10.5286
5,decoder,shot up,3507,1,0.9999,9.2938
5,decoder,shot up,3507,1,1.0,9.9251
5,decoder,shot up,3507,1,0.9999,9.8936
5,decoder,shot up,3507,1,0.9998,8.5012
5,decoder,shot up,3507,1,1.0,10.1308
5,decoder,shot up,3507,1,1.0,10.3355
5,decoder,shot up,3507,1,0.9999,8.9725
5,decoder,shot up,3507,1,0.9998,8.4877
5,decoder,shot up,3507,1,0.9999,9.2091
5,decoder,shot up,3507,1,0.9999,9.0629
5,decoder,spoke up,1387,1,0.9998,8.7328
5,decoder,spoke up,1387,1,0.9996,7.8959
5,decoder,spoke up,1387,1,0.9998,8.4146
5,decoder,spoke up,1387,1,0.9998,8.6768
5,decoder,spoke up,1387,1,0.9999,9.2933
5,decoder,spoke up,1387,1,0.9998,8.4636
5,decoder,spoke up,1387,1,0.9987,6.6289
5,decoder,spoke up,1387,1,0.9993,7.2368
5,decoder,spoke up,1387,1,1.0,11.0155
5,decoder,spoke up,1387,1,0.9999,9.5727
5,decoder,follow up,32687,1,1.0,9.9659
5,decoder,follow up,32687,1,1.0,10.7058
5,decoder,follow up,32687,1,1.0,10.2757
5,decoder,follow up,32687,1,0.9996,7.728
5,decoder,follow up,32687,1,0.9999,9.0304
5,decoder,follow up,32687,1,0.9999,8.8107
5,decoder,follow up,32687,1,0.9999,9.0941
5,decoder,follow up,32687,1,1.0,10.3071
5,decoder,follow up,32687,1,0.9999,8.9255
5,decoder,follow up,32687,1,1.0,10.7409
5,decoder,sum up,6705,1,1.0,11.5128
5,decoder,sum up,6705,1,1.0,10.7866
5,decoder,sum up,6705,1,0.9999,9.3374
5,decoder,sum up,6705,1,1.0,10.248
5,decoder,sum up,6705,1,0.9999,9.7282
5,decoder,sum up,6705,1,1.0,10.1141
5,decoder,sum up,6705,1,0.9999,8.9305
5,decoder,sum up,6705,1,1.0,10.3526
5,decoder,sum up,6705,1,0.9999,9.2307
5,decoder,sum up,6705,1,1.0,9.958
5,decoder,straight up,51,1,0.9956,5.4158
5,decoder,straight up,51,1,1.0,10.6932
5,decoder,straight up,51,1,1.0,10.057
5,decoder,straight up,51,1,0.9999,9.7986
5,decoder,straight up,51,1,0.9999,9.3841
5,decoder,straight up,51,1,1.0,10.9544
5,decoder,straight up,51,1,1.0,13.4843
5,decoder,straight up,51,1,1.0,13.3063
5,decoder,straight up,51,1,1.0,10.2768
5,decoder,straight up,51,1,1.0,12.0484
5,decoder,jumping up,2334,1,0.9995,7.5916
5,decoder,jumping up,2334,1,0.9999,9.6152
5,decoder,jumping up,2334,1,0.9998,8.4196
5,decoder,jumping up,2334,1,0.9996,7.8872
5,decoder,jumping up,2334,1,0.9999,9.7869
5,decoder,jumping up,2334,1,1.0,10.9475
5,decoder,jumping up,2334,1,0.9999,9.359
5,decoder,jumping up,2334,1,0.9999,9.1826
5,decoder,jumping up,2334,1,0.9996,7.789
5,decoder,jumping up,2334,1,1.0,11.2269
5,decoder,fitted up,178,1,0.9994,7.3852
5,decoder,fitted up,178,1,0.9993,7.3239
5,decoder,fitted up,178,1,0.9999,9.0387
5,decoder,fitted up,178,1,0.9998,8.4561
5,decoder,fitted up,178,1,0.9995,7.6814
5,decoder,fitted up,178,1,0.9999,9.3933
5,decoder,fitted up,178,1,0.9998,8.4665
5,decoder,fitted up,178,1,0.9995,7.6602
5,decoder,fitted up,178,1,0.9995,7.5319
5,decoder,live up,17504,1,1.0,10.07
5,decoder,live up,17504,1,1.0,11.5204
5,decoder,live up,17504,1,0.9997,8.2042
5,decoder,live up,17504,1,0.9998,8.6813
5,decoder,live up,17504,1,0.9996,7.8003
5,decoder,live up,17504,1,0.9991,7.0024
5,decoder,live up,17504,1,0.9996,7.8306
5,decoder,live up,17504,1,0.9995,7.6755
5,decoder,live up,17504,1,0.9998,8.7022
5,decoder,cut up,7095,1,0.9999,9.2721
5,decoder,cut up,7095,1,0.9998,8.7877
5,decoder,cut up,7095,1,0.9995,7.553
5,decoder,cut up,7095,1,1.0,10.5826
5,decoder,cut up,7095,1,0.9998,8.3731
5,decoder,cut up,7095,1,1.0,10.3857
5,decoder,cut up,7095,1,1.0,10.1794
5,decoder,cut up,7095,1,0.9999,9.5186
5,decoder,cut up,7095,1,0.9997,7.984
5,decoder,climbing up,3437,1,1.0,11.9189
5,decoder,climbing up,3437,1,0.9997,7.9766
5,decoder,climbing up,3437,1,0.9998,8.4099
5,decoder,climbing up,3437,1,1.0,11.7227
5,decoder,climbing up,3437,1,0.9999,9.5148
5,decoder,climbing up,3437,1,1.0,11.1626
5,decoder,climbing up,3437,1,0.9997,8.1764
5,decoder,climbing up,3437,1,0.9999,9.4168
5,decoder,climbing up,3437,1,1.0,12.5067
5,decoder,backed up,18954,1,0.9975,5.9806
5,decoder,backed up,18954,1,0.9988,6.7664
5,decoder,backed up,18954,1,0.9964,5.6209
5,decoder,backed up,18954,1,0.9996,7.9276
5,decoder,backed up,18954,1,1.0,9.916
5,decoder,backed up,18954,1,0.9975,5.996
5,decoder,backed up,18954,1,0.9974,5.9535
5,decoder,backed up,18954,1,0.9971,5.845
5,decoder,backed up,18954,1,0.9999,9.8776
5,decoder,breaking up,6228,1,0.9987,6.6541
5,decoder,breaking up,6228,1,0.9999,9.7312
5,decoder,breaking up,6228,1,0.9999,9.7426
5,decoder,breaking up,6228,1,1.0,10.6189
5,decoder,breaking up,6228,1,1.0,10.9104
5,decoder,breaking up,6228,1,0.9999,9.7287
5,decoder,breaking up,6228,1,0.9999,9.0207
5,decoder,breaking up,6228,1,1.0,10.1474
5,decoder,breaking up,6228,1,1.0,10.0584
5,decoder,waking up,19314,1,0.9998,8.6673
5,decoder,waking up,19314,1,0.9952,5.3394
5,decoder,waking up,19314,1,0.9999,9.5893
5,decoder,waking up,19314,1,0.9996,7.9459
5,decoder,waking up,19314,1,1.0,10.7342
5,decoder,waking up,19314,1,1.0,10.3346
5,decoder,waking up,19314,1,1.0,10.3175
5,decoder,waking up,19314,1,0.9996,7.7185
5,decoder,waking up,19314,1,0.9999,9.5336
5,decoder,bringing up,4623,1,0.9997,8.0538
5,decoder,bringing up,4623,1,0.9998,8.7737
5,decoder,bringing up,4623,1,0.9998,8.3168
5,decoder,bringing up,4623,1,0.9999,9.1371
5,decoder,bringing up,4623,1,0.9999,9.4114
5,decoder,bringing up,4623,1,0.9999,9.2695
5,decoder,bringing up,4623,1,0.9994,7.4942
5,decoder,bringing up,4623,1,0.9998,8.538
5,decoder,bringing up,4623,1,0.9995,7.6795
5,decoder,stirred up,2199,1,1.0,10.0573
5,decoder,stirred up,2199,1,1.0,9.9266
5,decoder,stirred up,2199,1,0.9999,9.6176
5,decoder,stirred up,2199,1,0.9995,7.6898
5,decoder,stirred up,2199,1,1.0,10.571
5,decoder,stirred up,2199,1,1.0,11.6006
5,decoder,stirred up,2199,1,1.0,10.062
5,decoder,stirred up,2199,1,0.9999,9.8136
5,decoder,stirred up,2199,1,1.0,10.6007
5,decoder,gathering up,596,1,1.0,11.293
5,decoder,gathering up,596,1,0.9999,9.5077
5,decoder,gathering up,596,1,0.9999,9.8148
5,decoder,gathering up,596,1,1.0,10.1744
5,decoder,gathering up,596,1,1.0,10.4574
5,decoder,gathering up,596,1,0.9996,7.9317
5,decoder,gathering up,596,1,1.0,12.8389
5,decoder,gathering up,596,1,0.9999,9.1599
5,decoder,gathering up,596,1,1.0,11.2732
5,decoder,comes up,22481,1,0.9996,7.7088
5,decoder,comes up,22481,1,0.9995,7.5868
5,decoder,comes up,22481,1,0.9997,8.2621
5,decoder,comes up,22481,1,0.9999,9.0072
5,decoder,comes up,22481,1,1.0,11.778
5,decoder,comes up,22481,1,0.9998,8.6891
5,decoder,comes up,22481,1,0.9999,8.9667
5,decoder,comes up,22481,1,0.9998,8.465
5,decoder,comes up,22481,1,0.9999,8.9158
5,decoder,delivered up,278,1,0.9995,7.6647
5,decoder,delivered up,278,1,1.0,10.7037
5,decoder,delivered up,278,1,1.0,10.178
5,decoder,delivered up,278,1,0.9998,8.4371
5,decoder,delivered up,278,1,0.9999,9.5083
5,decoder,delivered up,278,1,0.9999,9.6436
5,decoder,delivered up,278,1,0.9999,9.1657
5,decoder,delivered up,278,1,0.9989,6.7758
5,decoder,delivered up,278,1,0.9999,8.9961
5,decoder,break up,16125,1,1.0,12.1103
5,decoder,break up,16125,1,0.9999,9.7722
5,decoder,break up,16125,1,0.9997,8.2389
5,decoder,break up,16125,1,0.9997,7.9888
5,decoder,break up,16125,1,1.0,11.44
5,decoder,break up,16125,1,0.9999,8.9738
5,decoder,break up,16125,1,0.9997,8.2221
5,decoder,break up,16125,1,1.0,11.1129
5,decoder,break up,16125,1,1.0,10.1627
5,decoder,rolling up,1586,1,1.0,11.2129
5,decoder,rolling up,1586,1,1.0,9.9496
5,decoder,rolling up,1586,1,1.0,11.3786
5,decoder,rolling up,1586,1,0.9998,8.6951
5,decoder,rolling up,1586,1,0.9973,5.8945
5,decoder,rolling up,1586,1,0.9998,8.8017
5,decoder,rolling up,1586,1,0.9999,9.361
5,decoder,rolling up,1586,1,0.9997,8.2248
5,decoder,rushed up,243,1,0.9999,9.0268
5,decoder,rushed up,243,1,0.9995,7.5989
5,decoder,rushed up,243,1,1.0,10.7562
5,decoder,rushed up,243,1,0.9999,8.8241
5,decoder,rushed up,243,1,1.0,10.2435
5,decoder,rushed up,243,1,0.9991,6.9959
5,decoder,rushed up,243,1,0.9999,8.9102
5,decoder,rushed up,243,1,1.0,10.549
5,decoder,carried up,395,1,0.9998,8.7617
5,decoder,carried up,395,1,0.9997,8.1235
5,decoder,carried up,395,1,0.9997,8.2865
5,decoder,carried up,395,1,0.9972,5.8892
5,decoder,carried up,395,1,0.9997,7.9854
5,decoder,carried up,395,1,0.9992,7.1139
5,decoder,carried up,395,1,0.9999,9.1983
5,decoder,carried up,395,1,1.0,11.253
5,decoder,marched up,221,1,0.9999,9.4964
5,decoder,marched up,221,1,0.9997,8.0221
5,decoder,marched up,221,1,1.0,10.6797
5,decoder,marched up,221,1,0.9998,8.5375
5,decoder,marched up,221,1,0.9998,8.6721
5,decoder,marched up,221,1,1.0,9.9502
5,decoder,marched up,221,1,0.9999,9.3889
5,decoder,marched up,221,1,1.0,11.9041
5,decoder,wound up,9644,1,0.9999,9.4793
5,decoder,wound up,9644,1,0.9998,8.7901
5,decoder,wound up,9644,1,1.0,10.9639
5,decoder,wound up,9644,1,1.0,11.4714
5,decoder,wound up,9644,1,0.9997,8.0027
5,decoder,wound up,9644,1,1.0,9.9929
5,decoder,wound up,9644,1,1.0,9.9868
5,decoder,wound up,9644,1,0.9983,6.3528
5,decoder,catch up,40809,1,1.0,11.8128
5,decoder,catch up,40809,1,0.9999,9.1305
5,decoder,catch up,40809,1,1.0,11.5841
5,decoder,catch up,40809,1,1.0,10.8188
5,decoder,catch up,40809,1,1.0,11.1668
5,decoder,catch up,40809,1,1.0,10.2273
5,decoder,catch up,40809,1,1.0,10.2398
5,decoder,catch up,40809,1,1.0,11.058
5,decoder,growing up,60517,1,0.9997,7.972
5,decoder,growing up,60517,1,0.9998,8.6924
5,decoder,growing up,60517,1,0.9997,8.2243
5,decoder,growing up,60517,1,0.9998,8.6279
5,decoder,growing up,60517,1,0.9997,8.0435
5,decoder,growing up,60517,1,1.0,10.0908
5,decoder,growing up,60517,1,0.9993,7.3095
5,decoder,growing up,60517,1,0.9997,8.1719
5,decoder,pent up,717,1,0.9992,7.1922
5,decoder,pent up,717,1,0.9991,7.0325
5,decoder,pent up,717,1,1.0,11.1579
5,decoder,pent up,717,1,0.9997,7.984
5,decoder,pent up,717,1,0.9997,8.221
5,decoder,pent up,717,1,1.0,10.527
5,decoder,pent up,717,1,0.9999,9.4165
5,decoder,pent up,717,1,0.999,6.9243
5,decoder,led up,1744,1,1.0,10.5985
5,decoder,led up,1744,1,0.9993,7.1948
5,decoder,led up,1744,1,0.9999,9.4244
5,decoder,led up,1744,1,0.9999,9.4297
5,decoder,led up,1744,1,0.9997,8.0157
5,decoder,led up,1744,1,1.0,10.9229
5,decoder,led up,1744,1,0.9994,7.379
5,decoder,led up,1744,1,0.9994,7.348
5,decoder,creeping up,1489,1,0.9999,9.8233
5,decoder,creeping up,1489,1,0.9998,8.3195
5,decoder,creeping up,1489,1,0.9998,8.6249
5,decoder,creeping up,1489,1,0.9999,9.2929
5,decoder,creeping up,1489,1,1.0,10.0038
5,decoder,creeping up,1489,1,0.9999,9.7374
5,decoder,creeping up,1489,1,0.9999,9.5343
5,decoder,creeping up,1489,1,1.0,10.0105
5,decoder,call up,11252,1,0.9998,8.5327
5,decoder,call up,11252,1,0.9996,7.708
5,decoder,call up,11252,1,1.0,10.2458
5,decoder,call up,11252,1,0.9999,9.3324
5,decoder,call up,11252,1,0.9996,7.926
5,decoder,call up,11252,1,0.9997,7.9682
5,decoder,call up,11252,1,0.9993,7.1975
5,decoder,call up,11252,1,1.0,11.8896
5,decoder,pacing up,110,1,0.9998,8.606
5,decoder,pacing up,110,1,1.0,10.4942
5,decoder,pacing up,110,1,1.0,10.3738
5,decoder,pacing up,110,1,0.9999,9.7037
5,decoder,pacing up,110,1,0.9999,9.8729
5,decoder,pacing up,110,1,1.0,10.5919
5,decoder,pacing up,110,1,1.0,10.8973
5,decoder,hurried up,126,1,0.9999,9.4025
5,decoder,hurried up,126,1,1.0,10.1575
5,decoder,hurried up,126,1,0.9998,8.7334
5,decoder,hurried up,126,1,0.9978,6.1085
5,decoder,hurried up,126,1,0.9999,9.8882
5,decoder,hurried up,126,1,0.9997,8.2108
5,decoder,hurried up,126,1,0.9998,8.3049
5,decoder,drawing up,2631,1,0.9999,8.9086
5,decoder,drawing up,2631,1,1.0,11.559
5,decoder,drawing up,2631,1,1.0,10.0194
5,decoder,drawing up,2631,1,1.0,11.6434
5,decoder,drawing up,2631,1,1.0,10.9814
5,decoder,drawing up,2631,1,0.9999,9.1331
5,decoder,drawing up,2631,1,1.0,12.3922
5,decoder,digging up,2112,1,0.9997,8.015
5,decoder,digging up,2112,1,0.9999,8.987
5,decoder,digging up,2112,1,0.9994,7.3987
5,decoder,digging up,2112,1,1.0,10.6729
5,decoder,digging up,2112,1,1.0,10.4442
5,decoder,digging up,2112,1,0.9997,8.1907
5,decoder,digging up,2112,1,0.9997,8.1907
5,decoder,hunted up,28,1,0.9999,8.9606
5,decoder,hunted up,28,1,0.9999,9.2792
5,decoder,hunted up,28,1,0.9998,8.4425
5,decoder,hunted up,28,1,0.9997,8.15
5,decoder,hunted up,28,1,0.9999,9.2357
5,decoder,hunted up,28,1,0.9996,7.9041
5,decoder,hunted up,28,1,1.0,10.8947
5,decoder,rushing up,194,1,1.0,10.2257
5,decoder,rushing up,194,1,0.9999,8.8311
5,decoder,rushing up,194,1,1.0,10.45
5,decoder,rushing up,194,1,0.9998,8.5964
5,decoder,rushing up,194,1,1.0,10.6444
5,decoder,rushing up,194,1,0.9999,9.1298
5,decoder,rushing up,194,1,1.0,11.2443
5,decoder,turning up,4607,1,0.9994,7.3436
5,decoder,turning up,4607,1,0.9996,7.7749
5,decoder,turning up,4607,1,0.9998,8.7666
5,decoder,turning up,4607,1,1.0,11.9068
5,decoder,turning up,4607,1,0.9999,8.9591
5,decoder,turning up,4607,1,0.9999,8.8203
5,decoder,turning up,4607,1,1.0,9.9227
5,decoder,boil up,219,1,1.0,10.434
5,decoder,boil up,219,1,0.9998,8.6771
5,decoder,boil up,219,1,1.0,10.0904
5,decoder,boil up,219,1,1.0,9.926
5,decoder,boil up,219,1,0.9999,9.1185
5,decoder,boil up,219,1,0.9999,9.0473
5,decoder,boil up,219,1,0.9996,7.8821
5,decoder,thrown up,1467,1,1.0,10.9078
5,decoder,thrown up,1467,1,0.9994,7.4297
5,decoder,thrown up,1467,1,0.9997,8.06
5,decoder,thrown up,1467,1,0.9997,7.9966
5,decoder,thrown up,1467,1,0.9998,8.4978
5,decoder,thrown up,1467,1,0.9995,7.6586
5,decoder,thrown up,1467,1,0.999,6.9005
5,decoder,hung up,7008,1,1.0,11.6083
5,decoder,hung up,7008,1,0.9998,8.6648
5,decoder,hung up,7008,1,0.9999,9.7447
5,decoder,hung up,7008,1,0.9999,9.8239
5,decoder,hung up,7008,1,0.9998,8.3516
5,decoder,hung up,7008,1,0.9999,8.9667
5,decoder,hung up,7008,1,1.0,10.1128
5,decoder,locked up,7249,1,0.9999,8.8913
5,decoder,locked up,7249,1,0.9996,7.8779
5,decoder,locked up,7249,1,0.9994,7.4804
5,decoder,locked up,7249,1,1.0,10.0565
5,decoder,locked up,7249,1,0.9989,6.853
5,decoder,locked up,7249,1,0.9992,7.1913
5,decoder,fix up,1979,1,0.9999,9.5357
5,decoder,fix up,1979,1,0.9999,9.7778
5,decoder,fix up,1979,1,1.0,9.9081
5,decoder,fix up,1979,1,1.0,10.2529
5,decoder,fix up,1979,1,0.9999,9.1185
5,decoder,fix up,1979,1,0.9997,8.2238
5,decoder,lived up,5177,1,1.0,11.5156
5,decoder,lived up,5177,1,0.9997,8.0722
5,decoder,lived up,5177,1,0.9997,8.1406
5,decoder,lived up,5177,1,0.9997,8.0842
5,decoder,lived up,5177,1,0.9997,8.0307
5,decoder,lived up,5177,1,0.9996,7.7791
5,decoder,gather up,2230,1,0.9999,9.6082
5,decoder,gather up,2230,1,0.9999,9.6998
5,decoder,gather up,2230,1,0.9998,8.6252
5,decoder,gather up,2230,1,0.9999,9.6456
5,decoder,gather up,2230,1,0.9999,9.3982
5,decoder,gather up,2230,1,0.9998,8.7845
5,decoder,clean up,33996,1,1.0,10.8334
5,decoder,clean up,33996,1,0.9999,9.3226
5,decoder,clean up,33996,1,0.9997,8.024
5,decoder,clean up,33996,1,0.9999,9.8614
5,decoder,clean up,33996,1,0.9998,8.536
5,decoder,clean up,33996,1,1.0,11.0031
5,decoder,fixed up,1436,1,0.9999,8.8976
5,decoder,fixed up,1436,1,1.0,10.5697
5,decoder,fixed up,1436,1,0.9957,5.4468
5,decoder,fixed up,1436,1,0.9998,8.345
5,decoder,fixed up,1436,1,0.9996,7.9554
5,decoder,fixed up,1436,1,0.9998,8.6162
5,decoder,ate up,608,1,0.9998,8.6794
5,decoder,ate up,608,1,1.0,10.772
5,decoder,ate up,608,1,1.0,10.9386
5,decoder,ate up,608,1,1.0,10.3401
5,decoder,ate up,608,1,1.0,10.9668
5,decoder,ate up,608,1,1.0,10.1652
5,decoder,washed up,2470,1,1.0,11.0839
5,decoder,washed up,2470,1,0.9998,8.4484
5,decoder,washed up,2470,1,0.9998,8.4777
5,decoder,washed up,2470,1,0.9988,6.73
5,decoder,washed up,2470,1,0.9997,8.2555
5,decoder,washed up,2470,1,0.9999,8.8601
5,decoder,built up,23859,1,0.9997,8.0169
5,decoder,built up,23859,1,1.0,10.474
5,decoder,built up,23859,1,0.9999,9.6706
5,decoder,built up,23859,1,0.9999,9.6834
5,decoder,built up,23859,1,0.9996,7.7673
5,decoder,built up,23859,1,0.9999,9.1544
5,decoder,making up,12075,1,1.0,11.0453
5,decoder,making up,12075,1,1.0,11.2869
5,decoder,making up,12075,1,0.9999,9.4045
5,decoder,making up,12075,1,0.9997,8.1485
5,decoder,making up,12075,1,1.0,11.0996
5,decoder,making up,12075,1,0.9996,7.7769
5,decoder,rising up,2698,1,1.0,9.9861
5,decoder,rising up,2698,1,0.9997,8.1805
5,decoder,rising up,2698,1,1.0,10.0997
5,decoder,rising up,2698,1,1.0,12.5931
5,decoder,rising up,2698,1,0.9998,8.4296
5,decoder,rising up,2698,1,1.0,12.2281
5,decoder,blow up,6436,1,0.9989,6.8526
5,decoder,blow up,6436,1,0.9993,7.2003
5,decoder,blow up,6436,1,1.0,11.2806
5,decoder,blow up,6436,1,0.9996,7.9407
5,decoder,blow up,6436,1,1.0,10.4858
5,decoder,blow up,6436,1,0.9998,8.7983
5,decoder,raised up,2209,1,1.0,10.0241
5,decoder,raised up,2209,1,0.9999,9.1513
5,decoder,raised up,2209,1,1.0,10.6857
5,decoder,raised up,2209,1,1.0,10.8387
5,decoder,raised up,2209,1,0.9999,8.8717
5,decoder,raised up,2209,1,0.9998,8.5266
5,decoder,hanging up,2353,1,0.9999,8.8812
5,decoder,hanging up,2353,1,0.9999,9.5976
5,decoder,hanging up,2353,1,0.9999,9.7014
5,decoder,hanging up,2353,1,1.0,11.4021
5,decoder,hanging up,2353,1,0.9996,7.8529
5,decoder,hanging up,2353,1,0.9998,8.3391
5,decoder,doubled up,1084,1,1.0,11.6097
5,decoder,doubled up,1084,1,0.9999,9.7691
5,decoder,doubled up,1084,1,0.9999,8.8611
5,decoder,doubled up,1084,1,0.9999,9.5697
5,decoder,doubled up,1084,1,0.9998,8.7038
5,decoder,doubled up,1084,1,1.0,11.5809
5,decoder,shut up,6395,1,0.9999,8.8909
5,decoder,shut up,6395,1,0.9994,7.4487
5,decoder,shut up,6395,1,0.9996,7.8662
5,decoder,shut up,6395,1,0.9997,8.2292
5,decoder,shut up,6395,1,0.9999,8.9291
5,decoder,shut up,6395,1,0.9999,9.5826
5,decoder,lighting up,3339,1,0.9998,8.5187
5,decoder,lighting up,3339,1,1.0,12.508
5,decoder,lighting up,3339,1,0.9999,9.8447
5,decoder,lighting up,3339,1,0.9999,9.7667
5,decoder,lighting up,3339,1,1.0,12.8158
5,decoder,lighting up,3339,1,0.9999,9.637
5,decoder,pulling up,2826,1,0.9998,8.7406
5,decoder,pulling up,2826,1,1.0,11.7958
5,decoder,pulling up,2826,1,0.9998,8.4152
5,decoder,pulling up,2826,1,0.9999,9.3155
5,decoder,pulling up,2826,1,0.9999,9.7455
5,decoder,pulling up,2826,1,0.9917,4.7811
5,decoder,cast up,169,1,0.9995,7.6647
5,decoder,cast up,169,1,0.9999,8.8785
5,decoder,cast up,169,1,1.0,10.2905
5,decoder,cast up,169,1,0.9998,8.4433
5,decoder,cast up,169,1,0.9999,9.8987
5,decoder,cast up,169,1,0.9995,7.6735
5,decoder,close up,4489,1,0.9999,9.1085
5,decoder,close up,4489,1,0.9998,8.7457
5,decoder,close up,4489,1,0.9987,6.6182
5,decoder,close up,4489,1,0.9998,8.3375
5,decoder,close up,4489,1,0.9998,8.5304
5,decoder,close up,4489,1,0.9996,7.7798
5,decoder,dashed up,45,1,0.9996,7.9001
5,decoder,dashed up,45,1,0.9997,8.1788
5,decoder,dashed up,45,1,0.9998,8.7399
5,decoder,dashed up,45,1,0.9997,8.1759
5,decoder,dashed up,45,1,1.0,11.3477
5,decoder,dashed up,45,1,0.9999,8.9823
5,decoder,dig up,3998,1,0.9999,9.815
5,decoder,dig up,3998,1,1.0,10.4662
5,decoder,dig up,3998,1,1.0,11.6253
5,decoder,dig up,3998,1,0.9998,8.4865
5,decoder,dig up,3998,1,1.0,11.0868
5,decoder,dig up,3998,1,0.9999,9.3801
5,decoder,speak up,9048,1,1.0,10.5242
5,decoder,speak up,9048,1,0.9998,8.8
5,decoder,speak up,9048,1,1.0,10.0548
5,decoder,speak up,9048,1,0.9999,9.4522
5,decoder,speak up,9048,1,0.9999,9.6367
5,decoder,speak up,9048,1,0.9995,7.57
5,decoder,opened up,29361,1,0.9998,8.7093
5,decoder,opened up,29361,1,0.9995,7.7015
5,decoder,opened up,29361,1,0.9994,7.4301
5,decoder,opened up,29361,1,0.9987,6.6192
5,decoder,opened up,29361,1,0.9997,8.1784
5,decoder,opened up,29361,1,0.9981,6.2603
5,decoder,raise up,2378,1,0.9997,8.2337
5,decoder,raise up,2378,1,0.9997,8.0364
5,decoder,raise up,2378,1,0.9999,9.8008
5,decoder,raise up,2378,1,1.0,10.3288
5,decoder,raise up,2378,1,1.0,12.0139
5,decoder,raise up,2378,1,1.0,10.4614
5,decoder,catching up,15948,1,0.9999,9.0376
5,decoder,catching up,15948,1,1.0,11.1588
5,decoder,catching up,15948,1,1.0,10.7763
5,decoder,catching up,15948,1,1.0,10.9035
5,decoder,catching up,15948,1,0.9999,8.9782
5,decoder,catching up,15948,1,1.0,10.9003
5,decoder,summed up,6418,1,0.9983,6.4034
5,decoder,summed up,6418,1,0.9996,7.7292
5,decoder,summed up,6418,1,1.0,10.9645
5,decoder,summed up,6418,1,1.0,10.7866
5,decoder,summed up,6418,1,0.9995,7.6546
5,decoder,leading up,27526,1,1.0,10.6507
5,decoder,leading up,27526,1,0.9991,6.9597
5,decoder,leading up,27526,1,1.0,10.4848
5,decoder,leading up,27526,1,0.9996,7.8191
5,decoder,leading up,27526,1,0.9999,9.646
5,decoder,summing up,1653,1,0.9998,8.7255
5,decoder,summing up,1653,1,1.0,10.9448
5,decoder,summing up,1653,1,0.9999,8.916
5,decoder,summing up,1653,1,1.0,10.8813
5,decoder,summing up,1653,1,0.9999,9.7648
5,decoder,leaped up,126,1,0.9997,8.1113
5,decoder,leaped up,126,1,1.0,10.2476
5,decoder,leaped up,126,1,0.9998,8.7421
5,decoder,leaped up,126,1,1.0,11.9203
5,decoder,leaped up,126,1,1.0,11.1645
5,decoder,sealed up,544,1,0.9988,6.7303
5,decoder,sealed up,544,1,0.998,6.2359
5,decoder,sealed up,544,1,0.9969,5.7708
5,decoder,sealed up,544,1,0.9999,9.3112
5,decoder,sealed up,544,1,0.9999,9.8156
5,decoder,filling up,9115,1,0.9999,9.799
5,decoder,filling up,9115,1,0.9999,9.8032
5,decoder,filling up,9115,1,0.9997,7.9947
5,decoder,filling up,9115,1,0.9999,9.093
5,decoder,filling up,9115,1,0.9999,9.146
5,decoder,welled up,534,1,0.9986,6.5713
5,decoder,welled up,534,1,0.9998,8.4505
5,decoder,welled up,534,1,0.9997,8.1278
5,decoder,welled up,534,1,0.9996,7.9338
5,decoder,welled up,534,1,0.9984,6.4191
5,decoder,run up,5575,1,0.9998,8.4922
5,decoder,run up,5575,1,0.9999,9.7545
5,decoder,run up,5575,1,0.9935,5.03
5,decoder,run up,5575,1,1.0,11.0474
5,decoder,run up,5575,1,0.9999,9.3315
5,decoder,hang up,5558,1,1.0,10.4386
5,decoder,hang up,5558,1,0.9998,8.6896
5,decoder,hang up,5558,1,1.0,10.5038
5,decoder,hang up,5558,1,0.9999,9.7991
5,decoder,hang up,5558,1,1.0,11.4057
5,decoder,covered up,3651,1,0.9997,8.2639
5,decoder,covered up,3651,1,0.9985,6.5264
5,decoder,covered up,3651,1,0.9999,9.4149
5,decoder,covered up,3651,1,0.9999,8.9277
5,decoder,covered up,3651,1,0.9992,7.1939
5,decoder,riding up,779,1,0.9992,7.1456
5,decoder,riding up,779,1,0.9999,9.1512
5,decoder,riding up,779,1,1.0,11.4572
5,decoder,riding up,779,1,1.0,11.6325
5,decoder,riding up,779,1,1.0,10.2511
5,decoder,torn up,1054,1,1.0,10.765
5,decoder,torn up,1054,1,1.0,11.6252
5,decoder,torn up,1054,1,0.9997,8.0825
5,decoder,torn up,1054,1,0.9999,9.0654
5,decoder,torn up,1054,1,0.9999,9.8987
5,decoder,bound up,1420,1,0.9999,9.6636
5,decoder,bound up,1420,1,1.0,10.487
5,decoder,bound up,1420,1,0.9999,9.1964
5,decoder,bound up,1420,1,0.9999,9.2941
5,decoder,bound up,1420,1,0.9997,8.244
5,decoder,stuck up,841,1,0.9998,8.3521
5,decoder,stuck up,841,1,0.9998,8.7162
5,decoder,stuck up,841,1,0.9999,9.3394
5,decoder,stuck up,841,1,0.9999,8.9726
5,decoder,stuck up,841,1,1.0,10.2374
5,decoder,bundled up,1669,1,0.997,5.79
5,decoder,bundled up,1669,1,0.9993,7.3043
5,decoder,bundled up,1669,1,0.9969,5.7892
5,decoder,bundled up,1669,1,0.9993,7.3297
5,decoder,bundled up,1669,1,0.999,6.9402
5,decoder,conjured up,1375,1,0.9999,9.4178
5,decoder,conjured up,1375,1,0.9996,7.7595
5,decoder,conjured up,1375,1,0.9999,9.2501
5,decoder,conjured up,1375,1,1.0,10.0157
5,decoder,conjured up,1375,1,1.0,10.527
5,decoder,walled up,100,1,0.9999,9.0721
5,decoder,walled up,100,1,0.9993,7.2351
5,decoder,walled up,100,1,0.9999,9.414
5,decoder,walled up,100,1,0.9981,6.2533
5,decoder,walled up,100,1,0.9936,5.0522
5,decoder,leaping up,157,1,1.0,10.281
5,decoder,leaping up,157,1,0.9999,9.8512
5,decoder,leaping up,157,1,1.0,10.8158
5,decoder,leaping up,157,1,1.0,11.7203
5,decoder,leaping up,157,1,1.0,10.6649
5,decoder,buy up,1451,1,0.9999,9.4054
5,decoder,buy up,1451,1,0.9999,9.2792
5,decoder,buy up,1451,1,0.9991,6.968
5,decoder,buy up,1451,1,0.9998,8.3693
5,decoder,buy up,1451,1,1.0,11.3412
5,decoder,climb up,6766,1,1.0,10.8277
5,decoder,climb up,6766,1,0.9998,8.7661
5,decoder,climb up,6766,1,1.0,11.1708
5,decoder,climb up,6766,1,0.9996,7.8979
5,decoder,climb up,6766,1,1.0,10.7683
5,decoder,crawled up,270,1,0.9996,7.8969
5,decoder,crawled up,270,1,0.9948,5.257
5,decoder,crawled up,270,1,0.9957,5.4489
5,decoder,crawled up,270,1,0.9988,6.7354
5,decoder,crawled up,270,1,1.0,10.12
5,decoder,flying up,583,1,1.0,9.9551
5,decoder,flying up,583,1,1.0,11.6243
5,decoder,flying up,583,1,0.9999,9.8912
5,decoder,flying up,583,1,0.9999,9.1311
5,decoder,flying up,583,1,0.9999,9.3207
5,decoder,beat up,3713,1,1.0,10.6889
5,decoder,beat up,3713,1,1.0,10.7048
5,decoder,beat up,3713,1,1.0,10.3101
5,decoder,beat up,3713,1,1.0,11.1042
5,decoder,beat up,3713,1,1.0,10.0668
5,decoder,lead up,1998,1,1.0,12.1073
5,decoder,lead up,1998,1,0.9998,8.4891
5,decoder,lead up,1998,1,1.0,11.7464
5,decoder,lead up,1998,1,0.9999,9.1041
5,decoder,lead up,1998,1,0.9999,9.2011
5,decoder,pushed up,1823,1,0.9996,7.8239
5,decoder,pushed up,1823,1,0.9996,7.8948
5,decoder,pushed up,1823,1,0.9999,9.1552
5,decoder,pushed up,1823,1,0.9994,7.3922
5,decoder,pushed up,1823,1,0.9995,7.6323
5,decoder,rises up,1431,1,1.0,10.6666
5,decoder,rises up,1431,1,1.0,10.0434
5,decoder,rises up,1431,1,0.9999,9.1767
5,decoder,rises up,1431,1,0.9988,6.6922
5,decoder,rises up,1431,1,1.0,10.2934
5,decoder,eaten up,917,1,1.0,11.734
5,decoder,eaten up,917,1,1.0,9.9948
5,decoder,eaten up,917,1,1.0,10.7904
5,decoder,eaten up,917,1,1.0,11.6701
5,decoder,eaten up,917,1,1.0,11.7264
5,decoder,blown up,3050,1,0.9998,8.5625
5,decoder,blown up,3050,1,0.9997,8.042
5,decoder,blown up,3050,1,0.9999,8.9374
5,decoder,blown up,3050,1,0.9998,8.7252
5,decoder,blown up,3050,1,0.9972,5.8884
5,decoder,passed up,1142,1,1.0,10.1716
5,decoder,passed up,1142,1,0.999,6.9086
5,decoder,passed up,1142,1,0.9994,7.4094
5,decoder,passed up,1142,1,0.9999,9.8059
5,decoder,passed up,1142,1,0.9997,8.2548
5,decoder,sending up,436,1,0.9995,7.5261
5,decoder,sending up,436,1,1.0,11.6143
5,decoder,sending up,436,1,0.9978,6.1245
5,decoder,sending up,436,1,0.9999,9.4027
5,decoder,sending up,436,1,1.0,9.9232
5,decoder,hauled up,274,1,0.9982,6.3121
5,decoder,hauled up,274,1,0.9989,6.7718
5,decoder,hauled up,274,1,0.9998,8.5988
5,decoder,hauled up,274,1,0.9975,5.9935
5,decoder,hauled up,274,1,0.9964,5.6111
5,decoder,makes up,17251,1,0.9998,8.3336
5,decoder,makes up,17251,1,0.9997,8.055
5,decoder,makes up,17251,1,1.0,10.7783
5,decoder,makes up,17251,1,1.0,10.596
5,decoder,makes up,17251,1,1.0,9.9286
5,decoder,strolled up,108,1,0.9985,6.5217
5,decoder,strolled up,108,1,1.0,10.4067
5,decoder,strolled up,108,1,0.9993,7.2431
5,decoder,strolled up,108,1,0.9977,6.0896
5,decoder,strolled up,108,1,1.0,10.7674
5,decoder,blew up,3144,1,1.0,11.232
5,decoder,blew up,3144,1,1.0,9.9883
5,decoder,blew up,3144,1,0.9999,9.5237
5,decoder,blew up,3144,1,1.0,10.1407
5,decoder,blew up,3144,1,1.0,11.2881
5,decoder,stole up,12,1,0.9999,9.7014
5,decoder,stole up,12,1,0.9995,7.515
5,decoder,stole up,12,1,1.0,10.1121
5,decoder,stole up,12,1,1.0,11.1147
5,decoder,stole up,12,1,0.9998,8.5515
