model,epoch,loss
OPT-125M,0.05,8.9712
OPT-125M,0.1,7.9842
OPT-125M,0.15,7.3451
OPT-125M,0.2,6.8753
OPT-125M,0.25,6.3354
OPT-125M,0.3,5.9322
OPT-125M,0.35,5.6527
OPT-125M,0.4,5.4513
OPT-125M,0.45,5.3322
OPT-125M,0.5,5.1982
OPT-125M,0.55,5.0348
OPT-125M,0.6,4.9211
OPT-125M,0.65,4.8283
OPT-125M,0.7,4.7264
OPT-125M,0.75,4.6218
OPT-125M,0.8,4.5742
OPT-125M,0.85,4.4819
OPT-125M,0.9,4.4757
OPT-125M,0.95,4.3986
OPT-125M,1.0,4.3899
OPT-125M,1.05,4.3316
OPT-125M,1.1,4.3295
OPT-125M,1.15,4.2759
OPT-125M,1.2,4.2682
OPT-125M,1.25,4.2023
OPT-125M,1.3,4.2212
OPT-125M,1.35,4.1601
OPT-125M,1.4,4.1365
OPT-125M,1.45,4.1086
OPT-125M,1.5,4.1018
OPT-125M,1.55,4.1115
OPT-125M,1.6,4.0528
OPT-125M,1.65,4.0265
OPT-125M,1.7,4.0112
OPT-125M,1.75,4.0205
OPT-125M,1.8,3.967
OPT-125M,1.85,3.9735
OPT-125M,1.9,3.9624
OPT-125M,1.95,3.9169
OPT-125M,2.0,3.8935
OPT-125M,2.05,3.911
OPT-125M,2.1,3.8712
OPT-125M,2.15,3.8493
OPT-125M,2.2,3.8436
OPT-125M,2.25,3.865
OPT-125M,2.3,3.8244
OPT-125M,2.35,3.8294
OPT-125M,2.4,3.758
OPT-125M,2.45,3.7807
OPT-125M,2.5,3.7754
OPT-125M,2.55,3.7645
OPT-125M,2.6,3.7368
OPT-125M,2.65,3.7171
OPT-125M,2.7,3.7183
OPT-125M,2.75,3.6833
OPT-125M,2.8,3.7024
OPT-125M,2.85,3.6656
OPT-125M,2.9,3.6583
OPT-125M,2.95,3.6698
OPT-125M,3.0,3.6684
OPT-125M,3.05,3.6361
OPT-125M,3.1,3.6072
OPT-125M,3.15,3.569
OPT-125M,3.2,3.5538
OPT-125M,3.25,3.5289
OPT-125M,3.3,3.5307
OPT-125M,3.35,3.542
OPT-125M,3.4,3.4952
OPT-125M,3.45,3.4914
OPT-125M,3.5,3.4707
OPT-125M,3.55,3.4564
OPT-125M,3.6,3.4819
OPT-125M,3.65,3.4601
OPT-125M,3.7,3.4079
OPT-125M,3.75,3.3906
OPT-125M,3.8,3.3925
OPT-125M,3.85,3.3768
OPT-125M,3.9,3.3782
OPT-125M,3.95,3.3757
OPT-125M,4.0,3.3757
OPT-125M,4.05,3.3769
OPT-125M,4.1,3.3165
OPT-125M,4.15,3.3055
OPT-125M,4.2,3.2959
OPT-125M,4.25,3.3073
OPT-125M,4.3,3.2769
OPT-125M,4.35,3.2549
OPT-125M,4.4,3.2785
OPT-125M,4.45,3.296
OPT-125M,4.5,3.2636
OPT-125M,4.55,3.2586
OPT-125M,4.6,3.2166
OPT-125M,4.65,3.2099
OPT-125M,4.7,3.1881
OPT-125M,4.75,3.1933
OPT-125M,4.8,3.1988
OPT-125M,4.85,3.191
OPT-125M,4.9,3.1626
OPT-125M,4.95,3.1592
OPT-125M,5.0,3.1462
OPT-125M,5.05,3.1471
OPT-125M,5.1,3.108
OPT-125M,5.15,3.1048
OPT-125M,5.2,3.1185
OPT-125M,5.25,3.1067
OPT-125M,5.3,3.0661
OPT-125M,5.35,3.086
OPT-125M,5.4,3.065
OPT-125M,5.45,3.0284
OPT-125M,5.5,3.0227
OPT-125M,5.55,3.0355
OPT-125M,5.6,3.0126
OPT-125M,5.65,3.0403
OPT-125M,5.7,3.021
OPT-125M,5.75,3.0228
OPT-125M,5.8,3.0081
OPT-125M,5.85,2.9963
OPT-125M,5.9,2.9943
OPT-125M,5.95,2.9852
OPT-125M,6.0,2.9527
OPT-125M,6.05,2.977
OPT-125M,6.1,2.9585
OPT-125M,6.15,2.9368
OPT-125M,6.2,2.9555
OPT-125M,6.25,2.9445
OPT-125M,6.3,2.9521
OPT-125M,6.35,2.9267
OPT-125M,6.4,2.9263
OPT-125M,6.45,2.9154
OPT-125M,6.5,2.9134
OPT-125M,6.55,2.9291
OPT-125M,6.6,2.929
OPT-125M,6.65,2.9071
OPT-125M,6.7,2.913
OPT-125M,6.75,2.8989
OPT-125M,6.8,2.8857
OPT-125M,6.85,2.8914
OPT-125M,6.9,2.8882
OPT-125M,6.95,2.8773
OPT-125M,7.0,2.8677
OPT-125M,7.05,2.8742
OPT-125M,7.1,2.872
OPT-125M,7.15,2.8692
OPT-125M,7.2,2.8631
OPT-125M,7.25,2.8527
OPT-125M,7.3,2.8597
OPT-125M,7.35,2.8271
OPT-125M,7.4,2.8499
OPT-125M,7.45,2.835
OPT-125M,7.5,2.8573
OPT-125M,7.55,2.8309
OPT-125M,7.6,2.8388
OPT-125M,7.65,2.8297
OPT-125M,7.7,2.8435
OPT-125M,7.75,2.8524
OPT-125M,7.8,2.821
OPT-125M,7.85,2.8247
OPT-125M,7.9,2.8113
OPT-125M,7.95,2.8133
OPT-125M,8.0,2.8165
OPT-125M,8.05,2.8064
OPT-125M,8.1,2.8054
OPT-125M,8.15,2.7826
OPT-125M,8.2,2.7959
OPT-125M,8.25,2.802
OPT-125M,8.3,2.7927
OPT-125M,8.35,2.782
OPT-125M,8.4,2.7922
OPT-125M,8.45,2.7984
OPT-125M,8.5,2.7913
OPT-125M,8.55,2.783
OPT-125M,8.6,2.7971
OPT-125M,8.65,2.7694
OPT-125M,8.7,2.7836
OPT-125M,8.75,2.7828
OPT-125M,8.8,2.7747
OPT-125M,8.85,2.761
OPT-125M,8.9,2.7835
OPT-125M,8.95,2.767
OPT-125M,9.0,2.7745
OPT-125M,9.05,2.7546
OPT-125M,9.1,2.7436
OPT-125M,9.15,2.746
OPT-125M,9.2,2.7446
OPT-125M,9.25,2.7575
OPT-125M,9.3,2.7542
OPT-125M,9.35,2.7401
OPT-125M,9.4,2.7502
OPT-125M,9.45,2.7466
OPT-125M,9.5,2.7542
OPT-125M,9.55,2.7488
OPT-125M,9.6,2.7385
OPT-125M,9.65,2.7398
OPT-125M,9.7,2.7456
OPT-125M,9.75,2.7242
OPT-125M,9.8,2.7427
OPT-125M,9.85,2.7219
OPT-125M,9.9,2.7322
OPT-125M,9.95,2.7396
OPT-125M,10.0,2.7289
OPT-125M,10.05,2.7171
OPT-125M,10.1,2.7185
OPT-125M,10.15,2.7188
OPT-125M,10.2,2.7103
OPT-125M,10.25,2.712
OPT-125M,10.3,2.7158
OPT-125M,10.35,2.709
OPT-125M,10.4,2.6996
OPT-125M,10.45,2.6978
OPT-125M,10.5,2.7139
OPT-125M,10.55,2.7038
OPT-125M,10.6,2.6964
OPT-125M,10.65,2.718
OPT-125M,10.7,2.7116
OPT-125M,10.75,2.7101
OPT-125M,10.8,2.7091
OPT-125M,10.85,2.6962
OPT-125M,10.9,2.6926
OPT-125M,10.95,2.7069
OPT-125M,11.0,2.696
OPT-125M,11.05,2.6845
OPT-125M,11.1,2.6785
OPT-125M,11.15,2.6704
OPT-125M,11.2,2.6793
OPT-125M,11.25,2.6967
OPT-125M,11.3,2.6883
OPT-125M,11.35,2.6838
OPT-125M,11.4,2.6756
OPT-125M,11.45,2.6802
OPT-125M,11.5,2.6781
OPT-125M,11.55,2.6696
OPT-125M,11.6,2.6909
OPT-125M,11.65,2.6862
OPT-125M,11.7,2.6897
OPT-125M,11.75,2.6755
OPT-125M,11.8,2.6849
OPT-125M,11.85,2.6765
OPT-125M,11.9,2.6702
OPT-125M,11.95,2.6417
OPT-125M,12.0,2.6753
OPT-125M,12.05,2.6495
OPT-125M,12.1,2.6639
OPT-125M,12.15,2.6559
OPT-125M,12.2,2.6524
OPT-125M,12.25,2.6499
OPT-125M,12.3,2.6556
OPT-125M,12.35,2.6416
OPT-125M,12.4,2.6474
OPT-125M,12.45,2.6389
OPT-125M,12.5,2.6502
OPT-125M,12.55,2.6771
OPT-125M,12.6,2.656
OPT-125M,12.65,2.6587
OPT-125M,12.7,2.6637
OPT-125M,12.75,2.659
OPT-125M,12.8,2.6653
OPT-125M,12.85,2.6541
OPT-125M,12.9,2.6592
OPT-125M,12.95,2.6456
OPT-125M,13.0,2.6381
OPT-125M,13.05,2.6417
OPT-125M,13.1,2.6456
OPT-125M,13.15,2.652
OPT-125M,13.2,2.638
OPT-125M,13.25,2.6278
OPT-125M,13.3,2.6534
OPT-125M,13.35,2.6471
OPT-125M,13.4,2.612
OPT-125M,13.45,2.6396
OPT-125M,13.5,2.6293
OPT-125M,13.55,2.6265
OPT-125M,13.6,2.6439
OPT-125M,13.65,2.6171
OPT-125M,13.7,2.6447
OPT-125M,13.75,2.6149
OPT-125M,13.8,2.6231
OPT-125M,13.85,2.6328
OPT-125M,13.9,2.6205
OPT-125M,13.95,2.6161
OPT-125M,14.0,2.6407
OPT-125M,14.05,2.6311
OPT-125M,14.1,2.6367
OPT-125M,14.15,2.6175
OPT-125M,14.2,2.6064
OPT-125M,14.25,2.623
OPT-125M,14.3,2.6081
OPT-125M,14.35,2.6254
OPT-125M,14.4,2.6099
OPT-125M,14.45,2.6094
OPT-125M,14.5,2.6124
OPT-125M,14.55,2.6105
OPT-125M,14.6,2.6105
OPT-125M,14.65,2.6258
OPT-125M,14.7,2.6259
OPT-125M,14.75,2.5982
OPT-125M,14.8,2.6225
OPT-125M,14.85,2.6077
OPT-125M,14.9,2.5964
OPT-125M,14.95,2.6239
OPT-125M,15.0,2.6039
OPT-125M,15.05,2.6031
OPT-125M,15.1,2.6094
OPT-125M,15.15,2.6015
OPT-125M,15.2,2.6051
OPT-125M,15.25,2.5945
OPT-125M,15.3,2.5949
OPT-125M,15.35,2.6002
OPT-125M,15.4,2.6152
OPT-125M,15.45,2.5923
OPT-125M,15.5,2.613
OPT-125M,15.55,2.5672
OPT-125M,15.6,2.5892
OPT-125M,15.65,2.5952
OPT-125M,15.7,2.6002
OPT-125M,15.75,2.5955
OPT-125M,15.8,2.6048
OPT-125M,15.85,2.6114
OPT-125M,15.9,2.5959
OPT-125M,15.95,2.601
OPT-125M,16.0,2.6131
OPT-125M,16.05,2.5864
OPT-125M,16.1,2.5801
OPT-125M,16.15,2.5941
OPT-125M,16.2,2.5894
OPT-125M,16.25,2.5775
OPT-125M,16.3,2.6093
OPT-125M,16.35,2.5896
OPT-125M,16.4,2.5792
OPT-125M,16.45,2.5846
OPT-125M,16.5,2.5888
OPT-125M,16.55,2.5951
OPT-125M,16.6,2.584
OPT-125M,16.65,2.584
OPT-125M,16.7,2.5893
OPT-125M,16.75,2.5752
OPT-125M,16.8,2.5847
OPT-125M,16.85,2.5942
OPT-125M,16.9,2.5782
OPT-125M,16.95,2.5809
OPT-125M,17.0,2.5991
OPT-125M,17.05,2.5923
OPT-125M,17.1,2.567
OPT-125M,17.15,2.5943
OPT-125M,17.2,2.5845
OPT-125M,17.25,2.5632
OPT-125M,17.3,2.5763
OPT-125M,17.35,2.5758
OPT-125M,17.4,2.5847
OPT-125M,17.45,2.5685
OPT-125M,17.5,2.5942
OPT-125M,17.55,2.5649
OPT-125M,17.6,2.561
OPT-125M,17.65,2.5782
OPT-125M,17.7,2.5803
OPT-125M,17.75,2.576
OPT-125M,17.8,2.5763
OPT-125M,17.85,2.5693
OPT-125M,17.9,2.5792
OPT-125M,17.95,2.5683
OPT-125M,18.0,2.5776
OPT-125M,18.05,2.5818
OPT-125M,18.1,2.5501
OPT-125M,18.15,2.5594
OPT-125M,18.2,2.5654
OPT-125M,18.25,2.5753
OPT-125M,18.3,2.5716
OPT-125M,18.35,2.5657
OPT-125M,18.4,2.5733
OPT-125M,18.45,2.5836
OPT-125M,18.5,2.5669
OPT-125M,18.55,2.5767
OPT-125M,18.6,2.5688
OPT-125M,18.65,2.5738
OPT-125M,18.7,2.5436
OPT-125M,18.75,2.5739
OPT-125M,18.8,2.5536
OPT-125M,18.85,2.5501
OPT-125M,18.9,2.574
OPT-125M,18.95,2.5799
OPT-125M,19.0,2.574
OPT-125M,19.05,2.5825
OPT-125M,19.1,2.5605
OPT-125M,19.15,2.5665
OPT-125M,19.2,2.576
OPT-125M,19.25,2.5507
OPT-125M,19.3,2.574
OPT-125M,19.35,2.552
OPT-125M,19.4,2.5466
OPT-125M,19.45,2.558
OPT-125M,19.5,2.5661
OPT-125M,19.55,2.5678
OPT-125M,19.6,2.5681
OPT-125M,19.65,2.5585
OPT-125M,19.7,2.5546
OPT-125M,19.75,2.5666
OPT-125M,19.8,2.5571
OPT-125M,19.85,2.5665
OPT-125M,19.9,2.5664
OPT-125M,19.95,2.5524
OPT-125M,20.0,2.5465
OPT-350M,0.025,9.0648
OPT-350M,0.05,8.4503
OPT-350M,0.075,7.9007
OPT-350M,0.1,7.5442
OPT-350M,0.125,7.144
OPT-350M,0.15,6.7085
OPT-350M,0.175,6.4027
OPT-350M,0.2,6.2462
OPT-350M,0.225,6.0502
OPT-350M,0.25,5.869
OPT-350M,0.275,5.7126
OPT-350M,0.3,5.5782
OPT-350M,0.325,5.4613
OPT-350M,0.35,5.3778
OPT-350M,0.375,5.3177
OPT-350M,0.4,5.1716
OPT-350M,0.425,5.1808
OPT-350M,0.45,5.0967
OPT-350M,0.475,5.0699
OPT-350M,0.5,4.9945
OPT-350M,0.525,4.9368
OPT-350M,0.55,4.8855
OPT-350M,0.575,4.8552
OPT-350M,0.6,4.8053
OPT-350M,0.625,4.7835
OPT-350M,0.65,4.7277
OPT-350M,0.675,4.6882
OPT-350M,0.7,4.686
OPT-350M,0.725,4.6239
OPT-350M,0.75,4.5893
OPT-350M,0.775,4.5841
OPT-350M,0.8,4.5256
OPT-350M,0.825,4.4652
OPT-350M,0.85,4.4738
OPT-350M,0.875,4.4873
OPT-350M,0.9,4.452
OPT-350M,0.925,4.4126
OPT-350M,0.95,4.3807
OPT-350M,0.975,4.4078
OPT-350M,1.0,4.3765
OPT-350M,1.025,4.3288
OPT-350M,1.05,4.3341
OPT-350M,1.075,4.3403
OPT-350M,1.1,4.3308
OPT-350M,1.125,4.3009
OPT-350M,1.15,4.2709
OPT-350M,1.175,4.2735
OPT-350M,1.2,4.2882
OPT-350M,1.225,4.2187
OPT-350M,1.25,4.196
OPT-350M,1.275,4.2357
OPT-350M,1.3,4.1819
OPT-350M,1.325,4.1884
OPT-350M,1.35,4.1431
OPT-350M,1.375,4.1537
OPT-350M,1.4,4.1525
OPT-350M,1.425,4.1212
OPT-350M,1.45,4.1275
OPT-350M,1.475,4.1235
OPT-350M,1.5,4.1001
OPT-350M,1.525,4.1166
OPT-350M,1.55,4.0779
OPT-350M,1.575,4.0624
OPT-350M,1.6,4.0553
OPT-350M,1.625,4.0515
OPT-350M,1.65,4.0374
OPT-350M,1.675,4.0106
OPT-350M,1.7,4.0462
OPT-350M,1.725,4.0239
OPT-350M,1.75,4.0288
OPT-350M,1.775,3.9841
OPT-350M,1.8,3.9698
OPT-350M,1.825,3.9765
OPT-350M,1.85,4.0052
OPT-350M,1.875,3.9604
OPT-350M,1.9,3.9785
OPT-350M,1.925,3.9269
OPT-350M,1.95,3.918
OPT-350M,1.975,3.9327
OPT-350M,2.0,3.8814
OPT-350M,2.025,3.9042
OPT-350M,2.05,3.9245
OPT-350M,2.075,3.8262
OPT-350M,2.1,3.8689
OPT-350M,2.125,3.844
OPT-350M,2.15,3.7903
OPT-350M,2.175,3.8508
OPT-350M,2.2,3.7934
OPT-350M,2.225,3.8583
OPT-350M,2.25,3.8104
OPT-350M,2.275,3.7748
OPT-350M,2.3,3.7594
OPT-350M,2.325,3.7698
OPT-350M,2.35,3.7763
OPT-350M,2.375,3.6812
OPT-350M,2.4,3.7236
OPT-350M,2.425,3.7138
OPT-350M,2.45,3.7069
OPT-350M,2.475,3.6962
OPT-350M,2.5,3.7033
OPT-350M,2.525,3.6861
OPT-350M,2.55,3.7039
OPT-350M,2.575,3.6869
OPT-350M,2.6,3.6322
OPT-350M,2.625,3.6456
OPT-350M,2.65,3.6255
OPT-350M,2.675,3.6388
OPT-350M,2.7,3.6614
OPT-350M,2.725,3.6037
OPT-350M,2.75,3.5833
OPT-350M,2.775,3.609
OPT-350M,2.8,3.6334
OPT-350M,2.825,3.6329
OPT-350M,2.85,3.5479
OPT-350M,2.875,3.5837
OPT-350M,2.9,3.5681
OPT-350M,2.925,3.5676
OPT-350M,2.95,3.5733
OPT-350M,2.975,3.5402
OPT-350M,3.0,3.5416
OPT-350M,3.025,3.5618
OPT-350M,3.05,3.5265
OPT-350M,3.075,3.5459
OPT-350M,3.1,3.5268
OPT-350M,3.125,3.5273
OPT-350M,3.15,3.4904
OPT-350M,3.175,3.5093
OPT-350M,3.2,3.4696
OPT-350M,3.225,3.4575
OPT-350M,3.25,3.4683
OPT-350M,3.275,3.4822
OPT-350M,3.3,3.4586
OPT-350M,3.325,3.4929
OPT-350M,3.35,3.4577
OPT-350M,3.375,3.4393
OPT-350M,3.4,3.4416
OPT-350M,3.425,3.4566
OPT-350M,3.45,3.4356
OPT-350M,3.475,3.4412
OPT-350M,3.5,3.423
OPT-350M,3.525,3.4301
OPT-350M,3.55,3.3931
OPT-350M,3.575,3.4349
OPT-350M,3.6,3.4174
OPT-350M,3.625,3.4214
OPT-350M,3.65,3.392
OPT-350M,3.675,3.3574
OPT-350M,3.7,3.3845
OPT-350M,3.725,3.3511
OPT-350M,3.75,3.3805
OPT-350M,3.775,3.3697
OPT-350M,3.8,3.3758
OPT-350M,3.825,3.3314
OPT-350M,3.85,3.3814
OPT-350M,3.875,3.3866
OPT-350M,3.9,3.3315
OPT-350M,3.925,3.3535
OPT-350M,3.95,3.3579
OPT-350M,3.975,3.3228
OPT-350M,4.0,3.3631
OPT-350M,4.025,3.3308
OPT-350M,4.05,3.3478
OPT-350M,4.075,3.2891
OPT-350M,4.1,3.3146
OPT-350M,4.125,3.2973
OPT-350M,4.15,3.2944
OPT-350M,4.175,3.3143
OPT-350M,4.2,3.2738
OPT-350M,4.225,3.3194
OPT-350M,4.25,3.2964
OPT-350M,4.275,3.2829
OPT-350M,4.3,3.2672
OPT-350M,4.325,3.2511
OPT-350M,4.35,3.2559
OPT-350M,4.375,3.2844
OPT-350M,4.4,3.2696
OPT-350M,4.425,3.2816
OPT-350M,4.45,3.2597
OPT-350M,4.475,3.2775
OPT-350M,4.5,3.241
OPT-350M,4.525,3.2693
OPT-350M,4.55,3.2815
OPT-350M,4.575,3.2282
OPT-350M,4.6,3.2235
OPT-350M,4.625,3.2247
OPT-350M,4.65,3.221
OPT-350M,4.675,3.201
OPT-350M,4.7,3.2142
OPT-350M,4.725,3.1993
OPT-350M,4.75,3.225
OPT-350M,4.775,3.2227
OPT-350M,4.8,3.2109
OPT-350M,4.825,3.2205
OPT-350M,4.85,3.2031
OPT-350M,4.875,3.1797
OPT-350M,4.9,3.1904
OPT-350M,4.925,3.1887
OPT-350M,4.95,3.1845
OPT-350M,4.975,3.1788
OPT-350M,5.0,3.1602
OPT-350M,5.025,3.1768
OPT-350M,5.05,3.1732
OPT-350M,5.075,3.1455
OPT-350M,5.1,3.1432
OPT-350M,5.125,3.1352
OPT-350M,5.15,3.1394
OPT-350M,5.175,3.1778
OPT-350M,5.2,3.1367
OPT-350M,5.225,3.1304
OPT-350M,5.25,3.176
OPT-350M,5.275,3.1254
OPT-350M,5.3,3.1039
OPT-350M,5.325,3.1367
OPT-350M,5.35,3.13
OPT-350M,5.375,3.1358
OPT-350M,5.4,3.0925
OPT-350M,5.425,3.0746
OPT-350M,5.45,3.0893
OPT-350M,5.475,3.0828
OPT-350M,5.5,3.0647
OPT-350M,5.525,3.1049
OPT-350M,5.55,3.0742
OPT-350M,5.575,3.0766
OPT-350M,5.6,3.0678
OPT-350M,5.625,3.1202
OPT-350M,5.65,3.0762
OPT-350M,5.675,3.0713
OPT-350M,5.7,3.0861
OPT-350M,5.725,3.0787
OPT-350M,5.75,3.0879
OPT-350M,5.775,3.0856
OPT-350M,5.8,3.0522
OPT-350M,5.825,3.0617
OPT-350M,5.85,3.0602
OPT-350M,5.875,3.0765
OPT-350M,5.9,3.0459
OPT-350M,5.925,3.0553
OPT-350M,5.95,3.044
OPT-350M,5.975,3.035
OPT-350M,6.0,2.9978
OPT-350M,6.025,3.0208
OPT-350M,6.05,3.0711
OPT-350M,6.075,3.021
OPT-350M,6.1,3.0275
OPT-350M,6.125,2.9963
OPT-350M,6.15,3.0142
OPT-350M,6.175,3.0075
OPT-350M,6.2,3.0393
OPT-350M,6.225,3.0396
OPT-350M,6.25,2.9862
OPT-350M,6.275,3.0419
OPT-350M,6.3,3.0078
OPT-350M,6.325,2.9888
OPT-350M,6.35,3.002
OPT-350M,6.375,2.9879
OPT-350M,6.4,3.0088
OPT-350M,6.425,2.9779
OPT-350M,6.45,2.9953
OPT-350M,6.475,2.9842
OPT-350M,6.5,2.9917
OPT-350M,6.525,3.0322
OPT-350M,6.55,2.9775
OPT-350M,6.575,2.9956
OPT-350M,6.6,3.0099
OPT-350M,6.625,2.968
OPT-350M,6.65,2.9918
OPT-350M,6.675,2.9987
OPT-350M,6.7,2.9697
OPT-350M,6.725,2.9728
OPT-350M,6.75,2.9753
OPT-350M,6.775,2.9518
OPT-350M,6.8,2.9688
OPT-350M,6.825,2.9781
OPT-350M,6.85,2.9541
OPT-350M,6.875,2.9645
OPT-350M,6.9,2.9607
OPT-350M,6.925,2.9438
OPT-350M,6.95,2.9623
OPT-350M,6.975,2.9408
OPT-350M,7.0,2.944
OPT-350M,7.025,2.9641
OPT-350M,7.05,2.9395
OPT-350M,7.075,2.9434
OPT-350M,7.1,2.9604
OPT-350M,7.125,2.9402
OPT-350M,7.15,2.9536
OPT-350M,7.175,2.9267
OPT-350M,7.2,2.947
OPT-350M,7.225,2.9292
OPT-350M,7.25,2.9277
OPT-350M,7.275,2.9579
OPT-350M,7.3,2.9218
OPT-350M,7.325,2.9068
OPT-350M,7.35,2.9043
OPT-350M,7.375,2.9023
OPT-350M,7.4,2.9538
OPT-350M,7.425,2.9047
OPT-350M,7.45,2.9216
OPT-350M,7.475,2.9281
OPT-350M,7.5,2.9434
OPT-350M,7.525,2.9072
OPT-350M,7.55,2.9083
OPT-350M,7.575,2.9224
OPT-350M,7.6,2.9165
OPT-350M,7.625,2.8955
OPT-350M,7.65,2.9232
OPT-350M,7.675,2.9251
OPT-350M,7.7,2.9139
OPT-350M,7.725,2.9162
OPT-350M,7.75,2.9405
OPT-350M,7.775,2.902
OPT-350M,7.8,2.891
OPT-350M,7.825,2.9055
OPT-350M,7.85,2.9019
OPT-350M,7.875,2.9012
OPT-350M,7.9,2.8809
OPT-350M,7.925,2.8708
OPT-350M,7.95,2.9152
OPT-350M,7.975,2.8886
OPT-350M,8.0,2.9015
OPT-350M,8.025,2.8882
OPT-350M,8.05,2.8858
OPT-350M,8.075,2.9055
OPT-350M,8.1,2.8687
OPT-350M,8.125,2.8673
OPT-350M,8.15,2.8613
OPT-350M,8.175,2.887
OPT-350M,8.2,2.8691
OPT-350M,8.225,2.8718
OPT-350M,8.25,2.8958
OPT-350M,8.275,2.8709
OPT-350M,8.3,2.8688
OPT-350M,8.325,2.86
OPT-350M,8.35,2.8614
OPT-350M,8.375,2.8904
OPT-350M,8.4,2.8519
OPT-350M,8.425,2.9026
OPT-350M,8.45,2.8586
OPT-350M,8.475,2.8726
OPT-350M,8.5,2.8714
OPT-350M,8.525,2.8677
OPT-350M,8.55,2.8576
OPT-350M,8.575,2.8837
OPT-350M,8.6,2.8725
OPT-350M,8.625,2.8566
OPT-350M,8.65,2.8409
OPT-350M,8.675,2.8602
OPT-350M,8.7,2.8656
OPT-350M,8.725,2.8506
OPT-350M,8.75,2.8697
OPT-350M,8.775,2.8428
OPT-350M,8.8,2.8634
OPT-350M,8.825,2.8544
OPT-350M,8.85,2.8295
OPT-350M,8.875,2.8524
OPT-350M,8.9,2.877
OPT-350M,8.925,2.8519
OPT-350M,8.95,2.8441
OPT-350M,8.975,2.8482
OPT-350M,9.0,2.8597
OPT-350M,9.025,2.8443
OPT-350M,9.05,2.8311
OPT-350M,9.075,2.8274
OPT-350M,9.1,2.825
OPT-350M,9.125,2.8274
OPT-350M,9.15,2.8277
OPT-350M,9.175,2.8356
OPT-350M,9.2,2.8205
OPT-350M,9.225,2.851
OPT-350M,9.25,2.8295
OPT-350M,9.275,2.8561
OPT-350M,9.3,2.818
OPT-350M,9.325,2.8327
OPT-350M,9.35,2.8103
OPT-350M,9.375,2.8257
OPT-350M,9.4,2.8365
OPT-350M,9.425,2.8135
OPT-350M,9.45,2.8415
OPT-350M,9.475,2.8494
OPT-350M,9.5,2.8256
OPT-350M,9.525,2.8367
OPT-350M,9.55,2.8229
OPT-350M,9.575,2.8381
OPT-350M,9.6,2.801
OPT-350M,9.625,2.8244
OPT-350M,9.65,2.8194
OPT-350M,9.675,2.8149
OPT-350M,9.7,2.837
OPT-350M,9.725,2.8128
OPT-350M,9.75,2.7959
OPT-350M,9.775,2.8186
OPT-350M,9.8,2.8268
OPT-350M,9.825,2.7886
OPT-350M,9.85,2.8149
OPT-350M,9.875,2.8139
OPT-350M,9.9,2.8129
OPT-350M,9.925,2.8116
OPT-350M,9.95,2.8295
OPT-350M,9.975,2.8115
OPT-350M,10.0,2.8068
OPT-350M,10.025,2.8029
OPT-350M,10.05,2.7973
OPT-350M,10.075,2.806
OPT-350M,10.1,2.7921
OPT-350M,10.125,2.8132
OPT-350M,10.15,2.789
OPT-350M,10.175,2.7883
OPT-350M,10.2,2.7976
OPT-350M,10.225,2.7904
OPT-350M,10.25,2.7988
OPT-350M,10.275,2.8129
OPT-350M,10.3,2.7834
OPT-350M,10.325,2.8066
OPT-350M,10.35,2.7748
OPT-350M,10.375,2.7823
OPT-350M,10.4,2.7782
OPT-350M,10.425,2.7767
OPT-350M,10.45,2.7797
OPT-350M,10.475,2.8095
OPT-350M,10.5,2.7813
OPT-350M,10.525,2.7821
OPT-350M,10.55,2.7866
OPT-350M,10.575,2.7687
OPT-350M,10.6,2.7873
OPT-350M,10.625,2.8099
OPT-350M,10.65,2.7896
OPT-350M,10.675,2.7807
OPT-350M,10.7,2.8048
OPT-350M,10.725,2.7767
OPT-350M,10.75,2.8063
OPT-350M,10.775,2.7785
OPT-350M,10.8,2.8007
OPT-350M,10.825,2.7838
OPT-350M,10.85,2.7686
OPT-350M,10.875,2.7671
OPT-350M,10.9,2.778
OPT-350M,10.925,2.7849
OPT-350M,10.95,2.787
OPT-350M,10.975,2.7788
OPT-350M,11.0,2.7713
OPT-350M,11.025,2.7495
OPT-350M,11.05,2.7838
OPT-350M,11.075,2.749
OPT-350M,11.1,2.7711
OPT-350M,11.125,2.7427
OPT-350M,11.15,2.7599
OPT-350M,11.175,2.7665
OPT-350M,11.2,2.7562
OPT-350M,11.225,2.7977
OPT-350M,11.25,2.7604
OPT-350M,11.275,2.7708
OPT-350M,11.3,2.7669
OPT-350M,11.325,2.7782
OPT-350M,11.35,2.7531
OPT-350M,11.375,2.7569
OPT-350M,11.4,2.7562
OPT-350M,11.425,2.7778
OPT-350M,11.45,2.7463
OPT-350M,11.475,2.7616
OPT-350M,11.5,2.7597
OPT-350M,11.525,2.7565
OPT-350M,11.55,2.7452
OPT-350M,11.575,2.7759
OPT-350M,11.6,2.768
OPT-350M,11.625,2.7681
OPT-350M,11.65,2.7687
OPT-350M,11.675,2.7678
OPT-350M,11.7,2.7723
OPT-350M,11.725,2.763
OPT-350M,11.75,2.7488
OPT-350M,11.775,2.7783
OPT-350M,11.8,2.7526
OPT-350M,11.825,2.7441
OPT-350M,11.85,2.7678
OPT-350M,11.875,2.7643
OPT-350M,11.9,2.7358
OPT-350M,11.925,2.7241
OPT-350M,11.95,2.717
OPT-350M,11.975,2.7565
OPT-350M,12.0,2.7516
OPT-350M,12.025,2.7071
OPT-350M,12.05,2.7548
OPT-350M,12.075,2.7451
OPT-350M,12.1,2.7465
OPT-350M,12.125,2.7268
OPT-350M,12.15,2.7506
OPT-350M,12.175,2.7276
OPT-350M,12.2,2.7425
OPT-350M,12.225,2.7211
OPT-350M,12.25,2.7396
OPT-350M,12.275,2.7321
OPT-350M,12.3,2.7412
OPT-350M,12.325,2.7134
OPT-350M,12.35,2.7297
OPT-350M,12.375,2.7013
OPT-350M,12.4,2.7549
OPT-350M,12.425,2.7187
OPT-350M,12.45,2.719
OPT-350M,12.475,2.7367
OPT-350M,12.5,2.7256
OPT-350M,12.525,2.7506
OPT-350M,12.55,2.7675
OPT-350M,12.575,2.7227
OPT-350M,12.6,2.7502
OPT-350M,12.625,2.7531
OPT-350M,12.65,2.7243
OPT-350M,12.675,2.7427
OPT-350M,12.7,2.7445
OPT-350M,12.725,2.7453
OPT-350M,12.75,2.7321
OPT-350M,12.775,2.7258
OPT-350M,12.8,2.764
OPT-350M,12.825,2.721
OPT-350M,12.85,2.7477
OPT-350M,12.875,2.7351
OPT-350M,12.9,2.7421
OPT-350M,12.925,2.7227
OPT-350M,12.95,2.7284
OPT-350M,12.975,2.6983
OPT-350M,13.0,2.7375
OPT-350M,13.025,2.7376
OPT-350M,13.05,2.7093
OPT-350M,13.075,2.7314
OPT-350M,13.1,2.7235
OPT-350M,13.125,2.7328
OPT-350M,13.15,2.7352
OPT-350M,13.175,2.7093
OPT-350M,13.2,2.7293
OPT-350M,13.225,2.7142
OPT-350M,13.25,2.7015
OPT-350M,13.275,2.7319
OPT-350M,13.3,2.7373
OPT-350M,13.325,2.7338
OPT-350M,13.35,2.7231
OPT-350M,13.375,2.6863
OPT-350M,13.4,2.6969
OPT-350M,13.425,2.7071
OPT-350M,13.45,2.7344
OPT-350M,13.475,2.7111
OPT-350M,13.5,2.7053
OPT-350M,13.525,2.6908
OPT-350M,13.55,2.7211
OPT-350M,13.575,2.7285
OPT-350M,13.6,2.7173
OPT-350M,13.625,2.6787
OPT-350M,13.65,2.7124
OPT-350M,13.675,2.7192
OPT-350M,13.7,2.7289
OPT-350M,13.725,2.7175
OPT-350M,13.75,2.6696
OPT-350M,13.775,2.6873
OPT-350M,13.8,2.7179
OPT-350M,13.825,2.7045
OPT-350M,13.85,2.7194
OPT-350M,13.875,2.7039
OPT-350M,13.9,2.6955
OPT-350M,13.925,2.6994
OPT-350M,13.95,2.6901
OPT-350M,13.975,2.7221
OPT-350M,14.0,2.7172
OPT-350M,14.025,2.723
OPT-350M,14.05,2.7031
OPT-350M,14.075,2.7138
OPT-350M,14.1,2.7237
OPT-350M,14.125,2.7106
OPT-350M,14.15,2.6874
OPT-350M,14.175,2.6746
OPT-350M,14.2,2.7
OPT-350M,14.225,2.7057
OPT-350M,14.25,2.7029
OPT-350M,14.275,2.6856
OPT-350M,14.3,2.6907
OPT-350M,14.325,2.6988
OPT-350M,14.35,2.7132
OPT-350M,14.375,2.6637
OPT-350M,14.4,2.7148
OPT-350M,14.425,2.6857
OPT-350M,14.45,2.6932
OPT-350M,14.475,2.6809
OPT-350M,14.5,2.7046
OPT-350M,14.525,2.6707
OPT-350M,14.55,2.7082
OPT-350M,14.575,2.6906
OPT-350M,14.6,2.687
OPT-350M,14.625,2.7145
OPT-350M,14.65,2.6958
OPT-350M,14.675,2.7011
OPT-350M,14.7,2.7104
OPT-350M,14.725,2.6882
OPT-350M,14.75,2.666
OPT-350M,14.775,2.6923
OPT-350M,14.8,2.7115
OPT-350M,14.825,2.7015
OPT-350M,14.85,2.672
OPT-350M,14.875,2.6756
OPT-350M,14.9,2.674
OPT-350M,14.925,2.7001
OPT-350M,14.95,2.7072
OPT-350M,14.975,2.6926
OPT-350M,15.0,2.6735
OPT-350M,15.025,2.6799
OPT-350M,15.05,2.6895
OPT-350M,15.075,2.6678
OPT-350M,15.1,2.7134
OPT-350M,15.125,2.6782
OPT-350M,15.15,2.6857
OPT-350M,15.175,2.6935
OPT-350M,15.2,2.6793
OPT-350M,15.225,2.6767
OPT-350M,15.25,2.6714
OPT-350M,15.275,2.6708
OPT-350M,15.3,2.6782
OPT-350M,15.325,2.6611
OPT-350M,15.35,2.6991
OPT-350M,15.375,2.7139
OPT-350M,15.4,2.679
OPT-350M,15.425,2.6777
OPT-350M,15.45,2.6653
OPT-350M,15.475,2.7039
OPT-350M,15.5,2.6826
OPT-350M,15.525,2.6567
OPT-350M,15.55,2.6343
OPT-350M,15.575,2.6795
OPT-350M,15.6,2.6568
OPT-350M,15.625,2.6778
OPT-350M,15.65,2.6709
OPT-350M,15.675,2.6738
OPT-350M,15.7,2.6834
OPT-350M,15.725,2.6704
OPT-350M,15.75,2.6775
OPT-350M,15.775,2.6912
OPT-350M,15.8,2.6762
OPT-350M,15.825,2.6946
OPT-350M,15.85,2.6865
OPT-350M,15.875,2.6816
OPT-350M,15.9,2.6674
OPT-350M,15.925,2.6824
OPT-350M,15.95,2.6774
OPT-350M,15.975,2.6987
OPT-350M,16.0,2.6853
OPT-350M,16.025,2.6713
OPT-350M,16.05,2.6631
OPT-350M,16.075,2.6572
OPT-350M,16.1,2.6627
OPT-350M,16.125,2.6732
OPT-350M,16.15,2.6749
OPT-350M,16.175,2.6479
OPT-350M,16.2,2.6909
OPT-350M,16.225,2.6376
OPT-350M,16.25,2.6767
OPT-350M,16.275,2.6672
OPT-350M,16.3,2.7126
OPT-350M,16.325,2.6708
OPT-350M,16.35,2.668
OPT-350M,16.375,2.6575
OPT-350M,16.4,2.6587
OPT-350M,16.425,2.68
OPT-350M,16.45,2.6472
OPT-350M,16.475,2.6866
OPT-350M,16.5,2.6493
OPT-350M,16.525,2.6849
OPT-350M,16.55,2.6663
OPT-350M,16.575,2.6611
OPT-350M,16.6,2.6652
OPT-350M,16.625,2.6621
OPT-350M,16.65,2.6626
OPT-350M,16.675,2.6544
OPT-350M,16.7,2.6819
OPT-350M,16.725,2.6503
OPT-350M,16.75,2.6575
OPT-350M,16.775,2.6683
OPT-350M,16.8,2.6604
OPT-350M,16.825,2.6676
OPT-350M,16.85,2.6792
OPT-350M,16.875,2.6562
OPT-350M,16.9,2.6582
OPT-350M,16.925,2.6335
OPT-350M,16.95,2.6834
OPT-350M,16.975,2.6708
OPT-350M,17.0,2.6851
OPT-350M,17.025,2.6701
OPT-350M,17.05,2.6762
OPT-350M,17.075,2.631
OPT-350M,17.1,2.6635
OPT-350M,17.125,2.6773
OPT-350M,17.15,2.6728
OPT-350M,17.175,2.6673
OPT-350M,17.2,2.662
OPT-350M,17.225,2.661
OPT-350M,17.25,2.6246
OPT-350M,17.275,2.6595
OPT-350M,17.3,2.6523
OPT-350M,17.325,2.6764
OPT-350M,17.35,2.6329
OPT-350M,17.375,2.6651
OPT-350M,17.4,2.6639
OPT-350M,17.425,2.6497
OPT-350M,17.45,2.6457
OPT-350M,17.475,2.662
OPT-350M,17.5,2.6859
OPT-350M,17.525,2.6442
OPT-350M,17.55,2.6434
OPT-350M,17.575,2.6453
OPT-350M,17.6,2.6346
OPT-350M,17.625,2.6612
OPT-350M,17.65,2.6531
OPT-350M,17.675,2.6333
OPT-350M,17.7,2.6858
OPT-350M,17.725,2.652
OPT-350M,17.75,2.6557
OPT-350M,17.775,2.6485
OPT-350M,17.8,2.6611
OPT-350M,17.825,2.6484
OPT-350M,17.85,2.6462
OPT-350M,17.875,2.6697
OPT-350M,17.9,2.647
OPT-350M,17.925,2.633
OPT-350M,17.95,2.6604
OPT-350M,17.975,2.6592
OPT-350M,18.0,2.6536
OPT-350M,18.025,2.6661
OPT-350M,18.05,2.6562
OPT-350M,18.075,2.6418
OPT-350M,18.1,2.617
OPT-350M,18.125,2.6471
OPT-350M,18.15,2.6311
OPT-350M,18.175,2.6616
OPT-350M,18.2,2.6284
OPT-350M,18.225,2.6707
OPT-350M,18.25,2.6405
OPT-350M,18.275,2.6448
OPT-350M,18.3,2.6582
OPT-350M,18.325,2.6497
OPT-350M,18.35,2.6413
OPT-350M,18.375,2.6614
OPT-350M,18.4,2.6443
OPT-350M,18.425,2.672
OPT-350M,18.45,2.6562
OPT-350M,18.475,2.6414
OPT-350M,18.5,2.6518
OPT-350M,18.525,2.6514
OPT-350M,18.55,2.6607
OPT-350M,18.575,2.6397
OPT-350M,18.6,2.6562
OPT-350M,18.625,2.6486
OPT-350M,18.65,2.658
OPT-350M,18.675,2.6201
OPT-350M,18.7,2.6245
OPT-350M,18.725,2.6468
OPT-350M,18.75,2.6591
OPT-350M,18.775,2.6473
OPT-350M,18.8,2.6162
OPT-350M,18.825,2.6176
OPT-350M,18.85,2.6403
OPT-350M,18.875,2.6547
OPT-350M,18.9,2.6506
OPT-350M,18.925,2.6569
OPT-350M,18.95,2.6614
OPT-350M,18.975,2.648
OPT-350M,19.0,2.6579
OPT-350M,19.025,2.6631
OPT-350M,19.05,2.6632
OPT-350M,19.075,2.6457
OPT-350M,19.1,2.6346
OPT-350M,19.125,2.6519
OPT-350M,19.15,2.6398
OPT-350M,19.175,2.6511
OPT-350M,19.2,2.6622
OPT-350M,19.225,2.6237
OPT-350M,19.25,2.6355
OPT-350M,19.275,2.6562
OPT-350M,19.3,2.6507
OPT-350M,19.325,2.6498
OPT-350M,19.35,2.6123
OPT-350M,19.375,2.6193
OPT-350M,19.4,2.6325
OPT-350M,19.425,2.6555
OPT-350M,19.45,2.6193
OPT-350M,19.475,2.6434
OPT-350M,19.5,2.6477
OPT-350M,19.525,2.6466
OPT-350M,19.55,2.6487
OPT-350M,19.575,2.666
OPT-350M,19.6,2.6293
OPT-350M,19.625,2.6455
OPT-350M,19.65,2.6304
OPT-350M,19.675,2.6477
OPT-350M,19.7,2.6186
OPT-350M,19.725,2.6529
OPT-350M,19.75,2.6383
OPT-350M,19.775,2.6432
OPT-350M,19.8,2.63
OPT-350M,19.825,2.652
OPT-350M,19.85,2.641
OPT-350M,19.875,2.6505
OPT-350M,19.9,2.6406
OPT-350M,19.925,2.6347
OPT-350M,19.95,2.6282
OPT-350M,19.975,2.6232
OPT-350M,20.0,2.6278
OPT-1.3B,0.0125,9.3989
OPT-1.3B,0.025,8.4762
OPT-1.3B,0.0375,7.4848
OPT-1.3B,0.05,6.9923
OPT-1.3B,0.0625,6.5584
OPT-1.3B,0.075,6.2805
OPT-1.3B,0.0875,6.0361
OPT-1.3B,0.1,5.875
OPT-1.3B,0.1125,5.6745
OPT-1.3B,0.125,5.5977
OPT-1.3B,0.1375,5.4646
OPT-1.3B,0.15,5.4467
OPT-1.3B,0.1625,5.3372
OPT-1.3B,0.175,5.2589
OPT-1.3B,0.1875,5.2572
OPT-1.3B,0.2,5.1917
OPT-1.3B,0.2125,5.1546
OPT-1.3B,0.225,5.0312
OPT-1.3B,0.2375,4.9931
OPT-1.3B,0.25,4.9292
OPT-1.3B,0.2625,4.8568
OPT-1.3B,0.275,4.8717
OPT-1.3B,0.2875,4.7794
OPT-1.3B,0.3,4.7614
OPT-1.3B,0.3125,4.6872
OPT-1.3B,0.325,4.711
OPT-1.3B,0.3375,4.6462
OPT-1.3B,0.35,4.642
OPT-1.3B,0.3625,4.6218
OPT-1.3B,0.375,4.5877
OPT-1.3B,0.3875,4.4623
OPT-1.3B,0.4,4.5194
OPT-1.3B,0.4125,4.5126
OPT-1.3B,0.425,4.5343
OPT-1.3B,0.4375,4.4724
OPT-1.3B,0.45,4.4491
OPT-1.3B,0.4625,4.516
OPT-1.3B,0.475,4.3919
OPT-1.3B,0.4875,4.3931
OPT-1.3B,0.5,4.3897
OPT-1.3B,0.5125,4.3196
OPT-1.3B,0.525,4.376
OPT-1.3B,0.5375,4.2859
OPT-1.3B,0.55,4.3367
OPT-1.3B,0.5625,4.3016
OPT-1.3B,0.575,4.2871
OPT-1.3B,0.5875,4.2641
OPT-1.3B,0.6,4.247
OPT-1.3B,0.6125,4.2608
OPT-1.3B,0.625,4.2511
OPT-1.3B,0.6375,4.2334
OPT-1.3B,0.65,4.2073
OPT-1.3B,0.6625,4.1741
OPT-1.3B,0.675,4.1959
OPT-1.3B,0.6875,4.2115
OPT-1.3B,0.7,4.1602
OPT-1.3B,0.7125,4.1132
OPT-1.3B,0.725,4.1658
OPT-1.3B,0.7375,4.1512
OPT-1.3B,0.75,4.056
OPT-1.3B,0.7625,4.1228
OPT-1.3B,0.775,4.0958
OPT-1.3B,0.7875,4.0511
OPT-1.3B,0.8,4.0641
OPT-1.3B,0.8125,4.0238
OPT-1.3B,0.825,3.9919
OPT-1.3B,0.8375,4.0403
OPT-1.3B,0.85,3.991
OPT-1.3B,0.8625,4.0542
OPT-1.3B,0.875,4.0061
OPT-1.3B,0.8875,3.9802
OPT-1.3B,0.9,3.9934
OPT-1.3B,0.9125,3.9408
OPT-1.3B,0.925,3.9514
OPT-1.3B,0.9375,3.9133
OPT-1.3B,0.95,3.9213
OPT-1.3B,0.9625,3.9631
OPT-1.3B,0.975,3.9227
OPT-1.3B,0.9875,3.904
OPT-1.3B,1.0,3.8903
OPT-1.3B,1.0125,3.8707
OPT-1.3B,1.025,3.8059
OPT-1.3B,1.0375,3.8148
OPT-1.3B,1.05,3.8513
OPT-1.3B,1.0625,3.8306
OPT-1.3B,1.075,3.8431
OPT-1.3B,1.0875,3.8386
OPT-1.3B,1.1,3.7957
OPT-1.3B,1.1125,3.7736
OPT-1.3B,1.125,3.792
OPT-1.3B,1.1375,3.7576
OPT-1.3B,1.15,3.7461
OPT-1.3B,1.1625,3.7461
OPT-1.3B,1.175,3.7387
OPT-1.3B,1.1875,3.7516
OPT-1.3B,1.2,3.7539
OPT-1.3B,1.2125,3.7115
OPT-1.3B,1.225,3.6444
OPT-1.3B,1.2375,3.6658
OPT-1.3B,1.25,3.6389
OPT-1.3B,1.2625,3.6911
OPT-1.3B,1.275,3.6822
OPT-1.3B,1.2875,3.6124
OPT-1.3B,1.3,3.65
OPT-1.3B,1.3125,3.6001
OPT-1.3B,1.325,3.6535
OPT-1.3B,1.3375,3.5895
OPT-1.3B,1.35,3.5708
OPT-1.3B,1.3625,3.5887
OPT-1.3B,1.375,3.5722
OPT-1.3B,1.3875,3.563
OPT-1.3B,1.4,3.5859
OPT-1.3B,1.4125,3.5728
OPT-1.3B,1.425,3.5226
OPT-1.3B,1.4375,3.5521
OPT-1.3B,1.45,3.5526
OPT-1.3B,1.4625,3.561
OPT-1.3B,1.475,3.5134
OPT-1.3B,1.4875,3.5132
OPT-1.3B,1.5,3.5069
OPT-1.3B,1.5125,3.5208
OPT-1.3B,1.525,3.5146
OPT-1.3B,1.5375,3.5034
OPT-1.3B,1.55,3.4733
OPT-1.3B,1.5625,3.4865
OPT-1.3B,1.575,3.4341
OPT-1.3B,1.5875,3.4511
OPT-1.3B,1.6,3.4278
OPT-1.3B,1.6125,3.4135
OPT-1.3B,1.625,3.4529
OPT-1.3B,1.6375,3.411
OPT-1.3B,1.65,3.4202
OPT-1.3B,1.6625,3.3934
OPT-1.3B,1.675,3.3758
OPT-1.3B,1.6875,3.4513
OPT-1.3B,1.7,3.3924
OPT-1.3B,1.7125,3.3789
OPT-1.3B,1.725,3.4079
OPT-1.3B,1.7375,3.4473
OPT-1.3B,1.75,3.3498
OPT-1.3B,1.7625,3.3589
OPT-1.3B,1.775,3.3407
OPT-1.3B,1.7875,3.3222
OPT-1.3B,1.8,3.3157
OPT-1.3B,1.8125,3.3134
OPT-1.3B,1.825,3.3365
OPT-1.3B,1.8375,3.3427
OPT-1.3B,1.85,3.3465
OPT-1.3B,1.8625,3.3133
OPT-1.3B,1.875,3.3067
OPT-1.3B,1.8875,3.3203
OPT-1.3B,1.9,3.3229
OPT-1.3B,1.9125,3.2763
OPT-1.3B,1.925,3.2574
OPT-1.3B,1.9375,3.2662
OPT-1.3B,1.95,3.2103
OPT-1.3B,1.9625,3.2386
OPT-1.3B,1.975,3.2295
OPT-1.3B,1.9875,3.2479
OPT-1.3B,2.0,3.1449
OPT-1.3B,2.0125,3.2046
OPT-1.3B,2.025,3.1962
OPT-1.3B,2.0375,3.2128
OPT-1.3B,2.05,3.1864
OPT-1.3B,2.0625,3.1079
OPT-1.3B,2.075,3.1305
OPT-1.3B,2.0875,3.1549
OPT-1.3B,2.1,3.1394
OPT-1.3B,2.1125,3.1296
OPT-1.3B,2.125,3.1296
OPT-1.3B,2.1375,3.07
OPT-1.3B,2.15,3.1054
OPT-1.3B,2.1625,3.1174
OPT-1.3B,2.175,3.134
OPT-1.3B,2.1875,3.0618
OPT-1.3B,2.2,3.071
OPT-1.3B,2.2125,3.1083
OPT-1.3B,2.225,3.1445
OPT-1.3B,2.2375,3.0817
OPT-1.3B,2.25,3.1008
OPT-1.3B,2.2625,3.0893
OPT-1.3B,2.275,3.0439
OPT-1.3B,2.2875,3.0546
OPT-1.3B,2.3,3.0388
OPT-1.3B,2.3125,3.0369
OPT-1.3B,2.325,3.0681
OPT-1.3B,2.3375,3.0492
OPT-1.3B,2.35,3.0772
OPT-1.3B,2.3625,3.0
OPT-1.3B,2.375,2.9554
OPT-1.3B,2.3875,3.0402
OPT-1.3B,2.4,2.9753
OPT-1.3B,2.4125,3.0093
OPT-1.3B,2.425,3.0021
OPT-1.3B,2.4375,3.0047
OPT-1.3B,2.45,2.9994
OPT-1.3B,2.4625,2.9933
OPT-1.3B,2.475,2.9833
OPT-1.3B,2.4875,2.9798
OPT-1.3B,2.5,3.0194
OPT-1.3B,2.5125,2.9772
OPT-1.3B,2.525,2.9584
OPT-1.3B,2.5375,2.998
OPT-1.3B,2.55,2.9955
OPT-1.3B,2.5625,2.9949
OPT-1.3B,2.575,2.9765
OPT-1.3B,2.5875,2.926
OPT-1.3B,2.6,2.9366
OPT-1.3B,2.6125,2.9666
OPT-1.3B,2.625,2.9438
OPT-1.3B,2.6375,2.9361
OPT-1.3B,2.65,2.9346
OPT-1.3B,2.6625,2.9252
OPT-1.3B,2.675,2.9556
OPT-1.3B,2.6875,2.9667
OPT-1.3B,2.7,2.9305
OPT-1.3B,2.7125,2.8885
OPT-1.3B,2.725,2.9476
OPT-1.3B,2.7375,2.9052
OPT-1.3B,2.75,2.9026
OPT-1.3B,2.7625,2.9316
OPT-1.3B,2.775,2.9169
OPT-1.3B,2.7875,2.948
OPT-1.3B,2.8,2.9254
OPT-1.3B,2.8125,2.9535
OPT-1.3B,2.825,2.9233
OPT-1.3B,2.8375,2.8804
OPT-1.3B,2.85,2.8559
OPT-1.3B,2.8625,2.8798
OPT-1.3B,2.875,2.9262
OPT-1.3B,2.8875,2.8739
OPT-1.3B,2.9,2.9087
OPT-1.3B,2.9125,2.9033
OPT-1.3B,2.925,2.8754
OPT-1.3B,2.9375,2.8808
OPT-1.3B,2.95,2.9139
OPT-1.3B,2.9625,2.8785
OPT-1.3B,2.975,2.8699
OPT-1.3B,2.9875,2.868
OPT-1.3B,3.0,2.8734
OPT-1.3B,3.0125,2.8741
OPT-1.3B,3.025,2.8462
OPT-1.3B,3.0375,2.8295
OPT-1.3B,3.05,2.8542
OPT-1.3B,3.0625,2.8459
OPT-1.3B,3.075,2.8667
OPT-1.3B,3.0875,2.8177
OPT-1.3B,3.1,2.8664
OPT-1.3B,3.1125,2.8515
OPT-1.3B,3.125,2.8174
OPT-1.3B,3.1375,2.8263
OPT-1.3B,3.15,2.803
OPT-1.3B,3.1625,2.8351
OPT-1.3B,3.175,2.836
OPT-1.3B,3.1875,2.7767
OPT-1.3B,3.2,2.8311
OPT-1.3B,3.2125,2.781
OPT-1.3B,3.225,2.806
OPT-1.3B,3.2375,2.7881
OPT-1.3B,3.25,2.8111
OPT-1.3B,3.2625,2.8142
OPT-1.3B,3.275,2.8036
OPT-1.3B,3.2875,2.7829
OPT-1.3B,3.3,2.7922
OPT-1.3B,3.3125,2.8304
OPT-1.3B,3.325,2.8249
OPT-1.3B,3.3375,2.8022
OPT-1.3B,3.35,2.8083
OPT-1.3B,3.3625,2.7746
OPT-1.3B,3.375,2.796
OPT-1.3B,3.3875,2.8071
OPT-1.3B,3.4,2.778
OPT-1.3B,3.4125,2.8178
OPT-1.3B,3.425,2.7953
OPT-1.3B,3.4375,2.7805
OPT-1.3B,3.45,2.7837
OPT-1.3B,3.4625,2.8078
OPT-1.3B,3.475,2.7746
OPT-1.3B,3.4875,2.7866
OPT-1.3B,3.5,2.7756
OPT-1.3B,3.5125,2.776
OPT-1.3B,3.525,2.7974
OPT-1.3B,3.5375,2.7435
OPT-1.3B,3.55,2.7642
OPT-1.3B,3.5625,2.7641
OPT-1.3B,3.575,2.8031
OPT-1.3B,3.5875,2.7685
OPT-1.3B,3.6,2.7754
OPT-1.3B,3.6125,2.7927
OPT-1.3B,3.625,2.7747
OPT-1.3B,3.6375,2.7483
OPT-1.3B,3.65,2.7754
OPT-1.3B,3.6625,2.7552
OPT-1.3B,3.675,2.7103
OPT-1.3B,3.6875,2.7363
OPT-1.3B,3.7,2.7861
OPT-1.3B,3.7125,2.7099
OPT-1.3B,3.725,2.7548
OPT-1.3B,3.7375,2.7353
OPT-1.3B,3.75,2.7721
OPT-1.3B,3.7625,2.7462
OPT-1.3B,3.775,2.7404
OPT-1.3B,3.7875,2.7309
OPT-1.3B,3.8,2.7635
OPT-1.3B,3.8125,2.7027
OPT-1.3B,3.825,2.7294
OPT-1.3B,3.8375,2.7442
OPT-1.3B,3.85,2.7739
OPT-1.3B,3.8625,2.7741
OPT-1.3B,3.875,2.7649
OPT-1.3B,3.8875,2.7509
OPT-1.3B,3.9,2.697
OPT-1.3B,3.9125,2.7505
OPT-1.3B,3.925,2.7366
OPT-1.3B,3.9375,2.7335
OPT-1.3B,3.95,2.7596
OPT-1.3B,3.9625,2.6962
OPT-1.3B,3.975,2.7267
OPT-1.3B,3.9875,2.7677
OPT-1.3B,4.0,2.7311
OPT-1.3B,4.0125,2.6954
OPT-1.3B,4.025,2.6952
OPT-1.3B,4.0375,2.7026
OPT-1.3B,4.05,2.6947
OPT-1.3B,4.0625,2.6588
OPT-1.3B,4.075,2.655
OPT-1.3B,4.0875,2.6717
OPT-1.3B,4.1,2.6946
OPT-1.3B,4.1125,2.6767
OPT-1.3B,4.125,2.6714
OPT-1.3B,4.1375,2.6733
OPT-1.3B,4.15,2.6718
OPT-1.3B,4.1625,2.7073
OPT-1.3B,4.175,2.6739
OPT-1.3B,4.1875,2.6657
OPT-1.3B,4.2,2.6517
OPT-1.3B,4.2125,2.6923
OPT-1.3B,4.225,2.6979
OPT-1.3B,4.2375,2.7069
OPT-1.3B,4.25,2.6627
OPT-1.3B,4.2625,2.6504
OPT-1.3B,4.275,2.6883
OPT-1.3B,4.2875,2.6565
OPT-1.3B,4.3,2.6669
OPT-1.3B,4.3125,2.6623
OPT-1.3B,4.325,2.6285
OPT-1.3B,4.3375,2.6561
OPT-1.3B,4.35,2.6434
OPT-1.3B,4.3625,2.6826
OPT-1.3B,4.375,2.6814
OPT-1.3B,4.3875,2.6486
OPT-1.3B,4.4,2.6861
OPT-1.3B,4.4125,2.6628
OPT-1.3B,4.425,2.7098
OPT-1.3B,4.4375,2.6519
OPT-1.3B,4.45,2.6927
OPT-1.3B,4.4625,2.6709
OPT-1.3B,4.475,2.7008
OPT-1.3B,4.4875,2.6511
OPT-1.3B,4.5,2.6495
OPT-1.3B,4.5125,2.664
OPT-1.3B,4.525,2.6723
OPT-1.3B,4.5375,2.6861
OPT-1.3B,4.55,2.6597
OPT-1.3B,4.5625,2.6535
OPT-1.3B,4.575,2.6395
OPT-1.3B,4.5875,2.6678
OPT-1.3B,4.6,2.6385
OPT-1.3B,4.6125,2.6453
OPT-1.3B,4.625,2.6491
OPT-1.3B,4.6375,2.6191
OPT-1.3B,4.65,2.6676
OPT-1.3B,4.6625,2.6366
OPT-1.3B,4.675,2.6126
OPT-1.3B,4.6875,2.6326
OPT-1.3B,4.7,2.6486
OPT-1.3B,4.7125,2.6431
OPT-1.3B,4.725,2.6178
OPT-1.3B,4.7375,2.6671
OPT-1.3B,4.75,2.6418
OPT-1.3B,4.7625,2.661
OPT-1.3B,4.775,2.6347
OPT-1.3B,4.7875,2.6365
OPT-1.3B,4.8,2.6476
OPT-1.3B,4.8125,2.6449
OPT-1.3B,4.825,2.6645
OPT-1.3B,4.8375,2.6472
OPT-1.3B,4.85,2.6325
OPT-1.3B,4.8625,2.6205
OPT-1.3B,4.875,2.6209
OPT-1.3B,4.8875,2.6664
OPT-1.3B,4.9,2.6034
OPT-1.3B,4.9125,2.6309
OPT-1.3B,4.925,2.6256
OPT-1.3B,4.9375,2.6261
OPT-1.3B,4.95,2.6314
OPT-1.3B,4.9625,2.6271
OPT-1.3B,4.975,2.6283
OPT-1.3B,4.9875,2.6336
OPT-1.3B,5.0,2.614
OPT-1.3B,5.0125,2.586
OPT-1.3B,5.025,2.597
OPT-1.3B,5.0375,2.5757
OPT-1.3B,5.05,2.6027
OPT-1.3B,5.0625,2.5529
OPT-1.3B,5.075,2.5872
OPT-1.3B,5.0875,2.5717
OPT-1.3B,5.1,2.5451
OPT-1.3B,5.1125,2.5582
OPT-1.3B,5.125,2.5763
OPT-1.3B,5.1375,2.5853
OPT-1.3B,5.15,2.5731
OPT-1.3B,5.1625,2.6004
OPT-1.3B,5.175,2.6045
OPT-1.3B,5.1875,2.5769
OPT-1.3B,5.2,2.5768
OPT-1.3B,5.2125,2.5811
OPT-1.3B,5.225,2.5682
OPT-1.3B,5.2375,2.5938
OPT-1.3B,5.25,2.6186
OPT-1.3B,5.2625,2.5763
OPT-1.3B,5.275,2.5613
OPT-1.3B,5.2875,2.5479
OPT-1.3B,5.3,2.5625
OPT-1.3B,5.3125,2.6117
OPT-1.3B,5.325,2.5646
OPT-1.3B,5.3375,2.6057
OPT-1.3B,5.35,2.5687
OPT-1.3B,5.3625,2.5748
OPT-1.3B,5.375,2.5944
OPT-1.3B,5.3875,2.5644
OPT-1.3B,5.4,2.558
OPT-1.3B,5.4125,2.5487
OPT-1.3B,5.425,2.534
OPT-1.3B,5.4375,2.5522
OPT-1.3B,5.45,2.5526
OPT-1.3B,5.4625,2.5268
OPT-1.3B,5.475,2.5757
OPT-1.3B,5.4875,2.5532
OPT-1.3B,5.5,2.532
OPT-1.3B,5.5125,2.5814
OPT-1.3B,5.525,2.5665
OPT-1.3B,5.5375,2.5525
OPT-1.3B,5.55,2.5473
OPT-1.3B,5.5625,2.5355
OPT-1.3B,5.575,2.5738
OPT-1.3B,5.5875,2.5583
OPT-1.3B,5.6,2.5238
OPT-1.3B,5.6125,2.579
OPT-1.3B,5.625,2.5952
OPT-1.3B,5.6375,2.572
OPT-1.3B,5.65,2.5479
OPT-1.3B,5.6625,2.5372
OPT-1.3B,5.675,2.5735
OPT-1.3B,5.6875,2.5579
OPT-1.3B,5.7,2.5838
OPT-1.3B,5.7125,2.5692
OPT-1.3B,5.725,2.564
OPT-1.3B,5.7375,2.5454
OPT-1.3B,5.75,2.603
OPT-1.3B,5.7625,2.5548
OPT-1.3B,5.775,2.5883
OPT-1.3B,5.7875,2.5575
OPT-1.3B,5.8,2.5395
OPT-1.3B,5.8125,2.5397
OPT-1.3B,5.825,2.567
OPT-1.3B,5.8375,2.5734
OPT-1.3B,5.85,2.5377
OPT-1.3B,5.8625,2.5667
OPT-1.3B,5.875,2.5655
OPT-1.3B,5.8875,2.5394
OPT-1.3B,5.9,2.5437
OPT-1.3B,5.9125,2.5393
OPT-1.3B,5.925,2.5708
OPT-1.3B,5.9375,2.5355
OPT-1.3B,5.95,2.5656
OPT-1.3B,5.9625,2.5401
OPT-1.3B,5.975,2.5418
OPT-1.3B,5.9875,2.478
OPT-1.3B,6.0,2.535
OPT-1.3B,6.0125,2.5115
OPT-1.3B,6.025,2.458
OPT-1.3B,6.0375,2.5284
OPT-1.3B,6.05,2.5274
OPT-1.3B,6.0625,2.4833
OPT-1.3B,6.075,2.492
OPT-1.3B,6.0875,2.4879
OPT-1.3B,6.1,2.5
OPT-1.3B,6.1125,2.4639
OPT-1.3B,6.125,2.4832
OPT-1.3B,6.1375,2.4898
OPT-1.3B,6.15,2.4904
OPT-1.3B,6.1625,2.4874
OPT-1.3B,6.175,2.4863
OPT-1.3B,6.1875,2.5101
OPT-1.3B,6.2,2.5197
OPT-1.3B,6.2125,2.5109
OPT-1.3B,6.225,2.5185
OPT-1.3B,6.2375,2.4723
OPT-1.3B,6.25,2.4705
OPT-1.3B,6.2625,2.4978
OPT-1.3B,6.275,2.5334
OPT-1.3B,6.2875,2.4912
OPT-1.3B,6.3,2.4858
OPT-1.3B,6.3125,2.4733
OPT-1.3B,6.325,2.4783
OPT-1.3B,6.3375,2.4905
OPT-1.3B,6.35,2.4946
OPT-1.3B,6.3625,2.4734
OPT-1.3B,6.375,2.4961
OPT-1.3B,6.3875,2.5014
OPT-1.3B,6.4,2.4961
OPT-1.3B,6.4125,2.4555
OPT-1.3B,6.425,2.496
OPT-1.3B,6.4375,2.4885
OPT-1.3B,6.45,2.4879
OPT-1.3B,6.4625,2.4972
OPT-1.3B,6.475,2.4642
OPT-1.3B,6.4875,2.4859
OPT-1.3B,6.5,2.4885
OPT-1.3B,6.5125,2.5067
OPT-1.3B,6.525,2.5373
OPT-1.3B,6.5375,2.4719
OPT-1.3B,6.55,2.473
OPT-1.3B,6.5625,2.4888
OPT-1.3B,6.575,2.5011
OPT-1.3B,6.5875,2.5199
OPT-1.3B,6.6,2.4987
OPT-1.3B,6.6125,2.4768
OPT-1.3B,6.625,2.4693
OPT-1.3B,6.6375,2.4775
OPT-1.3B,6.65,2.5132
OPT-1.3B,6.6625,2.5113
OPT-1.3B,6.675,2.4873
OPT-1.3B,6.6875,2.493
OPT-1.3B,6.7,2.466
OPT-1.3B,6.7125,2.4856
OPT-1.3B,6.725,2.4831
OPT-1.3B,6.7375,2.4968
OPT-1.3B,6.75,2.4702
OPT-1.3B,6.7625,2.4554
OPT-1.3B,6.775,2.4745
OPT-1.3B,6.7875,2.4521
OPT-1.3B,6.8,2.5131
OPT-1.3B,6.8125,2.4887
OPT-1.3B,6.825,2.4856
OPT-1.3B,6.8375,2.4712
OPT-1.3B,6.85,2.4655
OPT-1.3B,6.8625,2.4714
OPT-1.3B,6.875,2.4967
OPT-1.3B,6.8875,2.4708
OPT-1.3B,6.9,2.4888
OPT-1.3B,6.9125,2.4775
OPT-1.3B,6.925,2.4421
OPT-1.3B,6.9375,2.4959
OPT-1.3B,6.95,2.4626
OPT-1.3B,6.9625,2.4686
OPT-1.3B,6.975,2.4515
OPT-1.3B,6.9875,2.4721
OPT-1.3B,7.0,2.465
OPT-1.3B,7.0125,2.4156
OPT-1.3B,7.025,2.4461
OPT-1.3B,7.0375,2.409
OPT-1.3B,7.05,2.4207
OPT-1.3B,7.0625,2.4168
OPT-1.3B,7.075,2.4172
OPT-1.3B,7.0875,2.4363
OPT-1.3B,7.1,2.4304
OPT-1.3B,7.1125,2.3939
OPT-1.3B,7.125,2.4412
OPT-1.3B,7.1375,2.4385
OPT-1.3B,7.15,2.4263
OPT-1.3B,7.1625,2.4327
OPT-1.3B,7.175,2.3911
OPT-1.3B,7.1875,2.4264
OPT-1.3B,7.2,2.4323
OPT-1.3B,7.2125,2.3943
OPT-1.3B,7.225,2.4354
OPT-1.3B,7.2375,2.4138
OPT-1.3B,7.25,2.4175
OPT-1.3B,7.2625,2.4458
OPT-1.3B,7.275,2.4353
OPT-1.3B,7.2875,2.4164
OPT-1.3B,7.3,2.4098
OPT-1.3B,7.3125,2.3978
OPT-1.3B,7.325,2.4023
OPT-1.3B,7.3375,2.4089
OPT-1.3B,7.35,2.3919
OPT-1.3B,7.3625,2.4151
OPT-1.3B,7.375,2.3845
OPT-1.3B,7.3875,2.4503
OPT-1.3B,7.4,2.4413
OPT-1.3B,7.4125,2.4096
OPT-1.3B,7.425,2.4002
OPT-1.3B,7.4375,2.4343
OPT-1.3B,7.45,2.4015
OPT-1.3B,7.4625,2.4148
OPT-1.3B,7.475,2.4343
OPT-1.3B,7.4875,2.4344
OPT-1.3B,7.5,2.4432
OPT-1.3B,7.5125,2.4226
OPT-1.3B,7.525,2.4023
OPT-1.3B,7.5375,2.4276
OPT-1.3B,7.55,2.3982
OPT-1.3B,7.5625,2.4472
OPT-1.3B,7.575,2.3985
OPT-1.3B,7.5875,2.4166
OPT-1.3B,7.6,2.4169
OPT-1.3B,7.6125,2.4134
OPT-1.3B,7.625,2.3891
OPT-1.3B,7.6375,2.4244
OPT-1.3B,7.65,2.4231
OPT-1.3B,7.6625,2.445
OPT-1.3B,7.675,2.4203
OPT-1.3B,7.6875,2.4216
OPT-1.3B,7.7,2.4249
OPT-1.3B,7.7125,2.4226
OPT-1.3B,7.725,2.4291
OPT-1.3B,7.7375,2.4566
OPT-1.3B,7.75,2.4315
OPT-1.3B,7.7625,2.4159
OPT-1.3B,7.775,2.4148
OPT-1.3B,7.7875,2.4181
OPT-1.3B,7.8,2.3907
OPT-1.3B,7.8125,2.4129
OPT-1.3B,7.825,2.4275
OPT-1.3B,7.8375,2.4254
OPT-1.3B,7.85,2.4028
OPT-1.3B,7.8625,2.4068
OPT-1.3B,7.875,2.4189
OPT-1.3B,7.8875,2.3838
OPT-1.3B,7.9,2.4138
OPT-1.3B,7.9125,2.4071
OPT-1.3B,7.925,2.369
OPT-1.3B,7.9375,2.4362
OPT-1.3B,7.95,2.4226
OPT-1.3B,7.9625,2.434
OPT-1.3B,7.975,2.3856
OPT-1.3B,7.9875,2.4054
OPT-1.3B,8.0,2.4295
OPT-1.3B,8.0125,2.3282
OPT-1.3B,8.025,2.3802
OPT-1.3B,8.0375,2.3692
OPT-1.3B,8.05,2.3293
OPT-1.3B,8.0625,2.3867
OPT-1.3B,8.075,2.3491
OPT-1.3B,8.0875,2.3389
OPT-1.3B,8.1,2.3354
OPT-1.3B,8.1125,2.3402
OPT-1.3B,8.125,2.3381
OPT-1.3B,8.1375,2.3231
OPT-1.3B,8.15,2.3414
OPT-1.3B,8.1625,2.3557
OPT-1.3B,8.175,2.3656
OPT-1.3B,8.1875,2.3604
OPT-1.3B,8.2,2.3311
OPT-1.3B,8.2125,2.3429
OPT-1.3B,8.225,2.3588
OPT-1.3B,8.2375,2.3636
OPT-1.3B,8.25,2.373
OPT-1.3B,8.2625,2.3425
OPT-1.3B,8.275,2.3683
OPT-1.3B,8.2875,2.3588
OPT-1.3B,8.3,2.3447
OPT-1.3B,8.3125,2.3682
OPT-1.3B,8.325,2.3221
OPT-1.3B,8.3375,2.3486
OPT-1.3B,8.35,2.3484
OPT-1.3B,8.3625,2.4012
OPT-1.3B,8.375,2.3441
OPT-1.3B,8.3875,2.3482
OPT-1.3B,8.4,2.3389
OPT-1.3B,8.4125,2.376
OPT-1.3B,8.425,2.3909
OPT-1.3B,8.4375,2.3474
OPT-1.3B,8.45,2.3498
OPT-1.3B,8.4625,2.3888
OPT-1.3B,8.475,2.3363
OPT-1.3B,8.4875,2.3664
OPT-1.3B,8.5,2.3592
OPT-1.3B,8.5125,2.3386
OPT-1.3B,8.525,2.3832
OPT-1.3B,8.5375,2.3736
OPT-1.3B,8.55,2.3334
OPT-1.3B,8.5625,2.3816
OPT-1.3B,8.575,2.3611
OPT-1.3B,8.5875,2.3663
OPT-1.3B,8.6,2.3635
OPT-1.3B,8.6125,2.3517
OPT-1.3B,8.625,2.3492
OPT-1.3B,8.6375,2.3335
OPT-1.3B,8.65,2.3566
OPT-1.3B,8.6625,2.361
OPT-1.3B,8.675,2.3562
OPT-1.3B,8.6875,2.3786
OPT-1.3B,8.7,2.3444
OPT-1.3B,8.7125,2.3656
OPT-1.3B,8.725,2.3398
OPT-1.3B,8.7375,2.3619
OPT-1.3B,8.75,2.3697
OPT-1.3B,8.7625,2.351
OPT-1.3B,8.775,2.3458
OPT-1.3B,8.7875,2.3403
OPT-1.3B,8.8,2.3865
OPT-1.3B,8.8125,2.3734
OPT-1.3B,8.825,2.3371
OPT-1.3B,8.8375,2.3357
OPT-1.3B,8.85,2.3344
OPT-1.3B,8.8625,2.3428
OPT-1.3B,8.875,2.3635
OPT-1.3B,8.8875,2.3845
OPT-1.3B,8.9,2.369
OPT-1.3B,8.9125,2.3554
OPT-1.3B,8.925,2.3536
OPT-1.3B,8.9375,2.3522
OPT-1.3B,8.95,2.3428
OPT-1.3B,8.9625,2.3706
OPT-1.3B,8.975,2.34
OPT-1.3B,8.9875,2.3625
OPT-1.3B,9.0,2.3605
OPT-1.3B,9.0125,2.2866
OPT-1.3B,9.025,2.2918
OPT-1.3B,9.0375,2.2567
OPT-1.3B,9.05,2.3057
OPT-1.3B,9.0625,2.2825
OPT-1.3B,9.075,2.2813
OPT-1.3B,9.0875,2.2908
OPT-1.3B,9.1,2.2645
OPT-1.3B,9.1125,2.2986
OPT-1.3B,9.125,2.2768
OPT-1.3B,9.1375,2.301
OPT-1.3B,9.15,2.2715
OPT-1.3B,9.1625,2.2937
OPT-1.3B,9.175,2.2956
OPT-1.3B,9.1875,2.2791
OPT-1.3B,9.2,2.2807
OPT-1.3B,9.2125,2.3166
OPT-1.3B,9.225,2.2998
OPT-1.3B,9.2375,2.322
OPT-1.3B,9.25,2.2649
OPT-1.3B,9.2625,2.3028
OPT-1.3B,9.275,2.3252
OPT-1.3B,9.2875,2.2778
OPT-1.3B,9.3,2.2881
OPT-1.3B,9.3125,2.2711
OPT-1.3B,9.325,2.3268
OPT-1.3B,9.3375,2.3014
OPT-1.3B,9.35,2.2594
OPT-1.3B,9.3625,2.3048
OPT-1.3B,9.375,2.2869
OPT-1.3B,9.3875,2.2994
OPT-1.3B,9.4,2.3117
OPT-1.3B,9.4125,2.2814
OPT-1.3B,9.425,2.2879
OPT-1.3B,9.4375,2.3009
OPT-1.3B,9.45,2.3261
OPT-1.3B,9.4625,2.2998
OPT-1.3B,9.475,2.3214
OPT-1.3B,9.4875,2.2843
OPT-1.3B,9.5,2.3114
OPT-1.3B,9.5125,2.2978
OPT-1.3B,9.525,2.3185
OPT-1.3B,9.5375,2.3075
OPT-1.3B,9.55,2.2946
OPT-1.3B,9.5625,2.317
OPT-1.3B,9.575,2.3108
OPT-1.3B,9.5875,2.2977
OPT-1.3B,9.6,2.2649
OPT-1.3B,9.6125,2.297
OPT-1.3B,9.625,2.3064
OPT-1.3B,9.6375,2.2832
OPT-1.3B,9.65,2.3089
OPT-1.3B,9.6625,2.2923
OPT-1.3B,9.675,2.3027
OPT-1.3B,9.6875,2.3107
OPT-1.3B,9.7,2.3205
OPT-1.3B,9.7125,2.2954
OPT-1.3B,9.725,2.2895
OPT-1.3B,9.7375,2.2568
OPT-1.3B,9.75,2.3014
OPT-1.3B,9.7625,2.2959
OPT-1.3B,9.775,2.2975
OPT-1.3B,9.7875,2.2918
OPT-1.3B,9.8,2.3337
OPT-1.3B,9.8125,2.2852
OPT-1.3B,9.825,2.2732
OPT-1.3B,9.8375,2.312
OPT-1.3B,9.85,2.2876
OPT-1.3B,9.8625,2.2925
OPT-1.3B,9.875,2.2999
OPT-1.3B,9.8875,2.3003
OPT-1.3B,9.9,2.2977
OPT-1.3B,9.9125,2.3304
OPT-1.3B,9.925,2.2653
OPT-1.3B,9.9375,2.333
OPT-1.3B,9.95,2.2956
OPT-1.3B,9.9625,2.2911
OPT-1.3B,9.975,2.304
OPT-1.3B,9.9875,2.3
OPT-1.3B,10.0,2.2968
OPT-1.3B,10.0125,2.2278
OPT-1.3B,10.025,2.2285
OPT-1.3B,10.0375,2.2274
OPT-1.3B,10.05,2.2174
OPT-1.3B,10.0625,2.2242
OPT-1.3B,10.075,2.2428
OPT-1.3B,10.0875,2.217
OPT-1.3B,10.1,2.2395
OPT-1.3B,10.1125,2.2537
OPT-1.3B,10.125,2.232
OPT-1.3B,10.1375,2.2324
OPT-1.3B,10.15,2.225
OPT-1.3B,10.1625,2.2228
OPT-1.3B,10.175,2.2231
OPT-1.3B,10.1875,2.2351
OPT-1.3B,10.2,2.2354
OPT-1.3B,10.2125,2.2317
OPT-1.3B,10.225,2.2329
OPT-1.3B,10.2375,2.2247
OPT-1.3B,10.25,2.2541
OPT-1.3B,10.2625,2.2511
OPT-1.3B,10.275,2.2543
OPT-1.3B,10.2875,2.2236
OPT-1.3B,10.3,2.2306
OPT-1.3B,10.3125,2.2291
OPT-1.3B,10.325,2.269
OPT-1.3B,10.3375,2.2206
OPT-1.3B,10.35,2.2343
OPT-1.3B,10.3625,2.2369
OPT-1.3B,10.375,2.2238
OPT-1.3B,10.3875,2.2221
OPT-1.3B,10.4,2.2338
OPT-1.3B,10.4125,2.2423
OPT-1.3B,10.425,2.2185
OPT-1.3B,10.4375,2.2255
OPT-1.3B,10.45,2.2357
OPT-1.3B,10.4625,2.2469
OPT-1.3B,10.475,2.2667
OPT-1.3B,10.4875,2.2265
OPT-1.3B,10.5,2.2426
OPT-1.3B,10.5125,2.2286
OPT-1.3B,10.525,2.2503
OPT-1.3B,10.5375,2.2587
OPT-1.3B,10.55,2.2235
OPT-1.3B,10.5625,2.2389
OPT-1.3B,10.575,2.203
OPT-1.3B,10.5875,2.243
OPT-1.3B,10.6,2.2366
OPT-1.3B,10.6125,2.2757
OPT-1.3B,10.625,2.2499
OPT-1.3B,10.6375,2.231
OPT-1.3B,10.65,2.2569
OPT-1.3B,10.6625,2.2366
OPT-1.3B,10.675,2.235
OPT-1.3B,10.6875,2.2466
OPT-1.3B,10.7,2.2747
OPT-1.3B,10.7125,2.2462
OPT-1.3B,10.725,2.2278
OPT-1.3B,10.7375,2.2768
OPT-1.3B,10.75,2.2466
OPT-1.3B,10.7625,2.2515
OPT-1.3B,10.775,2.2295
OPT-1.3B,10.7875,2.2781
OPT-1.3B,10.8,2.2417
OPT-1.3B,10.8125,2.2626
OPT-1.3B,10.825,2.2333
OPT-1.3B,10.8375,2.2458
OPT-1.3B,10.85,2.2217
OPT-1.3B,10.8625,2.2329
OPT-1.3B,10.875,2.2395
OPT-1.3B,10.8875,2.2517
OPT-1.3B,10.9,2.232
OPT-1.3B,10.9125,2.245
OPT-1.3B,10.925,2.2664
OPT-1.3B,10.9375,2.2525
OPT-1.3B,10.95,2.2563
OPT-1.3B,10.9625,2.2254
OPT-1.3B,10.975,2.263
OPT-1.3B,10.9875,2.2331
OPT-1.3B,11.0,2.2449
OPT-1.3B,11.0125,2.1343
OPT-1.3B,11.025,2.1759
OPT-1.3B,11.0375,2.1731
OPT-1.3B,11.05,2.1944
OPT-1.3B,11.0625,2.1645
OPT-1.3B,11.075,2.1493
OPT-1.3B,11.0875,2.1826
OPT-1.3B,11.1,2.1799
OPT-1.3B,11.1125,2.1562
OPT-1.3B,11.125,2.1568
OPT-1.3B,11.1375,2.1667
OPT-1.3B,11.15,2.1846
OPT-1.3B,11.1625,2.1824
OPT-1.3B,11.175,2.1765
OPT-1.3B,11.1875,2.1787
OPT-1.3B,11.2,2.1593
OPT-1.3B,11.2125,2.2083
OPT-1.3B,11.225,2.2045
OPT-1.3B,11.2375,2.1612
OPT-1.3B,11.25,2.1895
OPT-1.3B,11.2625,2.1985
OPT-1.3B,11.275,2.1802
OPT-1.3B,11.2875,2.1858
OPT-1.3B,11.3,2.1884
OPT-1.3B,11.3125,2.1974
OPT-1.3B,11.325,2.1903
OPT-1.3B,11.3375,2.1757
OPT-1.3B,11.35,2.1658
OPT-1.3B,11.3625,2.2009
OPT-1.3B,11.375,2.1633
OPT-1.3B,11.3875,2.1772
OPT-1.3B,11.4,2.1844
OPT-1.3B,11.4125,2.1943
OPT-1.3B,11.425,2.1997
OPT-1.3B,11.4375,2.1817
OPT-1.3B,11.45,2.1654
OPT-1.3B,11.4625,2.1909
OPT-1.3B,11.475,2.1863
OPT-1.3B,11.4875,2.2089
OPT-1.3B,11.5,2.1605
OPT-1.3B,11.5125,2.2047
OPT-1.3B,11.525,2.1678
OPT-1.3B,11.5375,2.1862
OPT-1.3B,11.55,2.172
OPT-1.3B,11.5625,2.1829
OPT-1.3B,11.575,2.2275
OPT-1.3B,11.5875,2.2198
OPT-1.3B,11.6,2.1724
OPT-1.3B,11.6125,2.218
OPT-1.3B,11.625,2.1684
OPT-1.3B,11.6375,2.199
OPT-1.3B,11.65,2.2026
OPT-1.3B,11.6625,2.2098
OPT-1.3B,11.675,2.1923
OPT-1.3B,11.6875,2.2031
OPT-1.3B,11.7,2.1988
OPT-1.3B,11.7125,2.2135
OPT-1.3B,11.725,2.1858
OPT-1.3B,11.7375,2.1668
OPT-1.3B,11.75,2.1974
OPT-1.3B,11.7625,2.215
OPT-1.3B,11.775,2.203
OPT-1.3B,11.7875,2.2099
OPT-1.3B,11.8,2.1675
OPT-1.3B,11.8125,2.1784
OPT-1.3B,11.825,2.1772
OPT-1.3B,11.8375,2.2096
OPT-1.3B,11.85,2.2047
OPT-1.3B,11.8625,2.1921
OPT-1.3B,11.875,2.2087
OPT-1.3B,11.8875,2.194
OPT-1.3B,11.9,2.1558
OPT-1.3B,11.9125,2.1607
OPT-1.3B,11.925,2.1805
OPT-1.3B,11.9375,2.1797
OPT-1.3B,11.95,2.1523
OPT-1.3B,11.9625,2.2086
OPT-1.3B,11.975,2.1857
OPT-1.3B,11.9875,2.183
OPT-1.3B,12.0,2.2056
OPT-1.3B,12.0125,2.0793
OPT-1.3B,12.025,2.1047
OPT-1.3B,12.0375,2.1162
OPT-1.3B,12.05,2.1459
OPT-1.3B,12.0625,2.1337
OPT-1.3B,12.075,2.1186
OPT-1.3B,12.0875,2.1103
OPT-1.3B,12.1,2.1489
OPT-1.3B,12.1125,2.108
OPT-1.3B,12.125,2.1116
OPT-1.3B,12.1375,2.1085
OPT-1.3B,12.15,2.1555
OPT-1.3B,12.1625,2.1119
OPT-1.3B,12.175,2.1174
OPT-1.3B,12.1875,2.1314
OPT-1.3B,12.2,2.123
OPT-1.3B,12.2125,2.0966
OPT-1.3B,12.225,2.1355
OPT-1.3B,12.2375,2.1416
OPT-1.3B,12.25,2.1161
OPT-1.3B,12.2625,2.1434
OPT-1.3B,12.275,2.1045
OPT-1.3B,12.2875,2.1251
OPT-1.3B,12.3,2.1379
OPT-1.3B,12.3125,2.1159
OPT-1.3B,12.325,2.1096
OPT-1.3B,12.3375,2.1389
OPT-1.3B,12.35,2.1214
OPT-1.3B,12.3625,2.1097
OPT-1.3B,12.375,2.1073
OPT-1.3B,12.3875,2.1433
OPT-1.3B,12.4,2.1466
OPT-1.3B,12.4125,2.1289
OPT-1.3B,12.425,2.1224
OPT-1.3B,12.4375,2.1106
OPT-1.3B,12.45,2.1358
OPT-1.3B,12.4625,2.1469
OPT-1.3B,12.475,2.1211
OPT-1.3B,12.4875,2.113
OPT-1.3B,12.5,2.1406
OPT-1.3B,12.5125,2.1315
OPT-1.3B,12.525,2.1597
OPT-1.3B,12.5375,2.1515
OPT-1.3B,12.55,2.1656
OPT-1.3B,12.5625,2.1134
OPT-1.3B,12.575,2.1459
OPT-1.3B,12.5875,2.1568
OPT-1.3B,12.6,2.1502
OPT-1.3B,12.6125,2.1466
OPT-1.3B,12.625,2.1603
OPT-1.3B,12.6375,2.1367
OPT-1.3B,12.65,2.1254
OPT-1.3B,12.6625,2.1438
OPT-1.3B,12.675,2.148
OPT-1.3B,12.6875,2.1476
OPT-1.3B,12.7,2.1567
OPT-1.3B,12.7125,2.1603
OPT-1.3B,12.725,2.1337
OPT-1.3B,12.7375,2.1229
OPT-1.3B,12.75,2.1587
OPT-1.3B,12.7625,2.1295
OPT-1.3B,12.775,2.1438
OPT-1.3B,12.7875,2.1702
OPT-1.3B,12.8,2.162
OPT-1.3B,12.8125,2.1376
OPT-1.3B,12.825,2.1271
OPT-1.3B,12.8375,2.1433
OPT-1.3B,12.85,2.1538
OPT-1.3B,12.8625,2.1401
OPT-1.3B,12.875,2.156
OPT-1.3B,12.8875,2.1577
OPT-1.3B,12.9,2.1455
OPT-1.3B,12.9125,2.1354
OPT-1.3B,12.925,2.1386
OPT-1.3B,12.9375,2.1523
OPT-1.3B,12.95,2.1321
OPT-1.3B,12.9625,2.1115
OPT-1.3B,12.975,2.1179
OPT-1.3B,12.9875,2.1591
OPT-1.3B,13.0,2.1367
OPT-1.3B,13.0125,2.0986
OPT-1.3B,13.025,2.0702
OPT-1.3B,13.0375,2.069
OPT-1.3B,13.05,2.0629
OPT-1.3B,13.0625,2.0725
OPT-1.3B,13.075,2.0942
OPT-1.3B,13.0875,2.0807
OPT-1.3B,13.1,2.0678
OPT-1.3B,13.1125,2.0915
OPT-1.3B,13.125,2.0864
OPT-1.3B,13.1375,2.0992
OPT-1.3B,13.15,2.0876
OPT-1.3B,13.1625,2.0755
OPT-1.3B,13.175,2.0655
OPT-1.3B,13.1875,2.0903
OPT-1.3B,13.2,2.0923
OPT-1.3B,13.2125,2.0488
OPT-1.3B,13.225,2.1076
OPT-1.3B,13.2375,2.0801
OPT-1.3B,13.25,2.0636
OPT-1.3B,13.2625,2.0945
OPT-1.3B,13.275,2.0916
OPT-1.3B,13.2875,2.0919
OPT-1.3B,13.3,2.1059
OPT-1.3B,13.3125,2.0968
OPT-1.3B,13.325,2.0943
OPT-1.3B,13.3375,2.0808
OPT-1.3B,13.35,2.0966
OPT-1.3B,13.3625,2.0673
OPT-1.3B,13.375,2.0607
OPT-1.3B,13.3875,2.0607
OPT-1.3B,13.4,2.0808
OPT-1.3B,13.4125,2.1078
OPT-1.3B,13.425,2.0504
OPT-1.3B,13.4375,2.1104
OPT-1.3B,13.45,2.0894
OPT-1.3B,13.4625,2.0817
OPT-1.3B,13.475,2.0838
OPT-1.3B,13.4875,2.0978
OPT-1.3B,13.5,2.0662
OPT-1.3B,13.5125,2.0538
OPT-1.3B,13.525,2.0861
OPT-1.3B,13.5375,2.104
OPT-1.3B,13.55,2.0747
OPT-1.3B,13.5625,2.0857
OPT-1.3B,13.575,2.12
OPT-1.3B,13.5875,2.0856
OPT-1.3B,13.6,2.096
OPT-1.3B,13.6125,2.0576
OPT-1.3B,13.625,2.0697
OPT-1.3B,13.6375,2.1145
OPT-1.3B,13.65,2.0641
OPT-1.3B,13.6625,2.0817
OPT-1.3B,13.675,2.1087
OPT-1.3B,13.6875,2.1005
OPT-1.3B,13.7,2.1043
OPT-1.3B,13.7125,2.0891
OPT-1.3B,13.725,2.0925
OPT-1.3B,13.7375,2.0646
OPT-1.3B,13.75,2.0553
OPT-1.3B,13.7625,2.0814
OPT-1.3B,13.775,2.0618
OPT-1.3B,13.7875,2.0873
OPT-1.3B,13.8,2.098
OPT-1.3B,13.8125,2.0742
OPT-1.3B,13.825,2.0964
OPT-1.3B,13.8375,2.1195
OPT-1.3B,13.85,2.0777
OPT-1.3B,13.8625,2.0716
OPT-1.3B,13.875,2.1013
OPT-1.3B,13.8875,2.0895
OPT-1.3B,13.9,2.0774
OPT-1.3B,13.9125,2.0799
OPT-1.3B,13.925,2.0873
OPT-1.3B,13.9375,2.0811
OPT-1.3B,13.95,2.0727
OPT-1.3B,13.9625,2.122
OPT-1.3B,13.975,2.0918
OPT-1.3B,13.9875,2.0932
OPT-1.3B,14.0,2.1098
OPT-1.3B,14.0125,2.0392
OPT-1.3B,14.025,2.0451
OPT-1.3B,14.0375,2.0364
OPT-1.3B,14.05,2.0175
OPT-1.3B,14.0625,2.0003
OPT-1.3B,14.075,2.0736
OPT-1.3B,14.0875,2.0404
OPT-1.3B,14.1,2.0586
OPT-1.3B,14.1125,2.0334
OPT-1.3B,14.125,2.04
OPT-1.3B,14.1375,2.0235
OPT-1.3B,14.15,2.0188
OPT-1.3B,14.1625,1.998
OPT-1.3B,14.175,2.0274
OPT-1.3B,14.1875,2.0398
OPT-1.3B,14.2,2.0278
OPT-1.3B,14.2125,2.033
OPT-1.3B,14.225,2.0513
OPT-1.3B,14.2375,2.0542
OPT-1.3B,14.25,2.0277
OPT-1.3B,14.2625,2.0324
OPT-1.3B,14.275,2.0193
OPT-1.3B,14.2875,2.0244
OPT-1.3B,14.3,2.035
OPT-1.3B,14.3125,2.0338
OPT-1.3B,14.325,2.0435
OPT-1.3B,14.3375,2.0285
OPT-1.3B,14.35,2.0643
OPT-1.3B,14.3625,1.9964
OPT-1.3B,14.375,2.0279
OPT-1.3B,14.3875,2.0903
OPT-1.3B,14.4,2.0232
OPT-1.3B,14.4125,2.0387
OPT-1.3B,14.425,2.0156
OPT-1.3B,14.4375,2.0418
OPT-1.3B,14.45,2.0334
OPT-1.3B,14.4625,2.0383
OPT-1.3B,14.475,2.0168
OPT-1.3B,14.4875,2.0208
OPT-1.3B,14.5,2.0664
OPT-1.3B,14.5125,2.0263
OPT-1.3B,14.525,2.0214
OPT-1.3B,14.5375,2.0462
OPT-1.3B,14.55,2.0585
OPT-1.3B,14.5625,2.0308
OPT-1.3B,14.575,2.0581
OPT-1.3B,14.5875,2.0248
OPT-1.3B,14.6,2.0533
OPT-1.3B,14.6125,2.063
OPT-1.3B,14.625,2.0525
OPT-1.3B,14.6375,2.048
OPT-1.3B,14.65,2.0403
OPT-1.3B,14.6625,2.0605
OPT-1.3B,14.675,2.0329
OPT-1.3B,14.6875,2.0662
OPT-1.3B,14.7,2.0463
OPT-1.3B,14.7125,2.0586
OPT-1.3B,14.725,2.0238
OPT-1.3B,14.7375,2.0183
OPT-1.3B,14.75,2.0311
OPT-1.3B,14.7625,2.0296
OPT-1.3B,14.775,2.0489
OPT-1.3B,14.7875,2.0564
OPT-1.3B,14.8,2.0662
OPT-1.3B,14.8125,2.0657
OPT-1.3B,14.825,2.042
OPT-1.3B,14.8375,2.0322
OPT-1.3B,14.85,2.03
OPT-1.3B,14.8625,2.0453
OPT-1.3B,14.875,2.022
OPT-1.3B,14.8875,2.0298
OPT-1.3B,14.9,2.0454
OPT-1.3B,14.9125,2.0453
OPT-1.3B,14.925,2.0558
OPT-1.3B,14.9375,2.0478
OPT-1.3B,14.95,2.0702
OPT-1.3B,14.9625,2.0466
OPT-1.3B,14.975,2.054
OPT-1.3B,14.9875,2.0318
OPT-1.3B,15.0,2.0297
OPT-1.3B,15.0125,1.9675
OPT-1.3B,15.025,1.9975
OPT-1.3B,15.0375,1.9932
OPT-1.3B,15.05,1.9914
OPT-1.3B,15.0625,1.9693
OPT-1.3B,15.075,1.9808
OPT-1.3B,15.0875,1.9989
OPT-1.3B,15.1,2.0268
OPT-1.3B,15.1125,1.9713
OPT-1.3B,15.125,2.0045
OPT-1.3B,15.1375,1.9693
OPT-1.3B,15.15,2.0022
OPT-1.3B,15.1625,1.9991
OPT-1.3B,15.175,1.9986
OPT-1.3B,15.1875,1.9784
OPT-1.3B,15.2,1.9874
OPT-1.3B,15.2125,1.9937
OPT-1.3B,15.225,1.9852
OPT-1.3B,15.2375,1.9888
OPT-1.3B,15.25,1.9896
OPT-1.3B,15.2625,1.9756
OPT-1.3B,15.275,1.9973
OPT-1.3B,15.2875,1.9859
OPT-1.3B,15.3,1.9952
OPT-1.3B,15.3125,1.9848
OPT-1.3B,15.325,1.9771
OPT-1.3B,15.3375,2.0049
OPT-1.3B,15.35,2.0143
OPT-1.3B,15.3625,2.012
OPT-1.3B,15.375,2.0286
OPT-1.3B,15.3875,1.9893
OPT-1.3B,15.4,1.992
OPT-1.3B,15.4125,1.9922
OPT-1.3B,15.425,2.0016
OPT-1.3B,15.4375,1.9785
OPT-1.3B,15.45,1.9864
OPT-1.3B,15.4625,2.012
OPT-1.3B,15.475,2.0136
OPT-1.3B,15.4875,2.0165
OPT-1.3B,15.5,1.9897
OPT-1.3B,15.5125,1.9793
OPT-1.3B,15.525,1.9773
OPT-1.3B,15.5375,1.9696
OPT-1.3B,15.55,1.9627
OPT-1.3B,15.5625,1.9943
OPT-1.3B,15.575,2.0045
OPT-1.3B,15.5875,1.9848
OPT-1.3B,15.6,1.9833
OPT-1.3B,15.6125,2.0034
OPT-1.3B,15.625,1.9952
OPT-1.3B,15.6375,2.0057
OPT-1.3B,15.65,1.992
OPT-1.3B,15.6625,1.9863
OPT-1.3B,15.675,2.0116
OPT-1.3B,15.6875,1.9874
OPT-1.3B,15.7,2.0226
OPT-1.3B,15.7125,1.9851
OPT-1.3B,15.725,2.0031
OPT-1.3B,15.7375,2.0205
OPT-1.3B,15.75,1.9885
OPT-1.3B,15.7625,2.0174
OPT-1.3B,15.775,2.0082
OPT-1.3B,15.7875,2.0018
OPT-1.3B,15.8,1.9993
OPT-1.3B,15.8125,2.025
OPT-1.3B,15.825,2.0099
OPT-1.3B,15.8375,2.017
OPT-1.3B,15.85,2.0018
OPT-1.3B,15.8625,1.9972
OPT-1.3B,15.875,2.0161
OPT-1.3B,15.8875,1.9946
OPT-1.3B,15.9,1.9997
OPT-1.3B,15.9125,1.997
OPT-1.3B,15.925,2.0126
OPT-1.3B,15.9375,2.0027
OPT-1.3B,15.95,2.0048
OPT-1.3B,15.9625,2.0238
OPT-1.3B,15.975,2.0169
OPT-1.3B,15.9875,2.0114
OPT-1.3B,16.0,2.0131
OPT-1.3B,16.0125,1.9275
OPT-1.3B,16.025,1.9744
OPT-1.3B,16.0375,1.9549
OPT-1.3B,16.05,1.932
OPT-1.3B,16.0625,1.957
OPT-1.3B,16.075,1.9305
OPT-1.3B,16.0875,1.9414
OPT-1.3B,16.1,1.9486
OPT-1.3B,16.1125,1.9559
OPT-1.3B,16.125,1.9478
OPT-1.3B,16.1375,1.9659
OPT-1.3B,16.15,1.9518
OPT-1.3B,16.1625,1.9301
OPT-1.3B,16.175,1.9491
OPT-1.3B,16.1875,1.9631
OPT-1.3B,16.2,1.9835
OPT-1.3B,16.2125,1.9362
OPT-1.3B,16.225,1.9268
OPT-1.3B,16.2375,1.9655
OPT-1.3B,16.25,1.9582
OPT-1.3B,16.2625,1.9602
OPT-1.3B,16.275,1.9528
OPT-1.3B,16.2875,1.9886
OPT-1.3B,16.3,1.988
OPT-1.3B,16.3125,1.9535
OPT-1.3B,16.325,1.9671
OPT-1.3B,16.3375,1.9662
OPT-1.3B,16.35,1.9502
OPT-1.3B,16.3625,1.939
OPT-1.3B,16.375,1.9607
OPT-1.3B,16.3875,1.9808
OPT-1.3B,16.4,1.9216
OPT-1.3B,16.4125,1.952
OPT-1.3B,16.425,1.9849
OPT-1.3B,16.4375,1.9395
OPT-1.3B,16.45,1.9501
OPT-1.3B,16.4625,1.9723
OPT-1.3B,16.475,1.9783
OPT-1.3B,16.4875,1.9436
OPT-1.3B,16.5,1.9495
OPT-1.3B,16.5125,1.9564
OPT-1.3B,16.525,1.9805
OPT-1.3B,16.5375,1.963
OPT-1.3B,16.55,1.9618
OPT-1.3B,16.5625,1.9392
OPT-1.3B,16.575,1.9752
OPT-1.3B,16.5875,1.9439
OPT-1.3B,16.6,1.9764
OPT-1.3B,16.6125,1.9585
OPT-1.3B,16.625,1.9601
OPT-1.3B,16.6375,1.9628
OPT-1.3B,16.65,1.9636
OPT-1.3B,16.6625,1.9447
OPT-1.3B,16.675,1.9606
OPT-1.3B,16.6875,1.9647
OPT-1.3B,16.7,1.9868
OPT-1.3B,16.7125,1.9601
OPT-1.3B,16.725,1.9485
OPT-1.3B,16.7375,1.9513
OPT-1.3B,16.75,1.9623
OPT-1.3B,16.7625,1.9575
OPT-1.3B,16.775,1.9672
OPT-1.3B,16.7875,1.9528
OPT-1.3B,16.8,1.9552
OPT-1.3B,16.8125,1.9713
OPT-1.3B,16.825,1.9594
OPT-1.3B,16.8375,1.9848
OPT-1.3B,16.85,1.9678
OPT-1.3B,16.8625,1.9754
OPT-1.3B,16.875,1.9425
OPT-1.3B,16.8875,1.9619
OPT-1.3B,16.9,1.9533
OPT-1.3B,16.9125,1.9493
OPT-1.3B,16.925,1.9424
OPT-1.3B,16.9375,2.0049
OPT-1.3B,16.95,1.9609
OPT-1.3B,16.9625,1.9933
OPT-1.3B,16.975,1.9489
OPT-1.3B,16.9875,1.9692
OPT-1.3B,17.0,1.992
OPT-1.3B,17.0125,1.9368
OPT-1.3B,17.025,1.9128
OPT-1.3B,17.0375,1.923
OPT-1.3B,17.05,1.9317
OPT-1.3B,17.0625,1.9088
OPT-1.3B,17.075,1.8901
OPT-1.3B,17.0875,1.9374
OPT-1.3B,17.1,1.9086
OPT-1.3B,17.1125,1.9259
OPT-1.3B,17.125,1.9373
OPT-1.3B,17.1375,1.9268
OPT-1.3B,17.15,1.9439
OPT-1.3B,17.1625,1.9152
OPT-1.3B,17.175,1.9424
OPT-1.3B,17.1875,1.9379
OPT-1.3B,17.2,1.9083
OPT-1.3B,17.2125,1.9242
OPT-1.3B,17.225,1.9275
OPT-1.3B,17.2375,1.9054
OPT-1.3B,17.25,1.8951
OPT-1.3B,17.2625,1.9395
OPT-1.3B,17.275,1.9134
OPT-1.3B,17.2875,1.9203
OPT-1.3B,17.3,1.9231
OPT-1.3B,17.3125,1.95
OPT-1.3B,17.325,1.9328
OPT-1.3B,17.3375,1.9128
OPT-1.3B,17.35,1.9143
OPT-1.3B,17.3625,1.9274
OPT-1.3B,17.375,1.9384
OPT-1.3B,17.3875,1.926
OPT-1.3B,17.4,1.9403
OPT-1.3B,17.4125,1.9116
OPT-1.3B,17.425,1.9346
OPT-1.3B,17.4375,1.919
OPT-1.3B,17.45,1.9228
OPT-1.3B,17.4625,1.9346
OPT-1.3B,17.475,1.9217
OPT-1.3B,17.4875,1.9502
OPT-1.3B,17.5,1.9504
OPT-1.3B,17.5125,1.9173
OPT-1.3B,17.525,1.9232
OPT-1.3B,17.5375,1.9183
OPT-1.3B,17.55,1.9136
OPT-1.3B,17.5625,1.9149
OPT-1.3B,17.575,1.9251
OPT-1.3B,17.5875,1.9024
OPT-1.3B,17.6,1.9222
OPT-1.3B,17.6125,1.9347
OPT-1.3B,17.625,1.9293
OPT-1.3B,17.6375,1.9269
OPT-1.3B,17.65,1.9305
OPT-1.3B,17.6625,1.9177
OPT-1.3B,17.675,1.8994
OPT-1.3B,17.6875,1.9482
OPT-1.3B,17.7,1.9538
OPT-1.3B,17.7125,1.9119
OPT-1.3B,17.725,1.9448
OPT-1.3B,17.7375,1.9307
OPT-1.3B,17.75,1.933
OPT-1.3B,17.7625,1.9166
OPT-1.3B,17.775,1.938
OPT-1.3B,17.7875,1.9257
OPT-1.3B,17.8,1.9353
OPT-1.3B,17.8125,1.9265
OPT-1.3B,17.825,1.9237
OPT-1.3B,17.8375,1.9391
OPT-1.3B,17.85,1.9128
OPT-1.3B,17.8625,1.9305
OPT-1.3B,17.875,1.9515
OPT-1.3B,17.8875,1.9136
OPT-1.3B,17.9,1.9326
OPT-1.3B,17.9125,1.9254
OPT-1.3B,17.925,1.9043
OPT-1.3B,17.9375,1.9355
OPT-1.3B,17.95,1.9257
OPT-1.3B,17.9625,1.9393
OPT-1.3B,17.975,1.9226
OPT-1.3B,17.9875,1.9337
OPT-1.3B,18.0,1.9309
OPT-1.3B,18.0125,1.9127
OPT-1.3B,18.025,1.9041
OPT-1.3B,18.0375,1.9206
OPT-1.3B,18.05,1.8827
OPT-1.3B,18.0625,1.8979
OPT-1.3B,18.075,1.8735
OPT-1.3B,18.0875,1.886
OPT-1.3B,18.1,1.8633
OPT-1.3B,18.1125,1.8798
OPT-1.3B,18.125,1.8987
OPT-1.3B,18.1375,1.8866
OPT-1.3B,18.15,1.8726
OPT-1.3B,18.1625,1.9047
OPT-1.3B,18.175,1.9013
OPT-1.3B,18.1875,1.8859
OPT-1.3B,18.2,1.8819
OPT-1.3B,18.2125,1.9
OPT-1.3B,18.225,1.9289
OPT-1.3B,18.2375,1.8816
OPT-1.3B,18.25,1.8976
OPT-1.3B,18.2625,1.8893
OPT-1.3B,18.275,1.8945
OPT-1.3B,18.2875,1.9037
OPT-1.3B,18.3,1.8983
OPT-1.3B,18.3125,1.9028
OPT-1.3B,18.325,1.8908
OPT-1.3B,18.3375,1.8659
OPT-1.3B,18.35,1.9175
OPT-1.3B,18.3625,1.899
OPT-1.3B,18.375,1.9177
OPT-1.3B,18.3875,1.8897
OPT-1.3B,18.4,1.9005
OPT-1.3B,18.4125,1.9247
OPT-1.3B,18.425,1.9091
OPT-1.3B,18.4375,1.9115
OPT-1.3B,18.45,1.8992
OPT-1.3B,18.4625,1.8887
OPT-1.3B,18.475,1.8983
OPT-1.3B,18.4875,1.9029
OPT-1.3B,18.5,1.9028
OPT-1.3B,18.5125,1.8965
OPT-1.3B,18.525,1.9078
OPT-1.3B,18.5375,1.8996
OPT-1.3B,18.55,1.9216
OPT-1.3B,18.5625,1.8973
OPT-1.3B,18.575,1.8964
OPT-1.3B,18.5875,1.9091
OPT-1.3B,18.6,1.9016
OPT-1.3B,18.6125,1.8795
OPT-1.3B,18.625,1.9184
OPT-1.3B,18.6375,1.9045
OPT-1.3B,18.65,1.9065
OPT-1.3B,18.6625,1.8747
OPT-1.3B,18.675,1.8843
OPT-1.3B,18.6875,1.8878
OPT-1.3B,18.7,1.881
OPT-1.3B,18.7125,1.9097
OPT-1.3B,18.725,1.8925
OPT-1.3B,18.7375,1.9062
OPT-1.3B,18.75,1.9214
OPT-1.3B,18.7625,1.9098
OPT-1.3B,18.775,1.8976
OPT-1.3B,18.7875,1.8699
OPT-1.3B,18.8,1.8883
OPT-1.3B,18.8125,1.9092
OPT-1.3B,18.825,1.8529
OPT-1.3B,18.8375,1.8947
OPT-1.3B,18.85,1.9009
OPT-1.3B,18.8625,1.901
OPT-1.3B,18.875,1.9093
OPT-1.3B,18.8875,1.9088
OPT-1.3B,18.9,1.8985
OPT-1.3B,18.9125,1.9421
OPT-1.3B,18.925,1.8757
OPT-1.3B,18.9375,1.9107
OPT-1.3B,18.95,1.9043
OPT-1.3B,18.9625,1.8879
OPT-1.3B,18.975,1.9184
OPT-1.3B,18.9875,1.9114
OPT-1.3B,19.0,1.9115
OPT-1.3B,19.0125,1.8862
OPT-1.3B,19.025,1.8951
OPT-1.3B,19.0375,1.8719
OPT-1.3B,19.05,1.9051
OPT-1.3B,19.0625,1.8733
OPT-1.3B,19.075,1.884
OPT-1.3B,19.0875,1.8889
OPT-1.3B,19.1,1.8626
OPT-1.3B,19.1125,1.8802
OPT-1.3B,19.125,1.8918
OPT-1.3B,19.1375,1.8838
OPT-1.3B,19.15,1.8614
OPT-1.3B,19.1625,1.886
OPT-1.3B,19.175,1.8721
OPT-1.3B,19.1875,1.8853
OPT-1.3B,19.2,1.8905
OPT-1.3B,19.2125,1.8544
OPT-1.3B,19.225,1.8734
OPT-1.3B,19.2375,1.8828
OPT-1.3B,19.25,1.8623
OPT-1.3B,19.2625,1.8957
OPT-1.3B,19.275,1.8811
OPT-1.3B,19.2875,1.884
OPT-1.3B,19.3,1.8839
OPT-1.3B,19.3125,1.8881
OPT-1.3B,19.325,1.8793
OPT-1.3B,19.3375,1.8547
OPT-1.3B,19.35,1.8602
OPT-1.3B,19.3625,1.8587
OPT-1.3B,19.375,1.859
OPT-1.3B,19.3875,1.8717
OPT-1.3B,19.4,1.86
OPT-1.3B,19.4125,1.8875
OPT-1.3B,19.425,1.8863
OPT-1.3B,19.4375,1.8583
OPT-1.3B,19.45,1.8613
OPT-1.3B,19.4625,1.8652
OPT-1.3B,19.475,1.8927
OPT-1.3B,19.4875,1.8941
OPT-1.3B,19.5,1.8704
OPT-1.3B,19.5125,1.8722
OPT-1.3B,19.525,1.8891
OPT-1.3B,19.5375,1.8614
OPT-1.3B,19.55,1.9024
OPT-1.3B,19.5625,1.8808
OPT-1.3B,19.575,1.9082
OPT-1.3B,19.5875,1.8677
OPT-1.3B,19.6,1.8742
OPT-1.3B,19.6125,1.8931
OPT-1.3B,19.625,1.8678
OPT-1.3B,19.6375,1.8608
OPT-1.3B,19.65,1.8766
OPT-1.3B,19.6625,1.8676
OPT-1.3B,19.675,1.9093
OPT-1.3B,19.6875,1.8652
OPT-1.3B,19.7,1.8618
OPT-1.3B,19.7125,1.8936
OPT-1.3B,19.725,1.8815
OPT-1.3B,19.7375,1.8987
OPT-1.3B,19.75,1.8591
OPT-1.3B,19.7625,1.8778
OPT-1.3B,19.775,1.8826
OPT-1.3B,19.7875,1.8726
OPT-1.3B,19.8,1.8739
OPT-1.3B,19.8125,1.8743
OPT-1.3B,19.825,1.8898
OPT-1.3B,19.8375,1.8837
OPT-1.3B,19.85,1.8733
OPT-1.3B,19.8625,1.8842
OPT-1.3B,19.875,1.8885
OPT-1.3B,19.8875,1.8838
OPT-1.3B,19.9,1.8684
OPT-1.3B,19.9125,1.8595
OPT-1.3B,19.925,1.8919
OPT-1.3B,19.9375,1.8721
OPT-1.3B,19.95,1.8584
OPT-1.3B,19.9625,1.8574
OPT-1.3B,19.975,1.8733
OPT-1.3B,19.9875,1.8703
OPT-1.3B,20.0,1.8644
