verb_up,frequency,ftp,log_freq,log_ftp
act up,530,0.0038722168441432,6.272877006546167,-5.550048374714177
acting up,1586,0.0143298679404327,7.368970402194793,-4.2309757207677485
add up,24594,0.0037016585884614,10.110257789732392,-5.595265765941192
added up,2703,0.0044262118104285,7.902117546276448,-5.415775146062363
adding up,3192,0.0535041446872645,8.068402958569699,-2.873007469986829
adds up,7938,0.0895295902883156,8.97941663334301,-2.319392211310427
allowed up,533,0.0019352341633337,6.278521424165844,-6.245589836030953
ante up,227,0.0849673202614379,5.424950017481403,-2.3766930651477676
arm up,44,0.0017287744909719,3.784189633918261,-6.358612237672254
ate up,608,0.0134887375589313,6.410174881966167,-4.292319659596065
back up,16691,0.0010691618316036,9.722624930978418,-6.839810538632536
backed up,18954,0.1475029036004645,9.84977027003014,-1.7543219421559249
backing up,8070,0.1336805555555555,8.995908761263994,-1.8688006738978353
backs up,3588,0.0382059800664451,8.185350223178686,-3.2258082616438477
bandaged up,90,0.0705882352941176,4.499809670330265,-2.577688383238967
bang up,256,0.0018733608092918,5.545177444479562,-6.278146119226217
banged up,798,0.0506993006993006,6.682108597449809,-2.9298134899474633
barking up,384,0.0156037991858887,5.950642552587727,-4.144514036955041
batter up,33,0.0202578268876611,3.4965075614664802,-3.878748216543276
be up,79,3.109690753214942e-5,4.3694478524670215,-10.37837108259744
beam up,44,0.011340206185567,3.784189633918261,-4.467995802085069
bear up,211,0.0037334716100596,5.351858133476067,-5.586676293215655
bearing up,77,0.0187074829931972,4.343805421853684,-3.959946993709733
beat up,3713,0.0365978626848192,8.21959545417708,-3.2704810705938727
beaten up,1870,0.0683870967741935,7.533693709848633,-2.6117332253407053
beating up,1033,0.0305010893246187,6.940222469119639,-3.459016952550983
beef up,2313,0.0075239398084815,7.746300662231439,-4.882112980085822
bind up,378,0.077720207253886,5.934894195619588,-2.4737333491898754
binding up,110,0.051829268292682897,4.700480365792417,-2.9065795681230187
blaze up,28,0.0210016155088853,3.332204510175204,-3.8419306286077775
blazed up,25,0.118705035971223,3.2188758248682006,-2.0047506490782467
blew up,3144,0.1129748396645288,8.053251153549096,-2.0607082114773267
block up,377,0.0102850956333453,5.932245187448011,-4.566721104874786
blocked up,396,0.063960639606396,5.981414211254481,-2.6833896392802594
blocks up,169,0.0048476454293628,5.1298987149230735,-5.324402737023728
blow up,6436,0.0618648373983739,8.769662508112274,-2.718942071882892
blowed up,27,0.08130081300813,3.295836866004329,-2.424802725718296
blowing up,3012,0.0458786936236391,8.010359588919783,-3.0347900008051942
blown up,3050,0.1860299358517462,8.022896869601457,-1.4760159828932624
blows up,1050,0.0242984257357974,6.956545443151569,-3.6927452118713564
boarded up,1082,0.1002949852507374,6.9865664594064265,-2.1939512519912507
bob up,96,0.0010564542753383,4.564348191467836,-6.851779988505144
bobbed up,77,0.2790697674418604,4.343805421853684,-0.9490805546971463
bobbing up,282,0.2023121387283237,5.641907070938114,-1.371905623667791
boil up,219,0.0210355987055016,5.389071729816501,-3.8402791005693055
book up,943,5.774476812488e-4,6.849066282633458,-7.456315100444124
booked up,1357,0.0764462809917355,7.213031659834869,-2.491640681969345
bore up,24,0.013142174432497,3.1780538303479458,-4.318699500722609
borne up,26,0.0170316301703163,3.258096538021482,-4.055504728905837
bottle up,383,0.0014201183431952,5.948034989180646,-6.55559394289633
bottled up,695,0.2292993630573248,6.543911845564792,-1.2122716071406314
bought up,1140,0.0040906578220011,7.038783541388542,-5.494950437735248
bounce up,299,0.0182348650619985,5.700443573390687,-3.986016685336475
bounced up,229,0.0909090909090909,5.43372200355424,-2.302585092994046
bounces up,121,0.0525657071339173,4.795790545596741,-2.8916936351540827
bouncing up,355,0.0525672371638141,5.872117789475416,-2.8916629136597862
bound up,1420,0.0323990743121625,7.258412150595307,-3.39668988364196
bounded up,61,0.0509164969450101,4.110873864173311,-2.9253098092574468
bounding up,64,0.0693877551020408,4.1588830833596715,-2.596132284898225
box up,295,8.886016641085e-4,5.68697535633982,-7.024972498028912
brace up,53,0.06266318537859,3.970291913552122,-2.7052685581403346
braced up,22,0.0705882352941176,3.091042453358316,-2.577688383238967
break up,16125,0.0418394819180673,9.688126141663973,-3.1311748821195025
breaking up,6228,0.0833859759949463,8.73681053295389,-2.3972063302978173
breaks up,2077,0.0465434633812457,7.638679823876112,-3.019707268603699
brighten up,8258,0.2436974789915966,9.018937706446035,-1.132513840343791
brightened up,740,0.1623931623931624,6.606650186198215,-1.6405284995041316
brightening up,801,0.2340425531914893,6.68586094706836,-1.1856236656577397
bring up,17789,0.0182611298806825,9.78633556772527,-3.9845506059996314
bringing up,4623,0.051774753135842,8.438799123988225,-2.9076894369576993
brings up,6432,0.0115843270868824,8.769040810858803,-4.446450259505247
broke up,6196,0.0687825390468562,8.73165920153676,-2.605542908020118
broken up,7300,0.0310759834740434,8.895629627136483,-3.4397509092018987
brought up,20078,0.0597635185276802,9.907379967251472,-2.755736002928589
brush up,3778,0.008,8.236950048061455,-4.820281565605037
brushed up,330,0.0212765957446808,5.799092654460526,-3.8286413964890977
brushing up,796,0.0158730158730158,6.679599185844383,-4.127134385045096
bubbled up,307,0.1707317073170731,5.726847747587197,-1.5804503755608486
bubbling up,718,0.0854700854700854,6.576469569048224,-2.370243741467861
buck up,283,0.0221631205673758,5.645446897643238,-3.786913194385306
buckle up,1893,0.0710227272727272,7.545918151209323,-2.571084346029054
build up,42079,0.044909415667262,10.647304082870662,-3.0571587128662787
building up,15353,0.0132723522554031,9.639066173658899,-4.308710968105798
builds up,6213,0.1739130434782608,8.734399150063695,-1.5581446180465504
built up,23859,0.0316430425234577,10.079916783625245,-3.4210824780840055
bumped up,1262,0.0102707749766573,7.140453043101158,-4.568128914307745
bunched up,497,0.282051282051282,6.208590026096629,-0.9343092373768337
bundled up,1669,0.18796992481203,7.419979923661835,-1.4632554022560194
bunged up,88,0.5714285714285714,4.477336814478207,0.28768207245178085
buoyed up,137,0.4285714285714285,4.919980925828125,-0.28768207245178123
buried up,96,0.0034700315457413,4.564348191467836,-5.660115528003722
burn up,1831,0.0264637777042672,7.5126175446745105,-3.6051581135595945
burned up,757,0.0500431406384814,6.6293632534374485,-2.9435311261762616
burning up,1144,0.029285949325436,7.042286171939743,-3.5009240796017256
burns up,371,0.0090497737556561,5.916202062607435,-4.6959245492565564
burnt up,170,0.0317353139770425,5.135798437050262,-3.4180754194495084
bust up,129,0.0287443267776096,4.859812404361672,-3.5201493245235236
busted up,257,0.0498915401301518,5.54907608489522,-2.9467246944472976
busting up,81,0.0840336134453781,4.394449154672439,-2.388762789235099
button up,403,0.0049433573635427,5.998936561946683,-5.3047549342064695
buttoned up,500,0.2262773722627737,6.214608098422191,-1.229451889626921
buy up,1451,0.0018145161290322,7.280008252884188,-6.310120278025236
buying up,1450,0.0053499777084262,7.27931883541462,-5.225298544644535
call up,11252,0.0062384133243092,9.328301169609748,-5.070771450350903
called up,5418,0.0053756935681814,8.59748202264504,-5.220477482751169
calling up,869,0.0045175863181671,6.767343125265392,-5.39524960672424
calls up,898,0.0023504273504273,6.8001700683022,-6.050804922172588
came up,65135,0.0481157869709938,11.084217318131664,-2.9848330677076267
carried up,395,0.0078143784563597,5.978885764901122,-4.843944779697047
carry up,1872,0.0035623409669211,7.534762657037537,-5.633768674035148
cast up,169,0.0084334270380782,5.1298987149230735,-4.767082871150839
catch up,40809,0.0430858310626703,10.61665792430154,-3.100519502384678
catches up,1848,0.0276497695852534,7.521859252201629,-3.5600986642480135
catching up,15948,0.1145083932853717,9.677088708501246,-2.04549485448475
caught up,39955,0.0514719669979373,10.595509099808563,-2.913874014696361
chained up,295,0.1176470588235294,5.68697535633982,-2.0149030205422647
chalk up,569,0.0098135426889106,6.343880434126331,-4.614129927359573
chalked up,1010,0.3448275862068966,6.917705609835305,-0.6418538861723946
change up,3972,8.452575016603e-4,8.287025025165063,-7.075023626403717
charged up,1296,0.0114320096269554,7.16703787691222,-4.459840138870835
chase up,242,0.0040733197556008,5.488937726156687,-5.4992153089149305
chatting up,380,0.0226843100189035,5.940171252720432,-3.7631362247204327
check up,3438,0.011707532582284,8.142645185942795,-4.435746228497959
checked up,370,0.0067862336403296,5.91350300563827,-4.986049818623644
checking up,796,0.0265095729013254,6.679599185844383,-3.603382081955525
cheer up,1714,0.1659267480577136,7.446585099157725,-1.6147748163622884
cheered up,275,0.096045197740113,5.616771097666572,-2.241960471177611
cheering up,380,0.0165184243964421,5.940171252720432,-4.0866225161281955
chew up,450,0.0133897110641296,6.1092475827643655,-4.299788536436915
chewed up,693,0.1469648562300319,6.541029999189903,-1.758607261911155
chin up,187,0.0135135135135135,5.231108616854587,-4.290459441148392
choked up,823,0.0752895752895752,6.71295620067707,-2.50813895128127
chop up,1665,0.0179163901791639,7.417580402414544,-4.0039605007538315
chopped up,1915,0.1120689655172413,7.557472901614746,-2.0697796307681
churned up,224,0.2121212121212121,5.4116460518550396,-1.3121863889661687
clam up,169,0.047808764940239,5.1298987149230735,-2.9915569021435116
clamber up,173,0.2285714285714285,5.153291594497779,-1.2163953243244934
clambered up,115,0.3474178403755869,4.74493212836325,-0.630408839926522
clambering up,115,0.2533333333333333,4.74493212836325,-1.080912711568709
clean up,33996,0.106483191725157,10.433998149618517,-2.1271779976289236
cleaned up,12115,0.2410215482841181,9.402199633250627,-1.1470870451705208
cleaning up,15350,0.1699123661148977,9.638870753015343,-1.5862484675151902
cleans up,1677,0.2153846153846154,7.424761761823209,-1.292768303109067
clear up,7447,0.0157059026579219,8.915566545710645,-4.137888124639694
cleared up,3213,0.0859891761876127,8.074960359115858,-2.3636209835804154
clearing up,1778,0.0717993079584775,7.48324441607385,-2.5593731348341007
clears up,1129,0.0142348754448398,7.029087564149662,-4.237723145067452
climb up,6766,0.2578160398731309,8.819665349340653,-1.057350830286684
climbed up,2483,0.2562834775442933,7.817222785508166,-1.0653757780278021
climbing up,3437,0.1920970266040688,8.142354276849835,-1.4364413776006129
climbs up,670,0.151819322459222,6.507277712385012,-1.7204025304462236
close up,4489,0.0067606895007835,8.409385238781931,-4.989846750480694
closed up,2021,0.0189817539729252,7.611347717403621,-3.9451128582563904
closes up,228,0.0072494669509594,5.429345628954441,-4.919551464795124
closing up,862,0.0249445676274944,6.759255270663693,-3.6658382549672406
cocked up,45,0.0511627906976744,3.8066624897703196,-2.9202247210458463
coiled up,172,0.1942857142857142,5.147494476813453,-1.4223993657620075
colored up,95,0.0041084634346754,4.553876891600541,-5.490589254195167
come up,162149,0.0225358336325223,11.996270944587247,-3.769854984491611
comes up,22481,0.0296995854877996,10.02042578700401,-3.4864726401596893
coming up,63516,0.0573951434878587,11.059047121645987,-2.7986874752071427
conjure up,3080,0.2325581395348837,8.03268487596762,-1.1939224684724348
conjured up,1375,0.3466666666666667,7.226209010100671,-0.63372376008914455
connect up,1438,0.0128805620608899,7.271008538280992,-4.339071685203487
connected up,323,0.0050230221850146,5.777652323222656,-5.288687817572203
continued up,576,0.0013931104356636,6.3561076606958915,-6.574822226598788
cook up,3536,0.003170942634765,8.170751423757535,-5.750550393444885
cooked up,2413,0.015531660692951,7.7886260656250315,-4.149221172447936
cooking up,2987,0.0067806603773584,8.00202481821611,-4.986877027477417
cooped up,1287,0.875,7.160069207596127,1.9459101490553132
cough up,1424,0.0103499260719566,7.261225091971921,-4.5603720430882
coughing up,855,0.008841732979664,6.75110146893676,-4.719391330078116
count up,890,0.0077539755552635,6.7912214627261855,-4.851765398337352
counted up,191,0.0232558139534883,5.25227342804663,-3.7376696182833715
counting up,539,0.0118089103596349,6.289715570908998,-4.42702172787477
cover up,10724,0.0324512034486887,9.28023949935585,-3.3950283306354425
covered up,3651,0.0342822161003979,8.202756381655638,-3.3382449036802195
covering up,2946,0.0435383552176917,7.988203597022576,-3.0895984097860842
covers up,1362,0.0081706763504312,7.2167094867094574,-4.7989993496335295
crack up,409,0.0132275132275132,6.013715156042802,-4.312140507209717
cracked up,1312,0.0488997555012225,7.179307969504034,-2.9678470700644555
cracking up,781,0.0887096774193548,6.660575149839686,-2.3294925459139706
crawl up,416,0.0436590436590436,6.030685260261263,-3.086704051759719
crawled up,270,0.0794520547945205,5.598421958998375,-2.449815329976731
crawling up,396,0.0359116022099447,5.981414211254481,-3.290122564740892
crawls up,77,0.015855039637599,4.343805421853684,-4.1282857956501395
creep up,1542,0.0929203539823008,7.340835554123275,-2.2784875414149863
creeping up,1489,0.118796992481203,7.305860032684009,-2.003871937109991
creeps up,633,0.0738636363636363,6.450470422144176,-2.5288008433452265
crept up,992,0.1040051679586563,6.899723107284872,-2.153494055330369
crop up,3106,0.0391459074733096,8.041091003708633,-3.2005266862000044
cropped up,1647,0.1953125,7.4067107301776405,-1.415853163361435
crowded up,94,0.0106312292358804,4.543294782270004,-4.533271310444228
crowding up,34,0.037174721189591003,3.5263605246161616,-3.254242968705494
crumpled up,224,0.1538461538461538,5.4116460518550396,-1.7047480922384257
crushed up,258,0.0120048019207683,5.552959584921617,-4.410371107683025
cuddle up,1209,0.0162962962962962,7.097548850614793,-4.100386876678069
cuddled up,536,0.1879194630872483,6.284134161070802,-1.4635860354215373
curl up,4811,0.216867469879518,8.478660241699453,-1.284015511999473
curled up,3422,0.4467408585055644,8.137980454452139,-0.21384781044072865
curling up,1521,0.093484419263456,7.327123292259293,-2.271813434327293
cut up,7095,0.0222178335143675,8.867145589594143,-3.78439163371695
cuts up,242,0.0066803699897225,5.488937726156687,-5.0018791217467955
cutting up,1484,0.0337257397391027,7.302496423727326,-3.355186370933684
dance up,77,0.0012677484787018,4.343805421853684,-6.669244250536826
danced up,48,0.0299448384554767,3.871201010907891,-3.4779959664580695
dancing up,129,0.0097444781290602,4.859812404361672,-4.621262233887736
darted up,23,0.0292825768667642,3.1354942159291497,-3.5010427166318743
dashed up,45,0.0580029368575624,3.8066624897703196,-2.787508512148615
dashing up,63,0.05,4.143134726391533,-2.9444389791664403
deliver up,1267,0.0082327113062568,7.144407180321139,-4.791373089490026
delivered up,278,0.0105401844532279,5.627621113690637,-4.541964110084302
die up,38,8.772699359592e-4,3.6375861597263857,-7.037818163280414
dig up,3998,0.0762509928514694,8.293549515060345,-2.4944099610508284
digging up,2112,0.0646840148698884,7.655390644826152,-2.6713703186058035
digs up,220,0.0611111111111111,5.393627546352362,-2.7320034421247033
disappeared up,43,0.0035724918130395,3.7612001156935624,-5.630913051423353
dish up,431,0.0071364852809991,6.066108090103747,-4.93537280959571
dished up,328,0.3142857142857143,5.793013608384144,-0.7801585575495751
divide up,1149,0.0334051724137931,7.046647277848756,-3.36506865757365
divided up,2161,0.0234826589595375,7.6783263565068856,-3.7277302763808136
doing up,731,0.005031907870608,6.594413459749778,-5.2869114579049
doll up,108,0.0082527401676337,4.68213122712422,-4.788923009697393
dolled up,747,0.7647058823529411,6.616065185132817,1.178654996341646
done up,1897,0.0031062477938581,7.5480289699350145,-5.771228696150991
double up,2621,0.0033736852550109,7.8713112033234065,-5.688370195661319
doubled up,1084,0.2069716775599128,6.988413181999592,-1.3432769760362
doubling up,859,0.1470588235294117,6.755768921984255,-1.7578579175523743
dragged up,173,0.0166112956810631,5.153291594497779,-4.080921541889961
drank up,82,0.0112806901128069,4.406719247264253,-4.473318054883289
draw up,5344,0.0140300386725424,8.583729715216482,-4.25242523842501
drawing up,2631,0.0102835774384543,7.875119281040293,-4.566870260900551
drawn up,6190,0.1030987547060527,8.730690365678642,-2.1632584491211726
dream up,1919,0.0021779713752333,7.5595594960077,-6.1271810506378666
dreamed up,1542,0.0113835376532399,7.340835554123275,-4.464138206688128
dredge up,253,0.2307692307692307,5.53338948872752,-1.2039728043259363
dredged up,230,0.4054054054054054,5.438079308923196,-0.38299225225610584
dredging up,164,0.1470588235294117,5.099866427824199,-1.7578579175523743
dress up,18180,0.0394276976845784,9.80807736773147,-3.193060698838778
dressed up,12499,0.1017798513910489,9.433403920090221,-2.177603031549849
dresses up,561,0.0184100418410041,6.329720905522696,-3.976277395295164
dressing up,6764,0.0907042253521126,8.81936971001847,-2.305066483845432
drew up,1643,0.0575328265376641,7.404279118037268,-2.796145408286728
dried up,4068,0.1550995775497888,8.31090675716845,-1.6951514307081301
dries up,1151,0.152073732718894,7.048386408721883,-1.7184281961425054
drifted up,87,0.01985559566787,4.465908118654584,-3.8992140471355667
drink up,919,0.0069163379271479,6.823286122355687,-4.9669284840579335
drive up,6710,0.0105204357136207,8.811354229965728,-4.543859488167364
driven up,794,0.0173085244482907,6.677083461247136,-4.039096087991627
driving up,3457,0.0095413458319384,8.148156439921625,-4.642533574842144
drove up,3011,0.0468310958476428,8.010027528481734,-3.0132446986386228
drum up,1789,0.0056529112492933,7.489412083508719,-5.169915651743528
dry up,3095,0.0223358449946178,8.037543185118697,-3.778973424424607
drying up,1411,0.079002079002079,7.252053951852814,-2.45598361031875
dug up,2935,0.1466227347611202,7.984462732262196,-1.7613388725273438
ease up,1006,0.0236375574523965,6.913737350659685,-3.7209970080040486
eat up,3341,0.0070577394290979,8.114025442356757,-4.946547709847042
eaten up,917,0.0309687665431445,6.821107472256465,-3.443317678322481
eating up,1189,0.0052068055148137,7.080867896690782,-5.252568348051723
eats up,740,0.0079119367045063,6.606650186198215,-4.831439282475698
end up,185436,0.047608429033337,12.130465088021696,-2.9959664381727884
ended up,118008,0.1940911758951281,11.678507697759885,-1.4236425871512084
ending up,8917,0.0347361389445557,9.095714846134879,-3.3246208819651075
ends up,30711,0.0939093909390939,10.33237617558788,-2.266808919828762
face up,5510,0.0024082048957388,8.61431990214696,-6.026462556277957
facing up,2253,0.0072115384615384,7.720017940432244,-4.924835304292932
fasten up,45,0.0275229357798165,3.8066624897703196,-3.564826805443958
fastened up,29,0.0241935483870967,3.367295829986474,-3.6971782569286344
fed up,9259,0.2558039552880481,9.133351330448047,-1.0678931496305797
feel up,889,9.657652857333e-4,6.790097235513905,-6.941623496768933
feeling up,498,0.0016249283119862,6.210600077024653,-6.420665329934472
feet up,39,5.663500914873e-4,3.6635616461296463,-7.475731624250837
fess up,415,0.88,6.028278520230698,1.9924301646902063
fetch up,188,0.0144491270319084,5.236441962829949,-4.222566747023196
figure up,50,0.0016095654173373,3.912023005428146,-6.430180201382936
fill up,21377,0.0890548692904337,9.97007085667928,-2.3252299770591565
filled up,6730,0.0491437081161578,8.814330422638774,-2.962614114006115
filling up,9115,0.0985306828003457,9.117676687112763,-2.2136580066062774
fills up,2678,0.1348600508905852,7.8928255262511176,-1.8586537040580855
finish up,7499,0.0292018882423976,8.92252495730139,-3.503885155794037
finished up,4780,0.0064978563772775,8.472195825485501,-5.029763885238595
finishes up,520,0.0210135970333745,6.253828811575473,-3.8413480477582116
finishing up,5676,0.046875,8.644002038279933,-3.012261575505202
fire up,5094,0.0013016596160104,8.535818655539403,-6.642812693499856
fired up,5583,0.0174246898995865,8.62748154531036,-4.0322888321127595
firing up,1305,0.0067159167226326,7.173958319756794,-4.99653636971676
firm up,1958,0.004594180704441,7.579678823090456,-5.3783600742215825
fish up,104,6.467468632777e-4,4.6443908991413725,-7.342908630792147
fished up,63,0.0816326530612244,4.143134726391533,-2.42036812865043
fit up,1281,0.0026140255994231,7.155396301896734,-5.94424642249868
fitted up,178,0.077788191190253,5.181783550292085,-2.4727852892556563
fix up,1979,0.0188401924104756,7.590346945602565,-3.9527428670734466
fixed up,1436,0.0405143134400776,7.269616749608169,-3.164742067785
fixing up,1329,0.0292294065544729,7.192182058713246,-3.5029149060414837
flamed up,21,0.1829268292682926,3.044522437723423,-1.4966424182887565
flare up,1188,0.1237113402061855,7.080026499922591,-1.9577446067023168
flared up,745,0.4380952380952381,6.61338421837956,-0.2488960474166244
flares up,329,0.1301369863013698,5.796057750765372,-1.8997481072921514
flash up,106,0.005944215820759,4.663439094112067,-5.119374710219623
flashed up,115,0.0264496439471007,4.74493212836325,-3.6057068534314727
flew up,683,0.0620326779285516,6.52649485957079,-2.7160538009627326
flies up,186,0.0092915214866434,5.225746673713202,-4.6693180058118475
float up,323,0.0158924205378973,5.777652323222656,-4.125892919957027
floated up,144,0.0393811533052039,4.969813299576001,-3.194290349395587
floating up,206,0.0089686098654708,5.327876168789581,-4.705015520957813
floats up,106,0.0425531914893617,4.663439094112067,-3.1135153092103747
flung up,41,0.0257575757575757,3.713572066704308,-3.6329313801814056
fly up,999,0.0186279547790339,6.906754778648554,-3.9642882411207863
flying up,583,0.012140362547813,6.368187186350492,-4.3990049712083055
fold up,3190,0.0451727192205491,8.06777619577889,-3.051037118744618
folded up,1525,0.106694560669456,7.329749689041512,-2.1249583805042995
folding up,235,0.0883054892601432,5.459585514144159,-2.334502695962351
folds up,1454,0.0469083155650319,7.282073658093465,-3.011516141255255
follow up,32687,0.0210868779371008,10.394732724323175,-3.837791948776764
followed up,10852,0.0102115244347191,9.292104673778823,-4.5739743302196185
following up,7592,0.0061609938390061,8.934850340289763,-5.083337125872998
foot up,20,0.0010833397817844,2.995732273553991,-6.8266226918914645
form up,228,0.0020874845810797,5.429345628954441,-6.16970582116176
formed up,209,0.0055206548638873,5.342334251964811,-5.1937228409697935
found up,454,3.02962977924e-4,6.118097198041348,-8.101596936108937
free up,10148,0.0015043547110055,9.225031920719173,-6.497885748789463
freeze up,969,0.0259740259740259,6.876264611890766,-3.6243409329763683
freshen up,3533,0.5074626865671642,8.169902647359145,0.029852963149681343
freshened up,534,0.2459016393442623,6.280395838960195,-1.120591195386885
freshening up,561,0.275,6.329720905522696,-0.9694005571881034
froze up,231,0.0607287449392712,5.442417710521793,-2.7386871705641007
frozen up,192,0.0136789056875449,5.2574953720277815,-4.278127039655737
fucked up,1041,0.3519362186788154,6.947937068614969,-0.6105391572285858
galloping up,21,0.050595238095238,3.044522437723423,-2.9319777587286304
gang up,295,0.01001001001001,5.68697535633982,-4.5941092386286675
ganging up,186,0.7058823529411765,5.225746673713202,0.8754687373539001
gather up,2230,0.0661501787842669,7.709756864454165,-2.647388041043688
gathered up,1312,0.0667790893760539,7.179307969504034,-2.637251949092392
gathering up,596,0.0631578947368421,6.39024066706535,-2.696876900504085
gathers up,170,0.2102564102564102,5.135798437050262,-1.3233805357093216
gave up,25568,0.0315209125475285,10.149096848566002,-3.4250756739441988
gaze up,342,0.0070422535211267,5.834810737062605,-4.948759890378176
gazed up,152,0.0231254379817799,5.0238805208462765,-3.7434250298539915
gazing up,386,0.0525328330206379,5.955837369464831,-2.892353919100156
gear up,3975,0.016564952048823,8.287780027088433,-4.083762452891564
geared up,3963,0.2142857142857142,8.284756593190435,-1.2992829841302613
gearing up,10217,0.48,9.231808278591423,-0.0800427076735365
get up,56535,0.0263830851389942,10.942615194369345,-3.608294824669361
gets up,3418,0.0822683231290495,8.136810863675537,-2.411918918464312
getting up,11878,0.0241733039947934,9.382443228575806,-3.698036121533963
giddy up,23,0.1336405529953917,3.1354942159291497,-1.869146132843475
give up,74627,0.038624621930218,11.220257651005788,-3.214474997680984
given up,16018,0.0420042897998093,9.681468368883628,-3.127071548932144
gives up,3443,0.0143221264716591,8.144098463338524,-4.231523953816752
giving up,25521,0.0457307323313079,10.147256921643994,-3.0381753310637456
glance up,265,0.0059880239520958,5.579729825986222,-5.1119877883565445
glanced up,413,0.0966001079330814,6.023447592961033,-2.2355854452086668
glances up,47,0.0749574105621805,3.8501476017100584,-2.5129196860156755
glancing up,120,0.0753138075313807,4.787491742782046,-2.507790943621589
go up,36998,0.0153261643882085,10.518619136111335,-4.162748996386726
gobble up,987,0.0493562231759656,6.894670039433482,-2.9580755541159873
gobbled up,1231,0.5,7.115582126184454,0
goes up,12839,0.0260844539793836,9.460242692591084,-3.6199850875903716
going up,18833,0.013182517835359,9.843365929194746,-4.315593555135502
gone up,9082,0.0119111383171372,9.114049711657897,-4.418298679292094
got up,15005,0.0097891456080537,9.616138757874468,-4.616643723855625
gotten up,582,0.0207164436771687,6.366470447731438,-3.8558934738719532
grabbed up,103,0.0186528497409326,4.634728988229636,-3.962927335289916
grew up,95068,0.2465656422603031,11.462347704001257,-1.1170136425675008
grinding up,249,0.0331125827814569,5.517452896464707,-3.3741687092742376
ground up,1047,0.0014367816091954,6.953684210870537,-6.543911845564794
grow up,29787,0.2180228249592411,10.301827335701704,-1.277225793235768
growed up,56,0.3396226415094339,4.02535169073515,-0.6649763035932493
growing up,60517,0.1474440219687368,11.010679596283687,-1.7547902787111271
grown up,21288,0.1790346587284711,9.965898812657525,-1.5229014820219102
grows up,4037,0.1184210526315789,8.30325712085294,-2.007468042054747
hand up,75,3.847962717516e-4,4.31748811353631,-7.862411657690044
handed up,97,0.0056577086280056,4.574710978503383,-5.169062530690785
hands up,201,0.003071253071253,5.303304908059076,-5.782593655080514
hang up,5558,0.0717339032861341,8.62299361030245,-2.560354948805463
hanged up,48,0.0313075506445672,3.871201010907891,-3.4320878686814944
hanging up,2353,0.0601421541826134,7.763446388727362,-2.7490176395904338
hangs up,706,0.2721712538226299,6.559615237493242,-0.9836343039393352
happened up,108,4.538630730021e-4,4.68213122712422,-7.697261040630689
happening up,92,0.0018487705675725,4.5217885770490405,-6.291383937224276
harnessed up,53,0.0797101449275362,3.970291913552122,-2.4462918136602214
haul up,183,0.0591805766312594,5.209486152841421,-2.7661578319094926
hauled up,274,0.1426229508196721,5.6131281063880705,-1.7936733454103393
hauling up,66,0.0441176470588235,4.189654742026425,-3.075774981227528
head up,5513,0.0025749943613262,8.614864218589684,-5.959329619283499
headed up,4945,0.0143939393939393,8.506132244056813,-4.226449499346072
heading up,4164,0.018348623853211,8.33423142973486,-3.9796816539019613
heads up,3101,0.0115971515768056,8.03947991910045,-4.445330841727576
heal up,458,0.0177619893428063,6.126869184114185,-4.012772908528294
healed up,292,0.0404984423676012,5.676753802268282,-3.165150425512039
heaped up,92,0.1936936936936936,4.5217885770490405,-1.4261856901471932
heat up,10759,0.0215827338129496,9.283497892593909,-3.814042597067944
heated up,2621,0.0539215686274509,7.8713112033234065,-2.8647949161065167
heating up,4837,0.0275526742301458,8.484049972822984,-3.563716311159933
heats up,4177,0.2886597938144329,8.337348564497175,-0.901901994422056
heaved up,35,0.0414937759336099,3.5553480614894135,-3.1398326175277496
held up,12195,0.0506134969325153,9.40878131065002,-2.931597711218117
hide up,45,0.0017947950942267,3.8066624897703196,-6.3210680095233425
hiding up,34,0.0029819329942115,3.5263605246161616,-5.8121971451607894
hit up,4777,0.0010588733587462,8.471568013389962,-6.84949037085025
hitch up,171,0.0991735537190082,5.14166355650266,-2.2064412324411444
hitched up,145,0.1914893617021276,4.976733742420574,-1.4403615823901668
hoisted up,186,0.0971867007672634,5.225746673713202,-2.2288818972069113
hold up,21967,0.0227014755959137,9.997296606214185,-3.7623622308737414
holding up,6932,0.0911424903722721,8.843903650835497,-2.299764216652405
holds up,11605,0.1622025291247635,9.359191318708538,-1.6419306555484212
holed up,1565,0.6440677966101694,7.3556411029742534,0.5930637220029625
hook up,9037,0.0501193317422434,9.109082539901955,-2.9419295675610155
hooked up,8723,0.3156089193825043,9.07371849443322,-0.7740256592808779
hooking up,2292,0.32,7.73718007783463,-0.7537718023763801
hooks up,518,0.0270793036750483,6.249975242259483,-3.5815328404844826
hoover up,91,0.0237691001697792,4.51085950651685,-3.715312711182096
hoovered up,71,0.3448275862068966,4.2626798770413155,-0.6418538861723946
hop up,328,0.0127877237851662,5.793013608384144,-4.346399457030734
hopped up,748,0.0824088748019017,6.617402977974478,-2.4100587589915685
hopping up,146,0.0267489711934156,4.983606621708336,-3.5941460310303976
house up,480,1.929184103522e-4,6.173786103901937,-8.553050265708563
huddle up,215,0.2293577981651376,5.3706380281276624,-1.211940973975113
huddled up,165,0.1189591078066914,5.10594547390058,-2.002324238335405
hunched up,57,0.2564102564102564,4.04305126783455,-1.0647107369924285
hung up,7008,0.1167647058823529,8.854807632616227,-2.0234307872961406
hunt up,68,0.0359012715033657,4.219507705176107,-3.2904209920312977
hunted up,28,0.0709413369713506,3.332204510175204,-2.572318587568085
hunting up,37,0.0065562456866804,3.6109179126442243,-5.020759311445746
hurried up,126,0.0402903811252268,4.836281906951478,-3.1705179996592445
hurry up,5516,0.3217653715579027,8.615408238913192,-0.7456706675398864
hurrying up,70,0.0670103092783505,4.248495242049359,-2.6335476738042893
hush up,72,0.0389492753623188,4.276666119016055,-3.205767022920422
hushed up,118,0.0710382513661202,4.770684624465665,-2.5708490795887253
hustle up,31,0.0386100386100386,3.4339872044851463,-3.214867803470662
jack up,792,5.184766214177e-4,6.674561391814426,-7.564097009110509
jammed up,179,0.0427631578947368,5.187385805840755,-3.1083739097099565
jerked up,49,0.0342679127725856,3.8918202981106265,-3.3386770246808237
join up,2982,0.0145818692902319,8.000349495324684,-4.21328712171174
joined up,2181,0.0132078586759121,7.687538766201629,-4.313647414150378
joining up,995,0.0143218197135636,6.902742737158593,-4.231545683735586
jumbled up,379,0.2413793103448276,5.937536205082426,-1.1451323043030024
jump up,3518,0.050289687137891,8.165647925297504,-2.938356975258387
jumped up,2401,0.1414261865013117,7.783640596221253,-1.8034947254464762
jumping up,2334,0.1307453416149068,7.755338812846501,-1.8943846558330724
jumps up,791,0.111631537861046,6.673297967767654,-2.0741829844263697
keep up,94424,0.0246520969824494,11.455550557108905,-3.677932263806837
keeping up,19590,0.0400852878464818,9.882774510938587,-3.1758350586367303
keeps up,2430,0.0153317472905101,7.795646536334594,-4.1623791202672455
kept up,9168,0.0342501297353399,9.12347443895452,-3.3392145146158256
keyed up,134,0.3703703703703703,4.897839799950911,-0.5306282510621707
kick up,1724,0.0134737873591376,7.452402451223638,-4.293443775618989
kicked up,1301,0.0274390243902439,7.170888478512505,-3.5679665254486252
kicking up,747,0.029532967032967,6.616065185132817,-3.492270266990966
knock up,226,0.0023259677687323,5.420534999272286,-6.061290404898846
knocked up,602,0.01485581124381,6.400257445308821,-4.194396896734205
knotted up,152,0.072463768115942,5.0238805208462765,-2.549445170925572
know up,495,7.61124307456164e-5,6.20455776256869,-9.483222843597558
laid up,1127,0.0261449377083698,7.027314514039777,-3.6176069007950247
landed up,275,0.0048041389504804,5.616771097666572,-5.333461735350065
lapped up,335,0.1746031746031746,5.814130531825066,-1.5533484457830569
lapping up,342,0.1234567901234567,5.834810737062605,-1.9600947840472707
last up,5069,2.594437525944e-4,8.53089883847235,-8.256711154446805
laughing up,25,0.0012021940040574,3.2188758248682006,-6.722404137627822
lay up,747,0.0040464916056823,6.616065185132817,-5.50585034268849
laying up,248,0.0128369704749679,5.5134287461649825,-4.3425058765115985
lead up,1998,0.0034041394335511,7.599901959208498,-5.679353160733055
leading up,27526,0.0375657400450788,10.222886291539478,-3.2433732964685906
leads up,1554,0.0125348189415041,7.348587530927593,-4.3666309491959145
leaning up,181,0.0080058224163027,5.198497031265826,-4.81954815889817
leans up,21,0.0044444444444444,3.044522437723423,-5.41164605185505
leap up,255,0.0161662817551963,5.541263545158426,-4.108529197214057
leaped up,126,0.0719063545150501,4.836281906951478,-2.557767998052873
leaping up,157,0.0617760617760617,5.056245805348308,-2.7204727211007684
leapt up,188,0.0604026845637583,5.236441962829949,-2.7444178452730865
led up,1744,0.0133592144325188,7.463936604468925,-4.302099661043647
left up,1791,6.454234695097e-4,7.490529402060711,-7.344958282877426
legs up,32,0.0019193857965451,3.4657359027997265,-6.253828811575476
let up,2270,0.0013735477594002,7.727535110475448,-6.588983789050297
lick up,57,0.007230657989877,4.04305126783455,-4.922168312773937
licked up,37,0.0387096774193548,3.6109179126442243,-3.212186836717405
lid up,23,0.0019368584156498,3.1354942159291497,-6.244749255334187
lie up,22,0.0023646546359676,3.091042453358316,-6.044755844158224
lift up,6056,0.0773852439317471,8.708804795117285,-2.4784156494563905
lifted up,2934,0.0993589743589743,7.984121958702927,-2.2043674648486
lifting up,1394,0.0858369098712446,7.2399325913204695,-2.3655598921554346
lifts up,820,0.1594317284925019,6.709304340258298,-1.6624623807423213
light up,14677,0.0073492356794893,9.594036921611199,-4.905782585990289
lighted up,243,0.1416184971098266,5.493061443340548,-1.8019118406920729
lighten up,2480,0.4245810055865922,7.8160138391590275,-0.3039956479433047
lighting up,3339,0.1077127659574468,8.113426639943654,-2.114319982299243
lights up,3805,0.0115505090054815,8.244071270295786,-4.449408038953205
like up,93,4.17142637111576e-5,4.532599493153256,-10.084625717089919
line up,13777,0.011455924272575699,9.5307558140446,-4.457726230200253
lined up,20522,0.3432494279176201,9.929252760422154,-0.64884692166336555
lines up,2178,0.0044157608695652,7.686162303492906,-5.41814958324936
lining up,6849,0.2209026128266033,8.831857935197906,-1.2604141152308879
link up,6510,0.0208333333333333,8.781094735202615,-3.85014760171006
linked up,2797,0.0215827338129496,7.936302693201959,-3.814042597067944
listen up,1791,0.0155891303187229,7.490529402060711,-4.145469463436887
lit up,9441,0.1575,9.152817185732516,-1.676948203960829
live up,17504,0.009730481118233,9.770184705221707,-4.622713805507645
lived up,5177,0.0052815591757792,8.551981016901902,-5.238238370498677
lives up,5567,0.0058395396073121,8.624611588183507,-5.13724666322663
living up,3992,0.002803738317757,8.292047637431354,-5.873993962633647
load up,6147,0.0288423548004741,8.72371943690701,-3.5166438489775897
loaded up,3716,0.0291411042944785,8.22040309993373,-3.506031442977737
loading up,2054,0.0711206896551724,7.627544390488503,-2.5696005286372676
lock up,3504,0.040591567023285,8.161660452056282,-3.162756542626585
locked up,7249,0.1718337730870712,8.888618807300878,-1.5726863174042183
locking up,1305,0.0802469135802469,7.173958319756794,-2.4389969484839225
look up,34160,0.0059408637232817,10.438810647902507,-5.1199421673593335
looked up,13408,0.0674134280445324,9.503606822721864,-2.6271177585447454
looking up,12211,0.0247598607584997,9.410092463833022,-3.6734599131761945
looks up,2453,0.0328145475433967,7.8050670442584895,-3.3835183185755353
loomed up,52,0.2965116279069767,3.9512437185814275,-0.8639649128724155
looming up,68,0.2673267326732673,4.219507705176107,-1.0082282271998408
loosen up,3328,0.2079646017699115,8.1101268019411,-1.3372382041306965
loosened up,522,0.0476190476190476,6.257667587882639,-2.9957322735539913
lying up,20,0.0015464642204414,2.995732273553991,-6.470236440704692
m up,325,9.72218130395e-4,5.783825182329737,-6.9349576736532805
made up,104657,0.0405629841554631,11.55844361526924,-3.163490740179862
make up,102937,0.0226155268868399,11.541872429591866,-3.7662433980294563
makes up,17251,0.0081689272503082,9.755625391793744,-4.799215206478113
making up,12075,0.0122378216677431,9.398892478520773,-4.3909106656581995
man up,442,4.450838931384e-4,6.091309882077698,-7.716802586687541
march up,128,0.0014684287812041,4.852030263919617,-6.52209279817016
marched up,221,0.0407673860911271,5.3981627015177525,-3.158251203051766
marching up,115,0.0315560391730141,4.74493212836325,-3.423925632739713
mash up,298,0.0353535353535353,5.697093486505405,-3.306363278991318
mashed up,483,0.0384615384615384,6.180016653652572,-3.2188758248682023
match up,8325,0.0134197828709288,9.027018314848645,-4.297514685137601
matched up,2168,0.0338983050847457,7.681560362559537,-3.349904087274607
matches up,1276,0.0032970656116056,7.151485463904735,-5.711419901785434
mean up,145,2.123721974454e-4,4.976733742420574,-8.456957779562373
measure up,3534,0.0156106519742883,8.170185652879642,-4.144067997574534
measured up,493,0.0136698212407991,6.20050917404269,-4.278800591544692
meet up,17884,0.013442150744119,9.791661737353872,-4.295826616755136
meeting up,3440,0.0041289291422482,8.143226750367445,-5.485599716514786
meets up,1044,0.0159235668789808,6.950814768442584,-4.123903364463651
mess up,5482,0.0331899200983405,8.60922527686273,-3.3717558564940036
messed up,8907,0.6639004149377593,9.09459276343187,0.680724660561388
messes up,791,0.1283783783783783,6.673297967767654,-1.9153734251952326
messing up,2182,0.1147776183644189,7.687997166393016,-2.042842389231507
met up,8412,0.0038478355924792,9.03741453682259,-5.5563892149816585
mix up,5399,0.0341951626355296,8.593969030218288,-3.340877591428633
mixed up,5352,0.2634271099744245,8.585225601808064,-1.0282314919063105
mixes up,393,0.074074074074074,5.973809611869261,-2.5257286443082565
mixing up,2134,0.0713286713286713,7.665753431861699,-2.5664565167521087
mop up,944,0.0732142857142857,6.8501261661455,-2.538331816461581
mopping up,541,0.1492537313432835,6.293419278846481,-1.740466174840505
mount up,812,0.0121491411813992,6.699500340161678,-4.3982732511108455
mounted up,286,0.0081351689612015,5.655991810819852,-4.8033903288498445
move up,12210,0.0090027131464276,9.41001056710475,-4.701185803919488
moved up,7976,0.0145502645502645,8.984192311641674,-4.215488945581193
moves up,1898,0.0062846027233278,7.5485559791698735,-5.063348215257353
moving up,6465,0.0105155691679428,8.774158291205957,-4.544327093706784
muddled up,135,0.5476190476190477,4.90527477843843,0.1910552367627094
mushed up,54,0.238095238095238,3.9889840465642745,-1.1631508098056813
mussed up,41,0.3333333333333333,3.713572066704308,-0.6931471805599454
muster up,946,0.0786026200873362,6.852242569051878,-2.4614863755799026
nailed up,53,0.032069970845481,3.970291913552122,-3.4072396961181197
nip up,24,0.0451807228915662,3.1780538303479458,-3.050851572775072
offer up,6923,0.0080880700966075,8.842604480678025,-4.809244174581951
offered up,3430,0.0130548302872062,8.140315540159985,-4.325456283185493
open up,52433,0.0328885867255885,10.867291443078967,-3.38118801465054
opened up,29361,0.0384615384615384,10.28742254209393,-3.2188758248682023
opening up,17419,0.0193458316713203,9.765316843477462,-3.925742888908557
opens up,21846,0.0470668485675307,9.991773117403488,-3.0079758546597026
ordered up,349,0.0035273368606701,5.855071922202427,-5.643678550586523
own up,1162,0.0022845030617051,7.057897937411856,-6.079319640233994
owned up,320,0.0096505823627287,5.768320995793772,-4.631039565966518
owning up,395,0.0558659217877094,5.978885764901122,-2.82731362192903
pace up,142,0.0064935064935064,4.955827057601261,-5.0304379213924495
paced up,63,0.1549815498154981,4.143134726391533,-1.6960523852708718
pacing up,110,0.2222222222222222,4.700480365792417,-1.252762968495368
pack up,6114,0.089475378178307,8.71833650245078,-2.3200574576109307
packed up,5599,0.0909645909645909,8.630343289348893,-2.3019137267385505
packing up,3357,0.0954653937947494,8.118802996980035,-2.24865675096849
paid up,2444,0.0084671532846715,7.8013913202914855,-4.7630577174447675
pair up,1911,0.0036272953978689,7.555381944240273,-5.6156340878795135
paired up,2637,0.0675675675675675,7.877397186353287,-2.62466859216316
park up,482,0.0016713581984517,6.1779441140506,-6.392445934134756
parked up,819,0.0350877192982456,6.70808408385307,-3.314186004672526
partner up,950,0.0038910505836575,6.856461984594587,-5.545177444479585
pass up,6816,0.0061769991015274,8.827028068509152,-5.080726552034879
passed up,1142,0.0047281323877068,7.040536390215956,-5.349485653122448
passing up,670,0.0056069526212503,6.507277712385012,-5.17812518121964
patch up,1605,0.0164581961816984,7.380879035564116,-4.090336540824567
patched up,607,0.206060606060606,6.408528791059498,-1.3488367985849905
pay up,4355,0.009791290904406,8.379079889286603,-4.616422430838466
peered up,68,0.0214669051878354,4.219507705176107,-3.8195421526339817
peering up,70,0.0209205020920502,4.248495242049359,-3.845883202923601
penned up,80,0.2073170731707317,4.382026634673881,-1.341173925839421
pent up,717,0.1927710843373494,6.57507584059962,-1.4321038971511848
perched up,211,0.0584415584415584,5.351858133476067,-2.779509165084356
perked up,825,0.7619047619047619,6.715383386334681,1.1631508098056806
phone up,131,0.0041319515003725,4.875197323201151,-5.484864953760734
phoned up,145,0.1426448736998514,4.976733742420574,-1.7934940750402635
phoning up,50,0.0625,3.912023005428146,-2.70805020110221
pick up,178378,0.2856861974046402,12.091660173138058,-0.916428368650919
picked up,109067,0.4495851946394384,11.599717651272668,-0.20234681756677983
picking up,42873,0.5459815546772069,10.665997536149904,0.18444736685144417
picks up,14276,0.8045707825244287,9.566335084610051,1.4151106908941244
pile up,4083,0.0173453996983408,8.314587291319576,-4.0369303611957
piled up,4218,0.2230113636363636,8.34711636103872,-1.2482029970736734
piling up,3904,0.3333333333333333,8.269756947532983,-0.6931471805599454
pin up,388,0.0065524193548387,5.961005339623274,-5.021346949691185
pinned up,271,0.054054054054054,5.602118820879701,-2.8622008809294694
piped up,330,0.2371794871794871,5.799092654460526,-1.1682055804673055
pitched up,323,0.004359197907585,5.777652323222656,-5.431098477781856
play up,2530,9.166050236387e-4,7.835974581721566,-6.993916879809644
played up,920,6.632870611645e-4,6.824373670043086,-7.317639181252076
playing up,1446,0.001999451131062,7.27655640271871,-6.212881117853273
ploughed up,51,0.1196581196581196,3.9318256327243257,-1.995671658614378
pluck up,233,0.0553435114503816,5.4510384535657,-2.837261932582218
plucked up,323,0.1333333333333333,5.777652323222656,-1.8718021769015918
plucking up,59,0.1517857142857142,4.07753744390572,-1.7206635475443255
plugged up,221,0.0566801619433198,5.3981627015177525,-2.8119811239504426
point up,315,5.669469904563e-4,5.752572638825633,-7.47467764210016
pointed up,255,0.0067028407277369,5.541263545158426,-4.998498447574873
pointing up,494,0.0070646414694454,6.202535517187923,-4.945563297352544
points up,357,0.0021511831507329,5.877735781779639,-6.139583785268252
poked up,32,0.0344827586206896,3.4657359027997265,-3.3322045101752056
polished up,289,0.0201612903225806,5.666426688112432,-3.8836235309064504
pop up,20287,0.0303543512245961,9.91773556580133,-3.4639908187942114
popped up,9448,0.1227154046997389,9.153558357877198,-1.9669635582531457
popping up,12352,0.0796252927400468,9.421573272264558,-2.4474490872531005
pops up,8112,0.2074074074074074,9.001099725830965,-1.3406243242867024
posted up,883,0.0184275184275184,6.78332520060396,-3.9753107446640663
power up,2301,7.312079555425e-4,7.741099090035366,-7.220081182346755
powered up,1436,0.0297482837528604,7.269616749608169,-3.4847840977704214
powering up,755,0.425287356321839,6.626717749249025,-0.30110509278392195
pressed up,398,0.0092879256965944,5.986452005284438,-4.6697087071256655
prick up,103,0.0379146919431279,4.634728988229636,-3.233764437361953
pricked up,134,0.3076923076923077,4.897839799950911,-0.8109302162163287
printed up,471,0.0071521456436931,6.154858094016418,-4.933165032420263
proceeded up,85,0.0081199250468457,4.442651256490317,-4.805281284345547
prop up,2275,0.0697674418604651,7.729735331385051,-2.5902671654458267
propped up,2163,0.436046511627907,7.679251425953058,-0.25722286496707236
puckered up,34,0.2352941176470588,3.5263605246161616,-1.1786549963416462
puffed up,958,0.1715210355987055,6.86484777797086,-1.5748855309274408
pull up,12154,0.0380501347268718,9.4054136126953,-3.2300577091204756
pulled up,7478,0.0707582582582582,8.91972065553706,-2.5750996679134133
pulling up,2826,0.0300601202404809,7.946617563244473,-3.474034705614424
pulls up,1303,0.0147664003873154,7.172424577124845,-4.200524414263331
pump up,2082,0.0191021967526265,7.641084249174914,-3.93866493637457
pumped up,2184,0.109090909090909,7.688913336864796,-2.1000608288825724
push up,2581,0.0067796610169491,7.855932199718614,-4.98702542845713
pushed up,1823,0.0192419825072886,7.508238774678663,-3.931231279066415
pushing up,1479,0.011333585190782,7.2991214627108,-4.468586520867992
put up,49797,0.0132418934803644,10.815710020234329,-4.311039377486823
puts up,1717,0.0027790058738078,7.448333860897476,-5.882879140103652
putting up,11209,0.02210433244916,9.324472306021095,-3.7896293572140807
queue up,955,0.0519031141868512,6.86171134048073,-2.9050779052858604
queuing up,851,0.52,6.7464121285733745,0.08004270767353656
raced up,268,0.0360902255639097,5.5909869805108565,-3.284975626572727
racing up,248,0.0084656084656084,5.5134287461649825,-4.763241740558594
raise up,2378,0.0078740157480314,7.774015077250727,-4.83628190695149
raised up,2209,0.0134028294862248,7.700295203420117,-4.298795980524163
raising up,768,0.0070871722182849,6.643789733147672,-4.942356453342962
rake up,292,0.0323383084577114,5.676753802268282,-3.398629986156911
ran up,2330,0.0466343110360835,7.753623546559746,-3.0176619955101973
rang up,459,0.0460910151691948,6.129050210060545,-3.029950230864334
ranged up,61,0.0446735395189003,4.110873864173311,-3.0626717562291015
reach up,3153,0.016263145023233,8.056109659545061,-4.102456931204734
reached up,736,0.0071250115665772,6.601230118728877,-4.936993413771063
reaches up,593,0.01875,6.385194398997726,-3.9576335166801986
reaching up,1275,0.0269828291087489,7.150701457592526,-3.585201024639098
read up,6440,0.0014329932362719,8.770283819098399,-6.546555829171976
reading up,1991,0.0032088307020921,7.596392304064196,-5.73863468542343
reared up,166,0.0730897009966777,5.111987788356544,-2.54016932846305
reckon up,21,0.0060728744939271,3.044522437723423,-5.097831839126415
rest up,1071,0.0024867553248999,6.976348070447749,-5.994286648188652
ridden up,50,0.0326086956521739,3.912023005428146,-3.3900240810640305
ride up,1528,0.0070766470646865,7.331714969726466,-4.943853256591918
riding up,779,0.0138689622190339,6.658011045870748,-4.264135834590435
rig up,336,0.0887445887445887,5.817111159963204,-2.329060766978074
rigged up,509,0.1437308868501529,6.2324480165505225,-1.784642001459191
rigging up,126,0.0253456221198156,4.836281906951478,-3.64947690624791
riled up,734,0.4150943396226415,6.598509028614515,-0.34294475112683065
ring up,656,0.0115350488021295,6.486160788944089,-4.450763063025697
ringing up,309,0.0175653594771241,5.733341276897746,-4.024105066846304
rings up,62,0.0029133284777858,4.127134385045092,-5.835541464168583
rip up,754,0.0174418604651162,6.625392368007956,-4.031286426254969
ripped up,756,0.0306930693069306,6.628041376179533,-3.452544438045367
ripping up,594,0.0325732899022801,6.386879319362645,-3.391147045808655
rise up,7098,0.0582107843137254,8.867568333206442,-2.7837108519380567
risen up,484,0.0158273381294964,6.182084906716632,-4.13006264482418
rises up,1431,0.051829268292682897,7.266128779556451,-2.9065795681230187
rising up,2698,0.0099771607164322,7.900266036767701,-4.597429460351089
roaring up,59,0.0132450331125827,4.07753744390572,-4.31079912538552
rode up,521,0.0477562783038287,6.255750041753367,-2.9927104711250756
roll up,8491,0.0273248792270531,9.046762057999363,-3.572252517872818
rolled up,5906,0.1111111111111111,8.683724062303869,-2.0794415416798357
rolling up,1586,0.0211574362165525,7.368970402194793,-3.8343793784421205
rolls up,915,0.0121065375302663,6.818924065275521,-4.401829261970065
rose up,2275,0.0341453258380179,7.729735331385051,-3.3423876769275456
round up,4222,0.0026941799589749,8.348064228408266,-5.913963587514872
rounded up,7678,0.1073253833049403,8.946114375560743,-2.1183569579295103
rounding up,1830,0.2823529411764706,7.512071245835466,-0.9328200338253656
rowed up,27,0.0342205323193916,3.295836866004329,-3.3401096896823184
rub up,180,0.0093567251461988,5.19295685089021,-4.662259152972222
rubbed up,51,0.0200892857142857,3.9318256327243257,-3.887274835738953
run up,5575,0.0161296652407676,8.62604759632832,-4.110833976656107
rung up,188,0.1210653753026634,5.236441962829949,-1.9823798288367052
running up,4113,0.0261373269285108,8.321907968230423,-3.61790585780733
runs up,1326,0.0152539100212396,7.189922170745808,-4.167547966245397
rush up,243,0.0086283844094019,5.493061443340548,-4.744032173300266
rushed up,243,0.0518174787316318,5.493061443340548,-2.906819497105192
rushing up,194,0.0457227138643067,5.267858159063328,-3.0383590900157564
rustle up,489,0.044280442804428,6.192362489474872,-3.0719214119115383
s up,1089,1.371416032767e-4,6.9930151229329605,-8.894359414365518
saddle up,692,0.0234670704012112,6.539585955617669,-3.7284102928705716
said up,254,4.883027086151247e-5,5.537334267018537,-9.927111301412223
sail up,160,0.0047690014903129,5.075173815233827,-5.340837917703888
sailed up,202,0.0319084888621312,5.308267697401205,-3.4124545361867913
sailing up,130,0.0155261644623346,4.867534450455582,-4.149580690697364
sat up,1664,0.0527459667307531,7.416979621381154,-2.888079998409195
sauntered up,46,0.1090047393364928,3.828641396489095,-2.1009477469008004
save up,22410,0.0085102314017976,10.017262566794972,-4.757939494826147
saved up,1998,0.0176192522561237,7.599901959208498,-4.020986777650452
saving up,2810,0.0286320254506892,7.940939762327791,-3.5241794986698043
say up,368,3.22730131409e-4,5.908082938168931,-8.038371308225386
says up,122,3.508393155934e-4,4.804021044733257,-7.954831328774483
scare up,200,0.0053676865271068,5.298317366548036,-5.221976133291317
scoop up,1784,0.0455696202531645,7.486613313139955,-3.0418734295518473
scooped up,1729,0.2170542635658914,7.455298485683291,-1.282916006666056
scooping up,822,0.3015873015873015,6.71174039505618,-0.8397506547518211
scoops up,138,0.1466666666666666,4.927253685157205,-1.7609878105613017
scoot up,28,0.06,3.332204510175204,-2.751535313041949
scramble up,341,0.0946745562130177,5.831882477283517,-2.257849199152655
scrambled up,234,0.1241050119331742,5.455321115357702,-1.9541181294731431
scrambling up,239,0.13671875,5.476463551931511,-1.8428146400283392
scrape up,536,0.0295031055900621,6.284134161070802,-3.4933126705699613
scraped up,178,0.036231884057971,5.181783550292085,-3.2809112157876537
scratched up,374,0.0272851296043656,5.924255797414532,-3.5737491468603055
screw up,2639,0.0583941605839416,7.878155336503324,-2.780370862681836
screwed up,3718,0.3910690121786198,8.220941168281389,-0.44282089465193325
screwing up,878,0.1419141914191419,6.777646593635117,-1.7994815153219654
scrunched up,355,0.5833333333333334,5.872117789475416,0.336472236621213
sealed up,544,0.0452674897119341,6.298949246855942,-3.0488420988679406
see up,1844,4.288662741348e-4,7.519692404116539,-7.75393644466949
sell up,584,0.0020374143359881,6.369900982828227,-6.194034264731907
send up,1231,0.0073669849931787,7.115582126184454,-4.903352493073741
sending up,436,0.0241587575496117,6.077642243349034,-3.698652965940918
sent up,933,0.0135428644435926,6.838405200847344,-4.288260074196756
serve up,5473,0.0052739525344271,8.607582191143917,-5.239687282096649
served up,4407,0.0076150356448477,8.390949464841986,-4.869986433702869
set up,390086,0.11601313356229,12.874122506616963,-2.0307388004943694
sets up,8679,0.0453074433656957,9.068661593644245,-3.0479180267245636
setting up,90006,0.1711041503523884,11.407631613756946,-1.577822076039275
settle up,230,0.0139828597203428,5.438079308923196,-4.255841464251338
settled up,175,0.0027662517289073,5.1647859739235145,-5.887491956725015
sew up,726,0.0299850074962518,6.587550014824796,-3.4766140209469123
sewed up,285,0.0845588235294117,5.652489180268651,-2.3819586805355586
sewn up,539,0.2129032258064516,6.289715570908998,-1.3075134832667765
shake up,3232,0.0028800658300761,8.080856419640986,-5.847057906230123
shaken up,1231,0.1038525963149078,7.115582126184454,-2.1551323618509155
shaking up,1226,0.009590235396687,7.111512116496157,-4.637373326482727
shape up,1288,0.0039558041194925,7.160845906664299,-5.5286077322291245
shaping up,5359,0.0814814814814814,8.58653266949485,-2.4223862928066673
shine up,220,0.0091074681238615,5.393627546352362,-4.68951133442185
shook up,861,0.0115529285330467,6.7580945044277305,-4.4491961394112165
shoot up,1738,0.0090497737556561,7.460490305825338,-4.6959245492565564
shooting up,935,0.0138376383763837,6.840546529288687,-4.26642870992284
shore up,3018,0.0019004837595024,8.012349639327795,-6.263744522982905
shot up,3507,0.013075456278943,8.162516250140179,-4.323856679987191
show up,87648,0.0233326230556147,11.381084072062805,-3.7342936281452768
showed up,27066,0.0678238039673278,10.206033606636451,-2.620608624062927
showing up,18857,0.0388684452621895,9.844639476726922,-3.2079285475248422
shown up,2844,0.0246647509578544,7.952966790923131,-3.677406119418777
shows up,19719,0.0337518563520993,9.889337916931686,-3.354385259876353
shrivelled up,52,0.2127659574468085,3.9512437185814275,-1.3083328196501787
shut up,6395,0.3755826314498323,8.763271714012943,-0.5083405005198453
shuts up,143,0.0357142857142857,4.962844630259907,-3.2958368660043296
shutting up,219,0.0673076923076923,5.389071729816501,-2.62880082944807
sidled up,135,0.3636363636363636,4.90527477843843,-0.5596157879354229
sign up,171197,0.0148006029875291,12.050570219171757,-4.198176131859653
signed up,37074,0.0389573188198224,10.520671194289035,-3.20555216366973
signing up,28187,0.0382059800664451,10.246616157728505,-3.2258082616438477
sit up,5341,0.0558446578845639,8.58316818033977,-2.8277168401196313
sits up,557,0.0525830258302583,6.322565239927284,-2.891345942094008
sitting up,2448,0.0347070050187318,7.803026643632217,-3.3254901366797585
size up,1433,0.00299152401529,7.267525427828172,-5.8089763097569325
sized up,484,0.0208105147864184,6.182084906716632,-3.851266796007074
sizing up,798,0.3928571428571428,6.682108597449809,-0.43531807125784583
sleep up,2062,0.0026609401988702,7.631431664576906,-5.926411273625136
sleeping up,749,0.0024081878386514,6.618738983517219,-6.026469656306678
sleeps up,1617,0.0121654501216545,7.388327859577107,-4.396915247167632
sliced up,496,0.0822510822510822,6.206575926724928,-2.4121472955055725
slid up,122,0.0182584269662921,4.804021044733257,-3.9847013847722756
slide up,520,0.0047619047619047,6.253828811575473,-5.342334251964824
slip up,1084,0.016246259085079,6.988413181999592,-4.103512930308986
slipped up,405,0.0181257231006556,6.003887067106539,-3.992131177407294
slow up,267,0.0036231884057971,5.58724865840025,-5.616771097666572
slowed up,121,0.0959752321981424,4.795790545596741,-2.2427665977831355
smarten up,339,0.7619047619047619,5.82600010738045,1.1631508098056806
smash up,212,0.011943539630836,5.356586274672012,-4.415549326712529
smashed up,301,0.059973924380704,5.707110264748875,-2.7519977407958547
smiled up,58,0.0096025606828487,4.060443010546419,-4.636076515720976
smiling up,74,0.0049132947976878,4.30406509320417,-5.31088511928232
snap up,1689,0.0049627791563275,7.4318919168078,-5.300814246746633
snapped up,2957,0.017458777885548,7.9919305198524775,-4.03029974635252
snatched up,822,0.1468531468531468,6.71174039505618,-1.759498607009834
snatching up,226,0.1891891891891892,5.420534999272286,-1.455287232606842
sneak up,1780,0.1310259579728059,7.484368643286131,-1.8919177976985981
sneaked up,143,0.1256281407035175,4.962844630259907,-1.9401794743463292
sneaking up,676,0.0852713178294573,6.516193076042964,-2.372789351667295
snuck up,585,0.1419354838709677,6.371611847231857,-1.7993066748634383
snuggle up,1812,0.2074074074074074,7.502186486602924,-1.3406243242867024
snuggled up,1053,0.1102941176470588,6.959398512133975,-2.0877403444945313
soak up,12896,0.090497737556561,9.464672464746409,-2.3075726345050858
sober up,272,0.0230040595399188,5.605802066295998,-3.7488117948366106
sobered up,145,0.1477272727272727,4.976733742420574,-1.7525387560747738
sold up,221,0.0020932445290199,5.3981627015177525,-6.166944572085258
speak up,9048,0.0205844249316251,9.110299017795956,-3.862421323255848
speaking up,2432,0.0014003640946646,7.796469243086058,-6.569621663034267
sped up,2144,0.0425219941348973,7.670428522190693,-3.1142812992899582
speed up,29042,0.0242314647377938,10.276498337090683,-3.695573417376737
speeded up,604,0.6,6.403574197934815,0.4054651081081642
speeding up,5072,0.0733137829912023,8.531490496117062,-2.536866388718712
speeds up,6901,0.08,8.839421607620602,-2.4423470353692043
spit up,383,0.0404515522107243,5.948034989180646,-3.166357790584756
spitting up,233,0.0314960629921259,5.4510384535657,-3.4258899942525294
splashed up,36,0.0286532951289398,3.58351893845611,-3.523415014386406
split up,6916,0.1441031475161168,8.84159284680318,-1.7816205240971041
splits up,226,0.0518867924528301,5.420534999272286,-2.905409635260707
splitting up,1184,0.0679611650485436,7.076653815443951,-2.618438042412524
spoke up,1387,0.0308803386875856,7.234898420314831,-3.4462684007944064
spoon up,33,0.0026028957214901,3.4965075614664802,-5.948524425522929
sprang up,1274,0.2103156958648288,7.149916836132109,-1.3230235350601824
spring up,1624,0.0139031925849639,7.392647520721623,-4.2616360356104215
springing up,1678,0.2593283582089552,7.425357887027151,-1.0494623475564988
springs up,168,0.0091324200913242,5.123963979403259,-4.686750172980514
sprung up,2736,0.289044289044289,7.914252278742441,-0.9000302110023749
stack up,4652,0.036743515850144,8.445052513638554,-3.26635794437762
stacked up,1829,0.1244979919678714,7.511524648390866,-1.9505078583039437
stacking up,789,0.049618320610687,6.670766320845874,-2.9525035390031715
staggered up,31,0.026378896882494,3.4339872044851463,-3.6084578868033623
stand up,46473,0.2247774075490249,10.746626777774473,-1.238039591438191
standing up,11009,0.1005320638476617,9.306468399070404,-2.191326686578374
stands up,4641,0.2651972157772622,8.442685139241176,-1.019128382743829
stared up,248,0.0182504719949653,5.5134287461649825,-3.9851452702571137
staring up,594,0.0255041518386714,6.386879319362645,-3.6430790023437063
start up,13703,0.0074800897610771,9.5253700659462,-4.888002280995879
started up,3957,0.0169049098819142,8.283241441385425,-4.063101744783367
starting up,6115,0.024390243902439,8.718500048121273,-3.688879454113937
starts up,2279,0.006514657980456,7.731492029245684,-5.02716459604747
stay up,22198,0.0235013242809713,10.007757473711925,-3.726916622221171
stayed up,2972,0.033932641174981,7.99699040583765,-3.3488561437676463
staying up,4130,0.0273575796588348,8.326032685955079,-3.5710228863423716
stays up,1213,0.0307591623036649,7.10085190894405,-3.450325212557741
steal up,31,0.0064460678985818,3.4339872044851463,-5.037818028690069
steamed up,140,0.0960698689956331,4.941642422609304,-2.241676339907054
step up,21317,0.0225923057061709,9.967260155433195,-3.767294464179794
stepped up,12128,0.0563230605738576,9.403272107882152,-2.818679829440048
stepping up,6132,0.0452961672473867,8.721276239991704,-3.048178748926535
stick up,836,0.0093592512598992,6.728628613084702,-4.661986661031753
sticking up,1037,0.0897217490062464,6.9440872082295275,-2.317037119582587
sticks up,223,0.00836820083682,5.407171771460119,-4.774912960575196
stir up,3501,0.0732926152137701,8.160803920954665,-2.5371780010754645
stirred up,2199,0.1611675126903553,7.695757990554761,-1.649566753393095
stirring up,1452,0.0674846625766871,7.280697195384741,-2.6259852480479062
stirs up,846,0.0460829493087557,6.740519359606223,-3.0301337002713247
stitched up,501,0.087719298245614,6.2166061010848646,-2.3418058061473275
stock up,9105,0.0083036773428232,9.116578992161708,-4.7827184640293945
stocking up,2413,0.0232067510548523,7.7886260656250315,-3.7398317812878643
stood up,9944,0.0631763450693491,9.204724633190548,-2.6965651185320474
stop up,519,8.236530432559e-4,6.251903883165888,-7.1009371883051795
stopped up,400,0.0032414910858995,5.991464547107982,-5.728475087246577
store up,2253,0.0032432432432432,7.720017940432244,-5.727932934888497
stored up,724,0.044041450777202,6.584791392385716,-3.0775832999843127
storing up,499,0.1385542168674698,6.212606095751519,-1.8273504143307584
straighten up,576,0.164079822616408,6.3561076606958915,-1.628180094243841
straightened up,267,0.230593607305936,5.58724865840025,-1.2049624135111026
straightening up,193,0.2162162162162162,5.262690188904886,-1.2878542883066382
straightens up,38,0.4981549815498155,3.6375861597263857,-0.007380107297622422
stretch up,289,0.0088135593220338,5.666426688112432,-4.722611282848199
stretched up,130,0.0092693565976008,4.867534450455582,-4.671728724339963
stretching up,197,0.0179806362378976,5.2832037287379885,-4.000315612573827
striding up,27,0.1415094339622641,3.295836866004329,-1.8028093054146406
strike up,1861,0.0104404567699836,7.528869256642251,-4.551571604888863
strode up,60,0.064,4.0943445622221,-2.68273239311792
strolled up,108,0.0691489361702127,4.68213122712422,-2.5998366164619786
struck up,1373,0.0207087959009393,7.224753405767971,-3.8562705160937925
struggled up,78,0.0243013365735115,4.356708826689592,-3.6926224403927725
strung up,493,0.0905797101449275,6.20050917404269,-2.306577114263584
stuck up,841,0.0222829055161114,6.734591659972948,-3.7814005430267232
studied up,177,0.0028272547356516,5.176149732573829,-5.865617837242035
stuffed up,357,0.0143737166324435,5.877735781779639,-4.227875954846626
stumbled up,64,0.0224719101123595,4.1588830833596715,-3.7727609380946405
sucked up,710,0.0623229461756373,6.565264970035361,-2.7110759220187486
sucking up,840,0.0413793103448275,6.733401891837359,-3.1427144639026388
suit up,1489,0.0072411296162201,7.305860032684009,-4.920710586568273
sum up,6705,0.0345394736842105,8.81060879571578,-3.330502382104674
summed up,6418,0.6610169491525424,8.766861821669803,0.6678293725756556
summing up,1653,0.5957446808510638,7.410347097821024,0.38776553100876343
summon up,392,0.031055900621118,5.971261839790462,-3.440418094815437
summoned up,154,0.0212464589235127,5.0369526024136295,-3.830089622665462
sums up,6106,0.0394736842105263,8.717027173294824,-3.191847152480282
surged up,127,0.1,4.844187086458591,-2.197224577336219
swallow up,396,0.0147737765466297,5.981414211254481,-4.200017529061975
swallowed up,1594,0.1424870466321243,7.374001859350161,-1.7947851901445924
swam up,114,0.0163316582914572,4.736198448394496,-4.098183338529272
sweep up,701,0.0510604870384917,6.55250788703459,-2.9223341085991246
sweeping up,468,0.0998959417273673,6.148468295917647,-2.1983813154640433
sweeps up,150,0.0521739130434782,5.0106352940962555,-2.89958841300109
swell up,650,0.0370942812982998,6.476972362889683,-3.2564926884395087
swelled up,299,0.1325757575757575,5.700443573390687,-1.8783739420648264
swelling up,167,0.0351437699680511,5.117993812416755,-3.3125317445764995
swells up,186,0.078125,5.225746673713202,-2.468099531471619
swept up,2823,0.0394349617422013,7.945555428253489,-3.192868916133086
swim up,487,0.0053205639797818,6.18826412308259,-5.230841201423133
swimming up,139,0.0032395221704798,4.9344739331306915,-5.729084657518436
swing up,173,0.0116720163408228,5.153291594497779,-4.438820398703842
swung up,69,0.013531799729364,4.23410650459726,-4.289088639014612
take up,60004,0.0078949742849409,11.00216650564878,-4.833602583807334
taken up,15119,0.0312450183325362,9.623707509980202,-3.43415177290484
takes up,13851,0.0090611763444319,9.536112711175099,-4.694653849524916
taking up,17478,0.0166422440862465,9.768698226187489,-4.07902870962734
talk up,624,5.901604163313e-4,6.436150368369428,-7.434525831303979
talking up,833,3.454589422047e-4,6.725033642166843,-7.9702912390676115
tangled up,1523,0.2713178294573643,7.328437352895162,-0.9879467207805903
team up,6892,0.0017621145374449,8.83811659764782,-6.339477080468081
teamed up,24687,0.4142857142857143,10.114032068273822,-0.34627623671783353
teaming up,8697,0.3673469387755102,9.070733417589766,-0.5436154465889815
tear up,2637,0.0482169763937719,7.877397186353287,-2.982625926048692
tearing up,2055,0.0965824665676077,7.628031126930335,-2.23578761207053
think up,1630,5.398532809961e-4,7.396335293800808,-7.52367315812842
thinking up,919,0.0013221070210841,6.823286122355687,-6.627205605132158
thought up,1139,6.743421052631e-4,7.037905963447182,-7.301098431673868
threw up,1846,0.0464317976513098,7.520776415062797,-3.0222264321680505
throw up,3637,0.0203650035247121,8.19891444498699,-3.873362135533381
throwing up,2226,0.0359794403198172,7.70796153183549,-3.288164948764371
thrown up,1467,0.029324644549763,7.2909747781429814,-3.4995637985642256
throws up,1099,0.0074669730040206,7.002155954403621,-4.889770591902475
thumbs up,1397,0.0404411764705882,7.242082359256962,-3.1666251345243235
tidied up,797,0.4918032786885246,6.680854678790215,-0.032789822822990956
tidy up,3076,0.3459317585301837,8.031385330625534,-0.6369701648448912
tidying up,2301,0.5546492659053833,7.741099090035366,0.21947382242524718
tie up,3598,0.0343804105861983,8.188133414510478,-3.3352830144022936
ties up,480,0.0193050193050193,6.173786103901937,-3.9278963545844365
tighten up,1948,0.1074766355140186,7.5745584842024805,-2.116779212117481
tightened up,916,0.1310679611650485,6.82001636467413,-1.8915489398364262
tightening up,726,0.1074380165289256,6.587550014824796,-2.117181869662683
tip up,48,0.0058969584109248,3.871201010907891,-5.127404170442733
tipped up,104,0.0475482912332838,4.6443908991413725,-2.9972935541209433
took up,13025,0.0254478616547582,9.474625866621567,-3.6453463021370562
top up,4002,5.891883929886e-4,8.294549515143679,-7.436175211149178
tore up,755,0.0728155339805825,6.626717749249025,-2.5442232269444203
torn up,1054,0.0520078999341672,6.960347729101308,-2.902950540103025
toss up,200,0.0282317979197622,5.298317366548036,-3.5386683722907604
tossed up,230,0.034729315628192,5.438079308923196,-3.324824402877582
touch up,2893,0.0010529086601737,7.970049304976135,-6.8551453287098685
touched up,886,0.0041388092964024,6.786716950605081,-5.483199744203669
train up,719,0.0011622838878396,6.577861357721047,-6.75620538085494
trained up,359,0.0057501306847882,5.883322388488279,-5.152765970306981
travel up,1903,0.0032635300516725,7.551186867296149,-5.72167696453277
traveled up,395,0.0112994350282485,5.978885764901122,-4.471638793363576
travelling up,427,0.0078125,6.056784013228625,-4.844187086458591
treasured up,39,0.0746268656716417,3.6635616461296463,-2.5176964726109925
trimmed up,109,0.0380116959064327,4.6913478822291435,-3.2311083933038365
trip up,552,0.0044792833146696,6.313548046277095,-5.403802874394025
tripped up,679,0.0981963927855711,6.520621127558696,-2.217427284653739
trot up,36,0.0179910044977511,3.58351893845611,-3.999728585847253
trotted up,60,0.0457746478873239,4.0943445622221,-3.037169463418165
trotting up,38,0.0631229235880398,3.6375861597263857,-2.6974680917716745
trudged up,105,0.0867579908675799,4.653960350157523,-2.353878387381596
trussed up,84,0.4594594594594595,4.430816798843313,-0.16251892949777494
try up,89,3.220800515328e-4,4.48863636973214,-8.040388304142354
tucked up,788,0.1256281407035175,6.669498089857879,-1.9401794743463292
tune up,662,0.0057306590257879,6.495265555937008,-5.156177599386925
tuned up,767,0.0877862595419847,6.642486801367256,-2.3409693360023613
tuning up,368,0.087719298245614,5.908082938168931,-2.3418058061473275
turn up,17212,0.0182059213433495,9.75336209395849,-3.9876347007921433
turned up,13230,0.0266580297971996,9.490242257109001,-3.5976450691114183
turning up,4607,0.0177575579688875,8.435332164935916,-4.013026937503906
turns up,3975,0.0118174409127954,8.287780027088433,-4.426290973385113
twisted up,182,0.0300970873786407,5.204006687076795,-3.47276757416341
tying up,1364,0.1064189189189189,7.218176838403408,-2.1278537054667668
type up,832,0.001560671088568,6.723832440821209,-6.461077475039953
typed up,512,0.1492537313432835,6.238324625039508,-1.740466174840505
use up,10486,0.0029974188892897,9.257796313132479,-5.807001810735389
used up,6531,0.0051424807156973,8.784315349902657,-5.26506393765377
uses up,1422,0.0039452309120445,7.259819610363186,-5.531294759694388
using up,3868,0.0044102564102564,8.260492856573185,-5.4194024380186665
wait up,929,0.0053883894387567,6.834108738813838,-5.218105784966982
waiting up,257,0.001648733078792,5.54907608489522,-6.406098023303078
wake up,56308,0.5881464069845533,10.938591899947856,0.3563079789389973
waked up,54,0.4980988593155893,3.9889840465642745,-0.007604599385219639
waken up,89,0.1517241379310344,4.48863636973214,-1.7211419020141023
wakes up,7135,0.6957264957264957,8.872767529910936,0.8270296351505098
waking up,19314,0.515736040609137,9.868585500526864,0.06296495669014059
walk up,7515,0.0224488564359423,8.924656302187074,-3.7738109366469916
walked up,5113,0.0572863027806385,8.53954159508,-2.8007010768948297
walking up,4089,0.0355050806933652,8.316055720364643,-3.301928760271403
walks up,885,0.0088148873653281,6.785587645007929,-4.722459272511193
wandered up,252,0.0201912858660998,5.529429087511423,-3.882106244390158
want up,199,3.814344356586e-4,5.293304824724492,-7.871190074157357
warm up,11845,0.0151089248067463,9.379661116592885,-4.177245435471226
warmed up,5803,0.2694300518134715,8.666130304190608,-0.9975161717967408
warming up,6005,0.1740890688259109,8.700347734514084,-1.5569198781506541
warms up,2878,0.2125,7.964850887447313,-1.3099213823353166
wash up,1254,0.0496622466850137,7.134093721192866,-2.9515724308160323
washed up,2470,0.0599563953488372,7.8119734296220225,-2.7523087082854487
washing up,1604,0.0480195333695062,7.38025578842646,-2.9869366430093867
weigh up,2295,0.0516273849607182,7.738488122494646,-2.9106952308680807
weighed up,338,0.0260416666666666,5.823045895483019,-3.621670704420489
weighing up,2258,0.043010752688172,7.722234744709607,-3.10234200861225
welled up,534,0.423728813559322,6.280395838960195,-0.3074846997479607
welling up,518,0.4333333333333333,6.249975242259483,-0.2682639865946794
went up,17952,0.0341534674223262,9.795456808322422,-3.3421408367010352
whip up,7000,0.0137614678899082,8.85366542803745,-4.272025739459558
whipped up,3246,0.059900166389351,8.085178748074537,-2.7533067926903323
whipping up,2107,0.051063829787234,7.653020413804189,-2.9222651216721194
wind up,15102,0.0299873165428519,9.62258246436337,-3.4765346367812096
winding up,2289,0.1176470588235294,7.735870319952567,-2.0149030205422647
winds up,2763,0.0332394366197183,7.924072324923417,-3.3702138361421885
wipe up,609,0.0196620583717357,6.411818267709897,-3.9092065429185765
wiped up,175,0.0215264187866927,5.1647859739235145,-3.8167128256238243
wipes up,24,0.0252427184466019,3.1780538303479458,-3.6536507622301944
wiping up,173,0.035,5.153291594497779,-3.316780039849572
wired up,758,0.0553191489361702,6.630683385642372,-2.837728024410743
wise up,214,0.0084435688150858,5.365976015021851,-4.765870796679088
woke up,29404,0.689795918367347,10.288885998493978,0.7991653746367426
woken up,3702,0.7941176470588235,8.216628493133443,1.3499267169490154
work up,5272,0.0018109144302145,8.570165076182343,-6.312110795098759
worked up,3951,0.0179455445544554,8.281723990411392,-4.002304890539937
working up,2408,0.0039300202839756,7.786551806428712,-5.535172928690691
works up,783,0.0010336985734959,6.663132695990803,-6.8735778271806165
wound up,9644,0.1272176546949372,9.174091239301061,-1.9257867706155307
wrap up,11784,0.0923076923076923,9.374497958142467,-2.2857779746776643
wrapped up,18141,0.2396226415094339,9.805929848941323,-1.154749475488092
wrapping up,5560,0.0911111111111111,8.623353387244627,-2.300143089338494
wrinkled up,57,0.0561224489795918,4.04305126783455,-2.822460552279955
write up,5907,0.0041441314883753,8.683893367307235,-5.481909302509258
writing up,1886,0.0026896180742334,7.542213463193403,-5.915662833691722
written up,1936,0.0036637492367189,7.568379267836522,-5.605597797068449
yield up,306,0.033167495854063,5.723585101952381,-3.372454912796502
yielded up,82,0.0388127853881278,4.406719247264253,-3.2094194896261667
zip up,798,0.0326530612244898,6.682108597449809,-3.3886185994552953
zipped up,537,0.175438596491228,6.285998094508865,-1.5475625087160134
zoomed up,65,0.2121212121212121,4.174387269895637,-1.3121863889661687
