layer,log_freq,fit,panel
0,9.195632743103909,12.897089104687428,Encoder
1,9.195632743103909,12.418342964476652,Encoder
2,9.195632743103909,11.959034016574037,Encoder
3,9.195632743103909,11.538742730360374,Encoder
4,9.195632743103909,11.19438610100452,Encoder
5,9.195632743103909,10.99655123574308,Encoder
6,9.195632743103909,11.012629081157224,Encoder
7,9.195632743103909,11.147523826650808,Encoder
8,9.195632743103909,11.143652904450374,Encoder
9,9.195632743103909,10.766983282857197,Encoder
10,9.195632743103909,10.04993866192877,Encoder
11,9.195632743103909,9.162139612116217,Encoder
0,9.329778464096705,12.874529654322938,Encoder
1,9.329778464096705,12.400220280244008,Encoder
2,9.329778464096705,11.945009203633067,Encoder
3,9.329778464096705,11.528141010440052,Encoder
4,9.329778464096705,11.18656119293061,Encoder
5,9.329778464096705,10.991593036628155,Encoder
6,9.329778464096705,11.011400970153947,Encoder
7,9.329778464096705,11.150650566089723,Encoder
8,9.329778464096705,11.15050854097772,Encoder
9,9.329778464096705,10.775795562169385,Encoder
10,9.329778464096705,10.059080824058224,Encoder
11,9.329778464096705,9.170795528578536,Encoder
0,9.463924185089503,12.85211864058283,Encoder
1,9.463924185089503,12.38218894469419,Encoder
2,9.463924185089503,11.931032215231063,Encoder
3,9.463924185089503,11.517570589688892,Encoder
4,9.463924185089503,11.178775905024555,Encoder
5,9.463924185089503,10.986675199628305,Encoder
6,9.463924185089503,11.010172161837222,Encoder
7,9.463924185089503,11.153698194339416,Encoder
8,9.463924185089503,11.157212414174033,Encoder
9,9.463924185089503,10.784429256321015,Encoder
10,9.463924185089503,10.0680623193634,Encoder
11,9.463924185089503,9.179331154207519,Encoder
0,9.5980699060823,12.829864148481201,Encoder
1,9.5980699060823,12.36425393338759,Encoder
2,9.5980699060823,11.91710565626472,Encoder
3,9.5980699060823,11.507033172903299,Encoder
4,9.5980699060823,11.171032395309132,Encoder
5,9.5980699060823,10.981799923178523,Encoder
6,9.5980699060823,11.00894261822593,Encoder
7,9.5980699060823,11.156662402388664,Encoder
8,9.5980699060823,11.163756257826876,Encoder
9,9.5980699060823,10.792874638174009,Encoder
10,9.5980699060823,10.076874396678303,Encoder
11,9.5980699060823,9.187739937027954,Encoder
0,9.732215627075098,12.807774263032151,Encoder
1,9.732215627075098,12.346420221884593,Encoder
2,9.732215627075098,11.903232131630729,Encoder
3,9.732215627075098,11.49653046487968,Encoder
4,9.732215627075098,11.163332821807112,Encoder
5,9.732215627075098,10.9769694057138,Encoder
6,9.732215627075098,11.007712301338954,Encoder
7,9.732215627075098,11.159538881226245,Encoder
8,9.732215627075098,11.170131805723804,Encoder
9,9.732215627075098,10.801121980590288,Encoder
10,9.732215627075098,10.085508304836942,Encoder
11,9.732215627075098,9.196015325064632,Encoder
0,9.866361348067894,12.785857069249777,Encoder
1,9.866361348067894,12.328692785745588,Encoder
2,9.866361348067894,11.88941424622578,Encoder
3,9.866361348067894,11.48606417041444,Encoder
4,9.866361348067894,11.155679342541266,Encoder
5,9.866361348067894,10.972185845669133,Encoder
6,9.866361348067894,11.006481173195175,Encoder
7,9.866361348067894,11.162323321840937,Encoder
8,9.866361348067894,11.17633079165238,Encoder
9,9.866361348067894,10.809161556431782,Encoder
10,9.866361348067894,10.093955292673325,Encoder
11,9.866361348067894,9.20415076634234,Encoder
0,10.000507069060692,12.764120652148177,Encoder
1,10.000507069060692,12.311076600530969,Encoder
2,10.000507069060692,11.875654604946565,Encoder
3,10.000507069060692,11.47563599430399,Encoder
4,10.000507069060692,11.148074115534369,Encoder
5,10.000507069060692,10.967451441479515,Encoder
6,10.000507069060692,11.005249195813473,Encoder
7,10.000507069060692,11.165011415221517,Encoder
8,10.000507069060692,11.18234494940016,Encoder
9,10.000507069060692,10.81698363856041,Encoder
10,10.000507069060692,10.102206609021456,Encoder
11,10.000507069060692,9.212139708885864,Encoder
0,10.134652790053488,12.742573096741452,Encoder
1,10.134652790053488,12.293576641801119,Encoder
2,10.134652790053488,11.861955812689779,Encoder
3,10.134652790053488,11.465247641344737,Encoder
4,10.134652790053488,11.140519298809192,Encoder
5,10.134652790053488,10.96276839157994,Encoder
6,10.134652790053488,11.004016331212728,Encoder
7,10.134652790053488,11.167598852356765,Encoder
8,10.134652790053488,11.188166012754712,Encoder
9,10.134652790053488,10.824578499838097,Encoder
10,10.134652790053488,10.110253502715345,Encoder
11,10.134652790053488,9.219975600719996,Encoder
0,10.268798511046285,12.721222488043697,Encoder
1,10.268798511046285,12.27619788511643,Encoder
2,10.268798511046285,11.84832047435211,Encoder
3,10.268798511046285,11.454900816333085,Encoder
4,10.268798511046285,11.133017050388508,Encoder
5,10.268798511046285,10.958138894405401,Encoder
6,10.268798511046285,11.002782541411825,Encoder
7,10.268798511046285,11.170081324235458,Encoder
8,10.268798511046285,11.193785715503587,Encoder
9,10.268798511046285,10.831936413126769,Encoder
10,10.268798511046285,10.118087222588995,Encoder
11,10.268798511046285,9.227651889869524,Encoder
0,10.402944232039083,12.700076911069013,Encoder
1,10.402944232039083,12.258945306037289,Encoder
2,10.402944232039083,11.834751194830254,Encoder
3,10.402944232039083,11.444597224065442,Encoder
4,10.402944232039083,11.125569528295092,Encoder
5,10.402944232039083,10.953565148390894,Encoder
6,10.402944232039083,11.001547788429644,Encoder
7,10.402944232039083,11.172454521846374,Encoder
8,10.402944232039083,11.199195791434352,Encoder
9,10.402944232039083,10.839047651288348,Encoder
10,10.402944232039083,10.125699017476416,Encoder
11,10.402944232039083,9.235162024359235,Encoder
0,10.53708995303188,12.679144450831497,Encoder
1,10.53708995303188,12.241823880124088,Encoder
2,10.53708995303188,11.8212505790209,Encoder
3,10.53708995303188,11.434338569338216,Encoder
4,10.53708995303188,11.118178890551713,Encoder
5,10.53708995303188,10.94904935197141,Encoder
6,10.53708995303188,11.000312034285065,Encoder
7,10.53708995303188,11.174714136178292,Encoder
8,10.53708995303188,11.204387974334564,Encoder
9,10.53708995303188,10.84590248718476,Encoder
10,10.53708995303188,10.133080136211614,Encoder
11,10.53708995303188,9.242499452213918,Encoder
0,10.671235674024677,12.658433192345246,Encoder
1,10.671235674024677,12.224838582937211,Encoder
2,10.671235674024677,11.80782123182074,Encoder
3,10.671235674024677,11.424126556947815,Encoder
4,10.671235674024677,11.110847295181145,Encoder
5,10.671235674024677,10.944593703581946,Encoder
6,10.671235674024677,10.99907524099697,Encoder
7,10.671235674024677,11.176855858219987,Encoder
8,10.671235674024677,11.209353997991782,Encoder
9,10.671235674024677,10.852491193677928,Encoder
10,10.671235674024677,10.140221827628594,Encoder
11,10.671235674024677,9.249657621458363,Encoder
0,10.805381395017474,12.637951220624362,Encoder
1,10.805381395017474,12.20799439003705,Encoder
2,10.805381395017474,11.794465758126465,Encoder
3,10.805381395017474,11.413962891690645,Encoder
4,10.805381395017474,11.10357690020616,Encoder
5,10.805381395017474,10.940200401657492,Encoder
6,10.805381395017474,10.99783737058424,Encoder
7,10.805381395017474,11.178875378960242,Encoder
8,10.805381395017474,11.214085596193568,Encoder
9,10.805381395017474,10.858804043629775,Encoder
10,10.805381395017474,10.147115340561365,Encoder
11,10.805381395017474,9.256629980117356,Encoder
0,10.939527116010272,12.617706967472664,Encoder
1,10.939527116010272,12.191296464711534,Encoder
2,10.939527116010272,11.78118678310068,Encoder
3,10.939527116010272,11.403849114604206,Encoder
4,10.939527116010272,11.096369519659994,Encoder
5,10.939527116010272,10.935871199956635,Encoder
6,10.939527116010272,10.996597997356593,Encoder
7,10.939527116010272,11.180768202331246,Encoder
8,10.939527116010272,11.218574553960877,Encoder
9,10.939527116010272,10.864831537304571,Encoder
10,10.939527116010272,10.153752255122406,Encoder
11,10.939527116010272,9.263410375033265,Encoder
0,11.073672837003068,12.597721563278787,Encoder
1,11.073672837003068,12.17475684436839,Encoder
2,11.073672837003068,11.767987673993689,Encoder
3,11.073672837003068,11.393780770278642,Encoder
4,11.073672837003068,11.089214371526953,Encoder
5,11.073672837003068,10.931591569283993,Encoder
6,11.073672837003068,10.995342498669919,Encoder
7,11.073672837003068,11.182522982714142,Encoder
8,11.073672837003068,11.222814532355322,Encoder
9,11.073672837003068,10.870572501879893,Encoder
10,11.073672837003068,10.160136282025201,Encoder
11,11.073672837003068,9.270007256765027,Encoder
0,11.207818557995864,12.578032195212753,Encoder
1,11.207818557995864,12.158396258426334,Encoder
2,11.207818557995864,11.754872736391855,Encoder
3,11.207818557995864,11.383745821069851,Encoder
4,11.207818557995864,11.082084746661907,Encoder
5,11.207818557995864,10.92732639139147,Encoder
6,11.207818557995864,10.99403830047943,Encoder
7,11.207818557995864,11.184119713545131,Encoder
8,11.207818557995864,11.226801564606369,Encoder
9,11.207818557995864,10.876036293535446,Encoder
10,11.207818557995864,10.166286470575006,Encoder
11,11.207818557995864,9.27644754160519,Encoder
0,11.341964278988662,12.558677080486662,Encoder
1,11.341964278988662,12.142235993896351,Encoder
2,11.341964278988662,11.741846336075769,Encoder
3,11.341964278988662,11.373731742933623,Encoder
4,11.341964278988662,11.074952914194816,Encoder
5,11.341964278988662,10.923039227243805,Encoder
6,11.341964278988662,10.992651677158483,Encoder
7,11.341964278988662,11.185537832661044,Encoder
8,11.341964278988662,11.23053183611799,Encoder
9,11.341964278988662,10.881232943886136,Encoder
10,11.341964278988662,10.172222854047309,Encoder
11,11.341964278988662,9.282759330422603,Encoder
0,11.47610999998146,12.53969443631262,Encoder
1,11.47610999998146,12.12629733778942,Encoder
2,11.47610999998146,11.728912838826027,Encoder
3,11.47610999998146,11.363726011825745,Encoder
4,11.47610999998146,11.067791143255635,Encoder
5,11.47610999998146,10.918693637805742,Encoder
6,11.47610999998146,10.991148903080438,Encoder
7,11.47610999998146,11.186756777898706,Encoder
8,11.47610999998146,11.234001532294155,Encoder
9,11.47610999998146,10.886172484546865,Encoder
10,11.47610999998146,10.177965465717602,Encoder
11,11.47610999998146,9.288970724086118,Encoder
0,11.610255720974257,12.521122479902726,Encoder
1,11.610255720974257,12.110601577116528,Encoder
2,11.610255720974257,11.716076610423224,Encoder
3,11.610255720974257,11.35371610370201,Encoder
4,11.610255720974257,11.060571702974325,Encoder
5,11.610255720974257,10.914253184042023,Encoder
6,11.610255720974257,10.98949625261865,Encoder
7,11.610255720974257,11.187755987094945,Encoder
8,11.610255720974257,11.23720683853883,Encoder
9,11.610255720974257,10.890864947132536,Encoder
10,11.610255720974257,10.183534338861374,Encoder
11,11.610255720974257,9.29510982346458,Encoder
0,11.744401441967053,12.502999428469082,Encoder
1,11.744401441967053,12.095169998888652,Encoder
2,11.744401441967053,11.703342016647952,Encoder
3,11.744401441967053,11.343689494518198,Encoder
4,11.744401441967053,11.053266862480847,Encoder
5,11.744401441967053,10.909681426917388,Encoder
6,11.744401441967053,10.987660000146478,Encoder
7,11.744401441967053,11.188514898086588,Encoder
8,11.744401441967053,11.240143940255988,Encoder
9,11.744401441967053,10.895320363258055,Encoder
10,11.744401441967053,10.188949506754115,Encoder
11,11.744401441967053,9.30120472942684,Encoder
0,11.878547162959851,12.48536349922379,Encoder
1,11.878547162959851,12.080023890116777,Encoder
2,11.878547162959851,11.690713423280805,Encoder
3,11.878547162959851,11.333633660230106,Encoder
4,11.878547162959851,11.045848890905155,Encoder
5,11.878547162959851,10.904941927396578,Encoder
6,11.878547162959851,10.985606420037282,Encoder
7,11.878547162959851,11.189012948710461,Encoder
8,11.878547162959851,11.2428090228496,Encoder
9,11.878547162959851,10.899548764538322,Encoder
10,11.878547162959851,10.194231002671316,Encoder
11,11.878547162959851,9.307283542841745,Encoder
0,12.012692883952647,12.468252909378952,Encoder
1,12.012692883952647,12.065184537811886,Encoder
2,12.012692883952647,11.678195196102378,Encoder
3,12.012692883952647,11.323536076793516,Encoder
4,12.012692883952647,11.038290057377212,Encoder
5,12.012692883952647,10.899998246444339,Encoder
6,12.012692883952647,10.983301786664416,Encoder
7,12.012692883952647,11.189229576803392,Encoder
8,12.012692883952647,11.245198271723634,Encoder
9,12.012692883952647,10.90356018258824,Encoder
10,12.012692883952647,10.199398859888467,Encoder
11,12.012692883952647,9.313374364578143,Encoder
0,12.146838604945444,12.45170587614667,Encoder
1,12.146838604945444,12.050673228984959,Encoder
2,12.146838604945444,11.665791700893264,Encoder
3,12.146838604945444,11.313384220164219,Encoder
4,12.146838604945444,11.030562631026976,Encoder
5,12.146838604945444,10.89481394502541,Encoder
6,12.146838604945444,10.980712374401241,Encoder
7,12.146838604945444,11.189144220202207,Encoder
8,12.146838604945444,11.24730787228206,Encoder
9,12.146838604945444,10.907364649022716,Encoder
10,12.146838604945444,10.204473111681056,Encoder
11,12.146838604945444,9.319505295504886,Encoder
0,12.280984325938242,12.435760616739046,Encoder
1,12.280984325938242,12.036511250646978,Encoder
2,12.280984325938242,11.653507303434058,Encoder
3,12.280984325938242,11.303165566298004,Encoder
4,12.280984325938242,11.022638880984404,Encoder
5,12.280984325938242,10.889352584104532,Encoder
6,12.280984325938242,10.977804457621113,Encoder
7,12.280984325938242,11.188736316743736,Encoder
8,12.280984325938242,11.249134009928845,Encoder
9,12.280984325938242,10.910972195456651,Encoder
10,12.280984325938242,10.209473791324575,Encoder
11,12.280984325938242,9.325704436490819,Encoder
0,12.41513004693104,12.420455348368181,Encoder
1,12.41513004693104,12.02271988980893,Encoder
2,12.41513004693104,11.641346369505351,Encoder
3,12.41513004693104,11.292867591150657,Encoder
4,12.41513004693104,11.014491076379457,Encoder
5,12.41513004693104,10.88357772464645,Encoder
6,12.41513004693104,10.974544310697391,Encoder
7,12.41513004693104,11.187985304264801,Encoder
8,12.41513004693104,11.250672870067964,Encoder
9,12.41513004693104,10.914392853504948,Encoder
10,12.41513004693104,10.214420932094512,Encoder
11,12.41513004693104,9.331999888404791,Encoder
0,12.549275767923836,12.405828288246177,Encoder
1,12.549275767923836,12.00932043348179,Encoder
2,12.549275767923836,11.62931326488774,Encoder
3,12.549275767923836,11.282477770677966,Encoder
4,12.549275767923836,11.006091486342092,Encoder
5,12.549275767923836,10.877452927615904,Encoder
6,12.549275767923836,10.970898208003433,Encoder
7,12.549275767923836,11.186870620602235,Encoder
8,12.549275767923836,11.251920638103384,Encoder
9,12.549275767923836,10.91763665478251,Encoder
10,12.549275767923836,10.21933456726636,Encoder
11,12.549275767923836,9.338419752115653,Encoder
0,12.683421488916633,12.391903946820312,Encoder
1,12.683421488916633,11.996327191995455,Encoder
2,12.683421488916633,11.61741150197801,Encoder
3,12.683421488916633,11.271987637793988,Encoder
4,12.683421488916633,10.997419602919535,Encoder
5,12.683421488916633,10.870950012200904,Encoder
6,12.683421488916633,10.966839260499109,Encoder
7,12.683421488916633,11.185375331266492,Encoder
8,12.683421488916633,11.25287379654672,Encoder
9,12.683421488916633,10.920712013052253,Encoder
10,12.683421488916633,10.224232656039613,Encoder
11,12.683421488916633,9.344990330739067,Encoder
0,12.81756720990943,12.37863981248198,Encoder
1,12.81756720990943,11.983720361757529,Encoder
2,12.81756720990943,11.605640420376659,Encoder
3,12.81756720990943,11.261408562747627,Encoder
4,12.81756720990943,10.988490236103914,Encoder
5,12.81756720990943,10.864081177876761,Encoder
6,12.81756720990943,10.962374008045218,Encoder
7,12.81756720990943,11.183500240027053,Encoder
8,12.81756720990943,11.253530280678744,Encoder
9,12.81756720990943,10.92361943125584,Encoder
10,12.81756720990943,10.22912301599107,Encoder
11,12.81756720990943,9.351729136905412,Encoder
0,12.951712930902227,12.36597292021914,Encoder
1,12.951712930902227,11.97146972848609,Encoder
2,12.951712930902227,11.593998086254347,Encoder
3,12.951712930902227,11.250757969630925,Encoder
4,12.951712930902227,10.979328974013537,Encoder
5,12.951712930902227,10.856870947141347,Encoder
6,12.951712930902227,10.957519192141232,Encoder
7,12.951712930902227,11.181251563912706,Encoder
8,12.951712930902227,11.25388846912792,Encoder
9,12.951712930902227,10.926356998156255,Encoder
10,12.951712930902227,10.234010369735762,Encoder
11,12.951712930902227,9.358651000615604,Encoder
0,13.085858651895025,12.353840299998664,Encoder
1,13.085858651895025,11.959545075343511,Encoder
2,13.085858651895025,11.582482565469121,Encoder
3,13.085858651895025,11.240053284022073,Encoder
4,13.085858651895025,10.969961407412626,Encoder
5,13.085858651895025,10.849343845517698,Encoder
6,13.085858651895025,10.952291556791007,Encoder
7,13.085858651895025,11.178635521281139,Encoder
8,13.085858651895025,11.253946740631548,Encoder
9,13.085858651895025,10.928922801923825,Encoder
10,13.085858651895025,10.238899439128945,Encoder
11,13.085858651895025,9.365770751212,Encoder
0,13.220004372887821,12.342178981787432,Encoder
1,13.220004372887821,11.947916185492165,Encoder
2,13.220004372887821,11.57109192387903,Encoder
3,13.220004372887821,11.229311931499263,Encoder
4,13.220004372887821,10.960413127065397,Encoder
5,13.220004372887821,10.84152439852885,Encoder
6,13.220004372887821,10.946707845998402,Encoder
7,13.220004372887821,11.175658330490034,Encoder
8,13.220004372887821,11.253703473926926,Encoder
9,13.220004372887821,10.93131493072888,Encoder
10,13.220004372887821,10.243794946025874,Encoder
11,13.220004372887821,9.373103218036961,Encoder
0,13.35415009388062,12.330925995552317,Encoder
1,13.35415009388062,11.936552842094418,Encoder
2,13.35415009388062,11.559824227342117,Encoder
3,13.35415009388062,11.218551337640688,Encoder
4,13.35415009388062,10.950709723736074,Encoder
5,13.35415009388062,10.83343713169784,Encoder
6,13.35415009388062,10.940784803767276,Encoder
7,13.35415009388062,11.172326209897076,Encoder
8,13.35415009388062,11.253157047751355,Encoder
9,13.35415009388062,10.933531472741748,Encoder
10,13.35415009388062,10.248701612281799,Encoder
11,13.35415009388062,9.380663230432846,Encoder
0,13.488295814873416,12.320018371260197,Encoder
1,13.488295814873416,11.925424828312646,Encoder
2,13.488295814873416,11.548677541716433,Encoder
3,13.488295814873416,11.207788928024538,Encoder
4,13.488295814873416,10.940876788188874,Encoder
5,13.488295814873416,10.825106570547705,Encoder
6,13.488295814873416,10.934539174101484,Encoder
7,13.488295814873416,11.168645377859951,Encoder
8,13.488295814873416,11.252305840842135,Encoder
9,13.488295814873416,10.93557051613276,Encoder
10,13.488295814873416,10.253624159751979,Encoder
11,13.488295814873416,9.388465617742014,Encoder
0,13.622441535866212,12.309393138877947,Encoder
1,13.622441535866212,11.91450192730922,Encoder
2,13.622441535866212,11.537649932860022,Encoder
3,13.622441535866212,11.197042128229006,Encoder
4,13.622441535866212,10.930939911188018,Encoder
5,13.622441535866212,10.816557240601481,Encoder
6,13.622441535866212,10.92798770100489,Encoder
7,13.622441535866212,11.164622052736345,Encoder
8,13.622441535866212,11.251148231936565,Encoder
9,13.622441535866212,10.937430149072243,Encoder
10,13.622441535866212,10.258567310291664,Encoder
11,13.622441535866212,9.396525209306825,Encoder
0,13.75658725685901,12.298987328372444,Encoder
1,13.75658725685901,11.903753922246509,Encoder
2,13.75658725685901,11.526739466630934,Encoder
3,13.75658725685901,11.186328363832285,Encoder
4,13.75658725685901,10.920924683497725,Encoder
5,13.75658725685901,10.807813667382206,Encoder
6,13.75658725685901,10.921147128481346,Encoder
7,13.75658725685901,11.160262452883938,Encoder
8,13.75658725685901,11.249682599771944,Encoder
9,13.75658725685901,10.939108459730528,Encoder
10,13.75658725685901,10.26353578575611,Encoder
11,13.75658725685901,9.404856834469635,Encoder
0,13.890732977851808,12.288737969710562,Encoder
1,13.890732977851808,11.893150596286885,Encoder
2,13.890732977851808,11.515944208887213,Encoder
3,13.890732977851808,11.175665060412562,Encoder
4,13.890732977851808,10.910856695882217,Encoder
5,13.890732977851808,10.798900376412915,Encoder
6,13.890732977851808,10.914034200534715,Encoder
7,13.890732977851808,11.155572796660419,Encoder
8,13.890732977851808,11.247907323085574,Encoder
9,13.890732977851808,10.94060353627794,Encoder
10,13.890732977851808,10.26853430800057,Encoder
11,13.890732977851808,9.413475322572808,Encoder
0,14.024878698844605,12.278582092859178,Encoder
1,14.024878698844605,11.88266173259272,Encoder
2,14.024878698844605,11.50526222548691,Encoder
3,14.024878698844605,11.165069643548035,Encoder
4,14.024878698844605,10.90076153910571,Encoder
5,14.024878698844605,10.789841893216643,Encoder
6,14.024878698844605,10.906665661168853,Encoder
7,14.024878698844605,11.150559302423472,Encoder
8,14.024878698844605,11.245820780614753,Encoder
9,14.024878698844605,10.941913466884813,Encoder
10,14.024878698844605,10.273567598880298,Encoder
11,14.024878698844605,9.422395502958699,Encoder
0,14.159024419837401,12.268456727785168,Encoder
1,14.159024419837401,11.872257114326386,Encoder
2,14.159024419837401,11.494691582288066,Encoder
3,14.159024419837401,11.154559538816892,Encoder
4,14.159024419837401,10.890664803932427,Encoder
5,14.159024419837401,10.78066274331643,Encoder
6,14.159024419837401,10.899058254387619,Encoder
7,14.159024419837401,11.14522818853078,Encoder
8,14.159024419837401,11.243421351096782,Encoder
9,14.159024419837401,10.943036339721473,Encoder
10,14.159024419837401,10.278640380250549,Encoder
11,14.159024419837401,9.431632204969668,Encoder
0,14.293170140830199,12.258298904601997,Encoder
1,14.293170140830199,11.86190652471562,Encoder
2,14.293170140830199,11.484230345145342,Encoder
3,14.293170140830199,11.14415217175006,Encoder
4,14.293170140830199,10.88059208106624,Encoder
5,14.293170140830199,10.771387452185994,Encoder
6,14.293170140830199,10.891228724172384,Encoder
7,14.293170140830199,11.139585673348043,Encoder
8,14.293170140830199,11.240707413295157,Encoder
9,14.293170140830199,10.943970242976139,Encoder
10,14.293170140830199,10.283757373952598,Encoder
11,14.293170140830199,9.441200257890415,Encoder
0,14.427315861822995,12.248057452697493,Encoder
1,14.427315861822995,11.851585008498006,Encoder
2,14.427315861822995,11.473876307079658,Encoder
3,14.427315861822995,11.133861163224045,Encoder
4,14.427315861822995,10.87056410376813,Encoder
5,14.427315861822995,10.762036575656387,Encoder
6,14.427315861822995,10.883192004770942,Encoder
7,14.427315861822995,11.133638620275596,Encoder
8,14.427315861822995,11.23767945461583,Encoder
9,14.427315861822995,10.944714704722447,Encoder
10,14.427315861822995,10.288922176659884,Encoder
11,14.427315861822995,9.451109849706064,Encoder
0,14.561461582815792,12.237725160149573,Encoder
1,14.561461582815792,11.841287212386103,Encoder
2,14.561461582815792,11.463626244658425,Encoder
3,14.561461582815792,11.123685959716237,Encoder
4,14.561461582815792,10.86058350869243,Encoder
5,14.561461582815792,10.752615880488893,Encoder
6,14.561461582815792,10.874956288192905,Encoder
7,14.561461582815792,11.127396295817286,Encoder
8,14.561461582815792,11.2343458183004,Encoder
9,14.561461582815792,10.945274617387392,Encoder
10,14.561461582815792,10.294134193186027,Encoder
11,14.561461582815792,9.461353877046093,Encoder
0,14.69560730380859,12.227305049946315,Encoder
1,14.69560730380859,11.831012347024023,Encoder
2,14.69560730380859,11.453476697787991,Encoder
3,14.69560730380859,11.113622707475974,Encoder
4,14.69560730380859,10.850648719057123,Encoder
5,14.69560730380859,10.743127690102877,Encoder
6,14.69560730380859,10.866528196651302,Encoder
7,14.69560730380859,11.120868525992016,Encoder
8,14.69560730380859,11.230716676666178,Encoder
9,14.69560730380859,10.94565612238138,Encoder
10,14.69560730380859,10.299391852353123,Encoder
11,14.69560730380859,9.471921210590358,Encoder
0,14.829753024801388,12.216800145075796,Encoder
1,14.829753024801388,11.82075962305588,Encoder
2,14.829753024801388,11.443424206374708,Encoder
3,14.829753024801388,11.1036675527526,Encoder
4,14.829753024801388,10.840758158080185,Encoder
5,14.829753024801388,10.733574327917701,Encoder
6,14.829753024801388,10.85791435235916,Encoder
7,14.829753024801388,11.114065136818677,Encoder
8,14.829753024801388,11.22680220203047,Encoder
9,14.829753024801388,10.945865361114809,Encoder
10,14.829753024801388,10.304693582983274,Encoder
11,14.829753024801388,9.482800721018714,Encoder
0,14.963898745794184,12.20621346852609,Encoder
1,14.963898745794184,11.810528251125783,Encoder
2,14.963898745794184,11.433465310324927,Encoder
3,14.963898745794184,11.09381664179546,Encoder
4,14.963898745794184,10.830910248979594,Encoder
5,14.963898745794184,10.723958117352726,Encoder
6,14.963898745794184,10.849121377529503,Encoder
7,14.963898745794184,11.10699595431617,Encoder
8,14.963898745794184,11.222612566710584,Encoder
9,14.963898745794184,10.945908474998086,Encoder
10,14.963898745794184,10.310037813898576,Encoder
11,14.963898745794184,9.493981279011019,Encoder
0,15.09804446678698,12.19554804328528,Encoder
1,15.09804446678698,11.800317441877844,Encoder
2,15.09804446678698,11.423596549544996,Encoder
3,15.09804446678698,11.084066120853894,Encoder
4,15.09804446678698,10.821103414973328,Encoder
5,15.09804446678698,10.714281381827318,Encoder
6,15.09804446678698,10.840155894375357,Encoder
7,15.09804446678698,11.099670804503392,Encoder
8,15.09804446678698,11.218157943023828,Encoder
9,15.09804446678698,10.945791605441617,Encoder
10,15.09804446678698,10.31542297392113,Encoder
11,15.09804446678698,9.505451755247126,Encoder
0,15.232190187779779,12.184806892341435,Encoder
1,15.232190187779779,11.790126405956178,Encoder
2,15.232190187779779,11.413814463941266,Encoder
3,15.232190187779779,11.074412136177246,Encoder
4,15.232190187779779,10.811336079279364,Encoder
5,15.232190187779779,10.70454644476084,Encoder
6,15.232190187779779,10.83102452510975,Encoder
7,15.232190187779779,11.092099513399239,Encoder
8,15.232190187779779,11.213448503287507,Encoder
9,15.232190187779779,10.945520893855798,Encoder
10,15.232190187779779,10.320847491873035,Encoder
11,15.232190187779779,9.517201020406898,Encoder
0,15.366335908772575,12.173993038682635,Encoder
1,15.366335908772575,11.779954354004897,Encoder
2,15.366335908772575,11.404115593420087,Encoder
3,15.366335908772575,11.064850834014859,Encoder
4,15.366335908772575,10.801606665115683,Encoder
5,15.366335908772575,10.694755629572652,Encoder
6,15.366335908772575,10.821733891945708,Encoder
7,15.366335908772575,11.084291907022608,Encoder
8,15.366335908772575,11.208494419818932,Encoder
9,15.366335908772575,10.94510248165104,Encoder
10,15.366335908772575,10.326309796576389,Encoder
11,15.366335908772575,9.529217945170185,Encoder
0,15.500481629765371,12.163109505296958,Encoder
1,15.500481629765371,11.76980049666811,Encoder
2,15.500481629765371,11.394496477887811,Encoder
3,15.500481629765371,11.055378360616077,Encoder
4,15.500481629765371,10.79191359570026,Encoder
5,15.500481629765371,10.68491125968212,Encoder
6,15.500481629765371,10.812290617096258,Encoder
7,15.500481629765371,11.076257811392399,Encoder
8,15.500481629765371,11.203305864935407,Encoder
9,15.500481629765371,10.94454251023774,Encoder
10,15.500481629765371,10.331808316853289,Encoder
11,15.500481629765371,9.541491400216847,Encoder
0,15.63462735075817,12.15215931517248,Encoder
1,15.63462735075817,11.75966404458993,Encoder
2,15.63462735075817,11.384953657250785,Encoder
3,15.63462735075817,11.045990862230243,Encoder
4,15.63462735075817,10.782255294251074,Encoder
5,15.63462735075817,10.675015658508606,Encoder
6,15.63462735075817,10.802701322774421,Encoder
7,15.63462735075817,11.068007052527507,Encoder
8,15.63462735075817,11.197893010954242,Encoder
9,15.63462735075817,10.943847121026307,Encoder
10,15.63462735075817,10.337341481525838,Encoder
11,15.63462735075817,9.55401025622674,Encoder
0,15.768773071750967,12.141145491297275,Encoder
1,15.768773071750967,11.749544208414472,Encoder
2,15.768773071750967,11.37548367141536,Encoder
3,15.768773071750967,11.036684485106697,Encoder
4,15.768773071750967,10.772630183986104,Encoder
5,15.768773071750967,10.665071149471473,Encoder
6,15.768773071750967,10.79297263119323,Encoder
7,15.768773071750967,11.05954945644683,Encoder
8,15.768773071750967,11.192266030192743,Encoder
9,15.768773071750967,10.94302245542714,Encoder
10,15.768773071750967,10.342907719416132,Encoder
11,15.768773071750967,9.566763383879719,Encoder
0,15.902918792743764,12.130071056659423,Encoder
1,15.902918792743764,11.739440198785843,Encoder
2,15.902918792743764,11.366083060287886,Encoder
3,15.902918792743764,11.027455375494785,Encoder
4,15.902918792743764,10.763036688123329,Encoder
5,15.902918792743764,10.655080055990082,Encoder
6,15.902918792743764,10.783111164565707,Encoder
7,15.902918792743764,11.050894849169262,Encoder
8,15.902918792743764,11.18643509496822,Encoder
9,15.902918792743764,10.942074654850645,Encoder
10,15.902918792743764,10.34850545934627,Encoder
11,15.902918792743764,9.579739653855643,Encoder
0,16.03706451373656,12.118939034247,Encoder
1,16.03706451373656,11.729351226348161,Encoder
2,16.03706451373656,11.356748363774713,Encoder
3,16.03706451373656,11.01829967964385,Encoder
4,16.03706451373656,10.753473229880722,Encoder
5,16.03706451373656,10.6450447014838,Encoder
6,16.03706451373656,10.773123545104879,Encoder
7,16.03706451373656,11.042053056713707,Encoder
8,16.03706451373656,11.180410377597976,Encoder
9,16.03706451373656,10.941009860707224,Encoder
10,16.03706451373656,10.354133130138354,Encoder
11,16.03706451373656,9.592927936834368,Encoder
0,16.171210234729358,12.107752447048078,Encoder
1,16.171210234729358,11.719276501745533,Encoder
2,16.171210234729358,11.347476121782192,Encoder
3,16.171210234729358,11.009213543803233,Encoder
4,16.171210234729358,10.743938232476266,Encoder
5,16.171210234729358,10.634967409371987,Encoder
6,16.171210234729358,10.763016395023772,Encoder
7,16.171210234729358,11.033033905099055,Encoder
8,16.171210234729358,11.174202050399323,Encoder
9,16.171210234729358,10.93983421440728,Encoder
10,16.171210234729358,10.35978916061448,Encoder
11,16.171210234729358,9.606317103495748,Encoder
0,16.305355955722156,12.09651431805074,Encoder
1,16.305355955722156,11.709215235622073,Encoder
2,16.305355955722156,11.338262874216673,Encoder
3,16.305355955722156,11.000193114222277,Encoder
4,16.305355955722156,10.734430119127937,Encoder
5,16.305355955722156,10.624850503074008,Encoder
6,16.305355955722156,10.752796336535413,Encoder
7,16.305355955722156,11.023847220344209,Encoder
8,16.305355955722156,11.167820285689565,Encoder
9,16.305355955722156,10.938553857361217,Encoder
10,16.305355955722156,10.365471979596746,Encoder
11,16.305355955722156,9.619896024519642,Encoder
0,16.43950167671495,12.085227670243063,Encoder
1,16.43950167671495,11.699166638621895,Encoder
2,16.43950167671495,11.329105160984506,Encoder
3,16.43950167671495,10.991234537150328,Encoder
4,16.43950167671495,10.724947313053715,Encoder
5,16.43950167671495,10.614696306009224,Encoder
6,16.43950167671495,10.742469991852829,Encoder
7,16.43950167671495,11.014502828468062,Encoder
8,16.43950167671495,11.161275255786013,Encoder
9,16.43950167671495,10.93717493097944,Encoder
10,16.43950167671495,10.371180015907253,Encoder
11,16.43950167671495,9.633653570585905,Encoder
0,16.57364739770775,12.073895526613118,Encoder
1,16.57364739770775,11.689129921389108,Encoder
2,16.57364739770775,11.319999521992038,Encoder
3,16.57364739770775,10.982333958836726,Encoder
4,16.57364739770775,10.715488237471575,Encoder
5,16.57364739770775,10.604507141596997,Encoder
6,16.57364739770775,10.732043983189044,Encoder
7,16.57364739770775,11.005010555489516,Encoder
8,16.57364739770775,11.15457713300597,Encoder
9,16.57364739770775,10.93570357667235,Encoder
10,16.57364739770775,10.3769116983681,Encoder
11,16.57364739770775,9.647578612374396,Encoder
0,16.707793118700547,12.062520910148985,Encoder
1,16.707793118700547,11.679104294567827,Encoder
2,16.707793118700547,11.310942497145623,Encoder
3,16.707793118700547,10.973487525530814,Encoder
4,16.707793118700547,10.706051315599499,Encoder
5,16.707793118700547,10.594285333256694,Encoder
6,16.707793118700547,10.721524932757085,Encoder
7,16.707793118700547,10.995380227427463,Encoder
8,16.707793118700547,11.147736089666749,Encoder
9,16.707793118700547,10.934145935850351,Encoder
10,16.707793118700547,10.382665455801384,Encoder
11,16.707793118700547,9.661660020564966,Encoder
0,16.84193883969334,12.05110684383874,Encoder
1,16.84193883969334,11.66908896880216,Encoder
2,16.84193883969334,11.301930626351611,Encoder
3,16.84193883969334,10.964691383481938,Encoder
4,16.84193883969334,10.69663497065546,Encoder
5,16.84193883969334,10.584033204407676,Encoder
6,16.84193883969334,10.710919462769978,Encoder
7,16.84193883969334,10.985621670300805,Encoder
8,16.84193883969334,11.140762298085653,Encoder
9,16.84193883969334,10.932508149923848,Encoder
10,16.84193883969334,10.388439717029206,Encoder
11,16.84193883969334,9.675886665837478,Encoder
0,16.97608456068614,12.03965635067046,Encoder
1,16.97608456068614,11.659083154736225,Encoder
2,16.97608456068614,11.292960449516348,Encoder
3,16.97608456068614,10.955941678939437,Encoder
4,16.97608456068614,10.68723762585744,Encoder
5,16.97608456068614,10.573753078469306,Encoder
6,16.97608456068614,10.700234195440748,Encoder
7,16.97608456068614,10.975744710128435,Encoder
8,16.97608456068614,11.13366593057999,Encoder
9,16.97608456068614,10.93079636030324,Encoder
10,16.97608456068614,10.394232910873665,Encoder
11,16.97608456068614,9.690247418871785,Encoder
0,17.110230281678938,12.028172453632223,Encoder
1,17.110230281678938,11.649086063014128,Encoder
2,17.110230281678938,11.28402850654619,Encoder
3,17.110230281678938,10.947234558152656,Encoder
4,17.110230281678938,10.677857704423415,Encoder
5,17.110230281678938,10.563447278860947,Encoder
6,17.110230281678938,10.689475752982425,Encoder
7,17.110230281678938,10.965759172929253,Encoder
8,17.110230281678938,11.12645715946707,Encoder
9,17.110230281678938,10.929016708398937,Encoder
10,17.110230281678938,10.400043466156857,Encoder
11,17.110230281678938,9.704731150347744,Encoder
0,9.195632743103909,9.094780468934347,Decoder
1,9.195632743103909,9.457168487792815,Decoder
2,9.195632743103909,9.731813057180247,Decoder
3,9.195632743103909,9.831514281021493,Decoder
4,9.195632743103909,9.734842224144481,Decoder
5,9.195632743103909,9.548101999412014,Decoder
6,9.195632743103909,9.38830042454517,Decoder
7,9.195632743103909,9.281036870155672,Decoder
8,9.195632743103909,9.160503259745882,Decoder
9,9.195632743103909,8.964393398691888,Decoder
10,9.195632743103909,8.695471014428058,Decoder
11,9.195632743103909,8.39000392191663,Decoder
0,9.329778464096705,9.095023786097526,Decoder
1,9.329778464096705,9.455024790167936,Decoder
2,9.329778464096705,9.728100256928467,Decoder
3,9.329778464096705,9.827864320807505,Decoder
4,9.329778464096705,9.733231396563314,Decoder
5,9.329778464096705,9.549938757446068,Decoder
6,9.329778464096705,9.394351782154542,Decoder
7,9.329778464096705,9.292146125243654,Decoder
8,9.329778464096705,9.17830771712446,Decoder
9,9.329778464096705,8.991229315813047,Decoder
10,9.329778464096705,8.733274675104859,Decoder
11,9.329778464096705,8.439745806196624,Decoder
0,9.463924185089503,9.096083687531568,Decoder
1,9.463924185089503,9.45345697028875,Decoder
2,9.463924185089503,9.724653672089874,Decoder
3,9.463924185089503,9.824033629300441,Decoder
4,9.463924185089503,9.730863174194992,Decoder
5,9.463924185089503,9.550466709615192,Decoder
6,9.463924185089503,9.398732982518396,Decoder
7,9.463924185089503,9.301415497832615,Decoder
8,9.463924185089503,9.19413251845651,Decoder
9,9.463924185089503,9.015823478143432,Decoder
10,9.463924185089503,8.768443447275503,Decoder
11,9.463924185089503,8.486393845307536,Decoder
0,9.5980699060823,9.098004650772728,Decoder
1,9.5980699060823,9.452496394940324,Decoder
2,9.5980699060823,9.721487802828273,Decoder
3,9.5980699060823,9.820012362467143,Decoder
4,9.5980699060823,9.727696303423317,Decoder
5,9.5980699060823,9.549614568163319,Decoder
6,9.5980699060823,9.401353055871464,Decoder
7,9.5980699060823,9.308744773598722,Decoder
8,9.5980699060823,9.20786983626271,Decoder
9,9.5980699060823,9.03805378226575,Decoder
10,9.5980699060823,8.800833814400132,Decoder
11,9.5980699060823,8.529779524356801,Decoder
0,9.732215627075098,9.10083115335726,Decoder
1,9.732215627075098,9.452174430907725,Decoder
2,9.732215627075098,9.718617149307477,Decoder
3,9.732215627075098,9.81579067627445,Decoder
4,9.732215627075098,9.723689530632088,Decoder
5,9.732215627075098,9.547311045334386,Decoder
6,9.732215627075098,9.402121032448488,Decoder
7,9.732215627075098,9.314033738218148,Decoder
8,9.732215627075098,9.219411843063735,Decoder
9,9.732215627075098,9.057798124762709,Decoder
10,9.732215627075098,8.830302259938884,Decoder
11,9.732215627075098,8.56973432845186,Decoder
0,9.866361348067894,9.10460767282142,Decoder
1,9.866361348067894,9.452522444976015,Decoder
2,9.866361348067894,9.716056211691292,Decoder
3,9.866361348067894,9.811358726689202,Decoder
4,9.866361348067894,9.718801602205106,Decoder
5,9.866361348067894,9.543484853372325,Decoder
6,9.866361348067894,9.4009459424842,Decoder
7,9.866361348067894,9.317182177367064,Decoder
8,9.866361348067894,9.228650711380268,Decoder
9,9.866361348067894,9.074934402217014,Decoder
10,9.866361348067894,8.856705267351897,Decoder
11,9.866361348067894,8.606089742700144,Decoder
0,10.000507069060692,9.109378686701461,Decoder
1,10.000507069060692,9.453571803930265,Decoder
2,10.000507069060692,9.71381949014353,Decoder
3,10.000507069060692,9.806706669678238,Decoder
4,10.000507069060692,9.712991264526172,Decoder
5,10.000507069060692,9.538064704521076,Decoder
6,10.000507069060692,9.397736816213337,Decoder
7,10.000507069060692,9.31808987672164,Decoder
8,10.000507069060692,9.235478613732987,Decoder
9,10.000507069060692,9.089340511211374,Decoder
10,10.000507069060692,8.879899320099312,Decoder
11,10.000507069060692,8.638677252209094,Decoder
0,10.134652790053488,9.11518867253364,Decoder
1,10.134652790053488,9.455353874555536,Decoder
2,10.134652790053488,9.711921484827997,Decoder
3,10.134652790053488,9.801824661208402,Decoder
4,10.134652790053488,9.706217263979086,Decoder
5,10.134652790053488,9.530979311024574,Decoder
6,10.134652790053488,9.392402683870637,Decoder
7,10.134652790053488,9.316656621958048,Decoder
8,10.134652790053488,9.239787722642566,Decoder
9,10.134652790053488,9.100894348328495,Decoder
10,10.134652790053488,8.899740901641268,Decoder
11,10.134652790053488,8.667328342086144,Decoder
0,10.268798511046285,9.122082107854206,Decoder
1,10.268798511046285,9.457900023636897,Decoder
2,10.268798511046285,9.710376695908504,Decoder
3,10.268798511046285,9.796702857246531,Decoder
4,10.268798511046285,9.69843834694765,Decoder
5,10.268798511046285,9.52215738512675,Decoder
6,10.268798511046285,9.384852575690836,Decoder
7,10.268798511046285,9.312782198752455,Decoder
8,10.268798511046285,9.241470210629688,Decoder
9,10.268798511046285,9.109473810151082,Decoder
10,10.268798511046285,8.916086495437904,Decoder
11,10.268798511046285,8.69187449743873,Decoder
0,10.402944232039083,9.130103470199419,Decoder
1,10.402944232039083,9.461241617959413,Decoder
2,10.402944232039083,9.709199623548859,Decoder
3,10.402944232039083,9.791331413759467,Decoder
4,10.402944232039083,9.689613259815665,Decoder
5,10.402944232039083,9.511527639071542,Decoder
6,10.402944232039083,9.374995521908671,Decoder
7,10.402944232039083,9.306366392781035,Decoder
8,10.402944232039083,9.24041825021503,Decoder
9,10.402944232039083,9.114956793261845,Decoder
10,10.402944232039083,8.928792584949358,Decoder
11,10.402944232039083,8.712147203374291,Decoder
0,10.53708995303188,9.13929723710553,Decoder
1,10.53708995303188,9.465410024308149,Decoder
2,10.53708995303188,9.708404767912873,Decoder
3,10.53708995303188,9.78570048671405,Decoder
4,10.53708995303188,9.67970074896693,Decoder
5,10.53708995303188,9.499018785102885,Decoder
6,10.53708995303188,9.36274055275888,Decoder
7,10.53708995303188,9.297308989719959,Decoder
8,10.53708995303188,9.236524013919269,Decoder
9,10.53708995303188,9.117221194243488,Decoder
10,10.53708995303188,8.937715653635772,Decoder
11,10.53708995303188,8.727977945000264,Decoder
0,10.671235674024677,9.149707886108796,Decoder
1,10.671235674024677,9.47043660946817,Decoder
2,10.671235674024677,9.708006629164352,Decoder
3,10.671235674024677,9.77980023207712,Decoder
4,10.671235674024677,9.668659560785246,Decoder
5,10.671235674024677,9.484559535464715,Decoder
6,10.671235674024677,9.347996698476194,Decoder
7,10.671235674024677,9.285509775245394,Decoder
8,10.671235674024677,9.229679674263084,Decoder
9,10.671235674024677,9.11614490967872,Decoder
10,10.671235674024677,8.942712184957282,Decoder
11,10.671235674024677,8.739198207424083,Decoder
0,10.805381395017474,9.16137989474547,Decoder
1,10.805381395017474,9.476352740224543,Decoder
2,10.805381395017474,9.708019707467107,Decoder
3,10.805381395017474,9.773620805815519,Decoder
4,10.805381395017474,9.656448441654414,Decoder
5,10.805381395017474,9.468078602400968,Decoder
6,10.805381395017474,9.330672989295357,Decoder
7,10.805381395017474,9.270868535033514,Decoder
8,10.805381395017474,9.219777403767155,Decoder
9,10.805381395017474,9.111605836150247,Decoder
10,10.805381395017474,8.94363866237403,Decoder
11,10.805381395017474,8.745639475753185,Decoder
0,10.939527116010272,9.17435472588725,Decoder
1,10.939527116010272,9.483187311703983,Decoder
2,10.939527116010272,9.708456788746474,Decoder
3,10.939527116010272,9.767151834073724,Decoder
4,10.939527116010272,9.643027210566565,Decoder
5,10.939527116010272,9.449507351916836,Decoder
6,10.939527116010272,9.310682196715502,Decoder
7,10.939527116010272,9.253289293792605,Decoder
8,10.939527116010272,9.206713802217244,Decoder
9,10.939527116010272,9.103486450349212,Decoder
10,10.939527116010272,8.940356345952438,Decoder
11,10.939527116010272,8.747138230441497,Decoder
0,11.073672837003068,9.188563452820999,Decoder
1,11.073672837003068,9.490878712997102,Decoder
2,11.073672837003068,9.70926788774057,Decoder
3,11.073672837003068,9.760363542207466,Decoder
4,11.073672837003068,9.628394962786892,Decoder
5,11.073672837003068,9.428874324213098,Decoder
6,11.073672837003068,9.288074088115856,Decoder
7,11.073672837003068,9.232831299137546,Decoder
8,11.073672837003068,9.19054758493316,Decoder
9,11.073672837003068,9.09183694124754,Decoder
10,11.073672837003068,8.932901403306515,Decoder
11,11.073672837003068,8.743713869217615,Decoder
0,11.207818557995864,9.203797566237796,Decoder
1,11.207818557995864,9.499250892439331,Decoder
2,11.207818557995864,9.710323647883904,Decoder
3,11.207818557995864,9.753201624159848,Decoder
4,11.207818557995864,9.6126004566367,Decoder
5,11.207818557995864,9.406330931829302,Decoder
6,11.207818557995864,9.2630716559184,Decoder
7,11.207818557995864,9.209750070969797,Decoder
8,11.207818557995864,9.171542454934347,Decoder
9,11.207818557995864,9.076919562347808,Decoder
10,11.207818557995864,8.921531164667664,Decoder
11,11.207818557995864,8.735617080362161,Decoder
0,11.341964278988662,9.219839602609074,Decoder
1,11.341964278988662,9.50812045699483,Decoder
2,11.341964278988662,9.711489620944064,Decoder
3,11.341964278988662,9.745610200184538,Decoder
4,11.341964278988662,9.595695636320972,Decoder
5,11.341964278988662,9.382036469562118,Decoder
6,11.341964278988662,9.235909004926809,Decoder
7,11.341964278988662,9.184313720052543,Decoder
8,11.341964278988662,9.149975265195488,Decoder
9,11.341964278988662,9.059010171086348,Decoder
10,11.341964278988662,8.90651714784305,Decoder
11,11.341964278988662,8.723113389438238,Decoder
0,11.47610999998146,9.236472098406272,Decoder
1,11.47610999998146,9.517304013627756,Decoder
2,11.47610999998146,9.712631358688641,Decoder
3,11.47610999998146,9.737533390535203,Decoder
4,11.47610999998146,9.577732446044685,Decoder
5,11.47610999998146,9.35615023220821,Decoder
6,11.47610999998146,9.206820239944747,Decoder
7,11.47610999998146,9.156790357148974,Decoder
8,11.47610999998146,9.12612286869127,Decoder
9,11.47610999998146,9.038384624899487,Decoder
10,11.47610999998146,8.888130870639845,Decoder
11,11.47610999998146,8.706468322008957,Decoder
0,11.610255720974257,9.253477590100823,Decoder
1,11.610255720974257,9.526618169302273,Decoder
2,11.610255720974257,9.713614412885223,Decoder
3,11.610255720974257,9.728915315465509,Decoder
4,11.610255720974257,9.558762830012817,Decoder
5,11.610255720974257,9.328831514564246,Decoder
6,11.610255720974257,9.176039465775892,Decoder
7,11.610255720974257,9.12744809302228,Decoder
8,11.610255720974257,9.10026211839638,Decoder
9,11.610255720974257,9.015318781223561,Decoder
10,11.610255720974257,8.866643850865211,Decoder
11,11.610255720974257,8.685947403637423,Decoder
0,11.744401441967053,9.270638614164161,Decoder
1,11.744401441967053,9.53587953098254,Decoder
2,11.744401441967053,9.714304335301398,Decoder
3,11.744401441967053,9.719700095229124,Decoder
4,11.744401441967053,9.538838732430353,Decoder
5,11.744401441967053,9.300239611426896,Decoder
6,11.744401441967053,9.143800787223908,Decoder
7,11.744401441967053,9.096555038435651,Decoder
8,11.744401441967053,9.072669867285498,Decoder
9,11.744401441967053,8.990088497494899,Decoder
10,11.744401441967053,8.842327606326318,Decoder
11,11.744401441967053,8.661816159886746,Decoder
0,11.878547162959851,9.287737707067723,Decoder
1,11.878547162959851,9.544904705632716,Decoder
2,11.878547162959851,9.714566677704752,Decoder
3,11.878547162959851,9.709831850079713,Decoder
4,11.878547162959851,9.518012097502265,Decoder
5,11.878547162959851,9.270533817592822,Decoder
6,11.878547162959851,9.110338309092468,Decoder
7,11.878547162959851,9.064379304152274,Decoder
8,11.878547162959851,9.043622968333311,Decoder
9,11.878547162959851,8.962969631149829,Decoder
10,11.878547162959851,8.815453654830332,Decoder
11,11.878547162959851,8.63434011632003,Decoder
0,12.012692883952647,9.304557405282944,Decoder
1,12.012692883952647,9.553510300216963,Decoder
2,12.012692883952647,9.714266991862878,Decoder
3,12.012692883952647,9.699254700270945,Decoder
4,12.012692883952647,9.496334869433538,Decoder
5,12.012692883952647,9.239873427858697,Decoder
6,12.012692883952647,9.07588613618524,Decoder
7,12.012692883952647,9.031189000935337,Decoder
8,12.012692883952647,9.013398274514506,Decoder
9,12.012692883952647,8.934238039624685,Decoder
10,12.012692883952647,8.786293514184418,Decoder
11,12.012692883952647,8.603784798500385,Decoder
0,12.146838604945444,9.320880245281257,Decoder
1,12.146838604945444,9.561512921699443,Decoder
2,12.146838604945444,9.713270829543362,Decoder
3,12.146838604945444,9.687912766056487,Decoder
4,12.146838604945444,9.473858992429147,Decoder
5,12.146838604945444,9.208417737021184,Decoder
6,12.146838604945444,9.040678373305896,Decoder
7,12.146838604945444,8.997252239548029,Decoder
8,12.146838604945444,8.982272638803765,Decoder
9,12.146838604945444,8.904169580355795,Decoder
10,12.146838604945444,8.755118702195748,Decoder
11,12.146838604945444,8.570415731990918,Decoder
0,12.280984325938242,9.336488763534097,Decoder
1,12.280984325938242,9.568729177044315,Decoder
2,12.280984325938242,9.711443742513792,Decoder
3,12.280984325938242,9.675750167690003,Decoder
4,12.280984325938242,9.450636410694075,Decoder
5,12.280984325938242,9.176326039876951,Decoder
6,12.280984325938242,9.004949125258106,Decoder
7,12.280984325938242,8.962837130753538,Decoder
8,12.280984325938242,8.950522914175775,Decoder
9,12.280984325938242,8.873040110779492,Decoder
10,12.280984325938242,8.722200736671484,Decoder
11,12.280984325938242,8.534498442354735,Decoder
0,12.41513004693104,9.351165496512904,Decoder
1,12.41513004693104,9.574975673215738,Decoder
2,12.41513004693104,9.708651282541757,Decoder
3,12.41513004693104,9.662711025425162,Decoder
4,12.41513004693104,9.426719068433298,Decoder
5,12.41513004693104,9.143757631222666,Decoder
6,12.41513004693104,8.968932496845538,Decoder
7,12.41513004693104,8.928211785315057,Decoder
8,12.41513004693104,8.918425953605217,Decoder
9,12.41513004693104,8.841125488332105,Decoder
10,12.41513004693104,8.687811135418794,Decoder
11,12.41513004693104,8.496298455154946,Decoder
0,12.549275767923836,9.364692980689105,Decoder
1,12.549275767923836,9.580069017177873,Decoder
2,12.549275767923836,9.704759001394846,Decoder
3,12.549275767923836,9.648739459515632,Decoder
4,12.549275767923836,9.4021589098518,Decoder
5,12.549275767923836,9.110871805854995,Decoder
6,12.549275767923836,8.932862592871865,Decoder
7,12.549275767923836,8.89364431399577,Decoder
8,12.549275767923836,8.88625861006678,Decoder
9,12.549275767923836,8.808701570449966,Decoder
10,12.549275767923836,8.65222141624485,Decoder
11,12.549275767923836,8.456081295954656,Decoder
0,12.683421488916633,9.376896133878082,Decoder
1,12.683421488916633,9.583862499593451,Decoder
2,12.683421488916633,9.699660809143607,Decoder
3,12.683421488916633,9.633794391897153,Decoder
4,12.683421488916633,9.377004226814297,Decoder
5,12.683421488916633,9.077806893301759,Decoder
6,12.683421488916633,8.896942882418777,Decoder
7,12.683421488916633,8.859372236733336,Decoder
8,12.683421488916633,8.854274550322161,Decoder
9,12.683421488916633,8.776033316942256,Decoder
10,12.683421488916633,8.615707526594253,Decoder
11,12.683421488916633,8.414133765217004,Decoder
0,12.81756720990943,9.387807106224557,Decoder
1,12.81756720990943,9.586388783641425,Decoder
2,12.81756720990943,9.693389279634497,Decoder
3,12.81756720990943,9.61790712038525,Decoder
4,12.81756720990943,9.351285452313904,Decoder
5,12.81756720990943,9.044598709081196,Decoder
6,12.81756720990943,8.861227034881681,Decoder
7,12.81756720990943,8.825483493309555,Decoder
8,12.81756720990943,8.822614067358655,Decoder
9,12.81756720990943,8.743332401420764,Decoder
10,12.81756720990943,8.578567073538233,Decoder
11,12.81756720990943,8.370846691420294,Decoder
0,12.951712930902227,9.397521289837117,Decoder
1,12.951712930902227,9.587735272367956,Decoder
2,12.951712930902227,9.68601930332322,Decoder
3,12.951712930902227,9.601131030047906,Decoder
4,12.951712930902227,9.325027569276582,Decoder
5,12.951712930902227,9.01125178407893,Decoder
6,12.951712930902227,8.825723004653998,Decoder
7,12.951712930902227,8.792020375499282,Decoder
8,12.951712930902227,8.791382855410726,Decoder
9,12.951712930902227,8.71079423592372,Decoder
10,12.951712930902227,8.541104274107607,Decoder
11,12.951712930902227,8.326642649710909,Decoder
0,13.085858651895025,9.406134092349554,Decoder
1,13.085858651895025,9.587989382257234,Decoder
2,13.085858651895025,9.677625781053742,Decoder
3,13.085858651895025,9.583519511375274,Decoder
4,13.085858651895025,9.298255559290359,Decoder
5,13.085858651895025,8.977770641500557,Decoder
6,13.085858651895025,8.790438734906624,Decoder
7,13.085858651895025,8.759025163871286,Decoder
8,13.085858651895025,8.760686600219223,Decoder
9,13.085858651895025,8.67861422849731,Decoder
10,13.085858651895025,8.503623346955864,Decoder
11,13.085858651895025,8.281944223028688,Decoder
0,13.220004372887821,9.413740921395648,Decoder
1,13.220004372887821,9.587238529793446,Decoder
2,13.220004372887821,9.668283613670022,Decoder
3,13.220004372887821,9.565125954857507,Decoder
4,13.220004372887821,9.270994403943261,Decoder
5,13.220004372887821,8.944159804551672,Decoder
6,13.220004372887821,8.755382168810462,Decoder
7,13.220004372887821,8.726540138994338,Decoder
8,13.220004372887821,8.730630987525002,Decoder
9,13.220004372887821,8.646987787187724,Decoder
10,13.220004372887821,8.466428510736499,Decoder
11,13.220004372887821,8.237173994313473,Decoder
0,13.35415009388062,9.420437184609193,Decoder
1,13.35415009388062,9.585570131460782,Decoder
2,13.35415009388062,9.658067702016028,Decoder
3,13.35415009388062,9.546003750984761,Decoder
4,13.35415009388062,9.243269084823316,Decoder
5,13.35415009388062,8.91042379643787,Decoder
6,13.35415009388062,8.720561249536402,Decoder
7,13.35415009388062,8.69460758143721,Decoder
8,13.35415009388062,8.70132170306891,Decoder
9,13.35415009388062,8.61611032004115,Decoder
10,13.35415009388062,8.429823984102997,Decoder
11,13.35415009388062,8.1927545465051,Decoder
0,13.488295814873416,9.426318289623973,Decoder
1,13.488295814873416,9.58307160374343,Decoder
2,13.488295814873416,9.647052946935723,Decoder
3,13.488295814873416,9.526206290247188,Decoder
4,13.488295814873416,9.215104583518551,Decoder
5,13.488295814873416,8.876567140364745,Decoder
6,13.488295814873416,8.685983920255346,Decoder
7,13.488295814873416,8.663269771768675,Decoder
8,13.488295814873416,8.672864432591801,Decoder
9,13.488295814873416,8.586177235103778,Decoder
10,13.488295814873416,8.394113985708856,Decoder
11,13.488295814873416,8.14910846254341,Decoder
0,13.622441535866212,9.431479644073777,Decoder
1,13.622441535866212,9.579830363125582,Decoder
2,13.622441535866212,9.635314249273069,Decoder
3,13.622441535866212,9.505786963134945,Decoder
4,13.622441535866212,9.186525881616994,Decoder
5,13.622441535866212,8.842594359537895,Decoder
6,13.622441535866212,8.65165812413819,Decoder
7,13.622441535866212,8.632568990557505,Decoder
8,13.622441535866212,8.645364861834526,Decoder
9,13.622441535866212,8.557383940421795,Decoder
10,13.622441535866212,8.35960273420756,Decoder
11,13.622441535866212,8.106658325368242,Decoder
0,13.75658725685901,9.436016655592391,Decoder
1,13.75658725685901,9.575933826091426,Decoder
2,13.75658725685901,9.622926509872029,Decoder
3,13.75658725685901,9.484799160138184,Decoder
4,13.75658725685901,9.15755796070667,Decoder
5,13.75658725685901,8.80850997716291,Decoder
6,13.75658725685901,8.617591804355833,Decoder
7,13.75658725685901,8.602547518372468,Decoder
8,13.75658725685901,8.618928676537935,Decoder
9,13.75658725685901,8.52992584404139,Decoder
10,13.75658725685901,8.326594448252601,Decoder
11,13.75658725685901,8.065826717919434,Decoder
0,13.890732977851808,9.440024731813605,Decoder
1,13.890732977851808,9.57146940912515,Decoder
2,13.890732977851808,9.609964629576567,Decoder
3,13.890732977851808,9.463296271747058,Decoder
4,13.890732977851808,9.12822580237561,Decoder
5,13.890732977851808,8.774318516445389,Decoder
6,13.890732977851808,8.583792904079171,Decoder
7,13.890732977851808,8.573247635782337,Decoder
8,13.890732977851808,8.59366156244288,Decoder
9,13.890732977851808,8.503998354008756,Decoder
10,13.890732977851808,8.295393346497473,Decoder
11,13.890732977851808,8.027036223136825,Decoder
0,14.024878698844605,9.443599280371203,Decoder
1,14.024878698844605,9.566524528710943,Decoder
2,14.024878698844605,9.596503509230645,Decoder
3,14.024878698844605,9.441331688451724,Decoder
4,14.024878698844605,9.098554388211838,Decoder
5,14.024878698844605,8.740024500590927,Decoder
6,14.024878698844605,8.550269366479101,Decoder
7,14.024878698844605,8.544711623355886,Decoder
8,14.024878698844605,8.569669205290214,Decoder
9,14.024878698844605,8.479796878370077,Decoder
10,14.024878698844605,8.266303647595665,Decoder
11,14.024878698844605,7.990709423960258,Decoder
0,14.159024419837401,9.446835708898973,Decoder
1,14.159024419837401,9.561186601332995,Decoder
2,14.159024419837401,9.58261804967823,Decoder
3,14.159024419837401,9.418958800742335,Decoder
4,14.159024419837401,9.068568699803384,Decoder
5,14.159024419837401,8.705632452805117,Decoder
6,14.159024419837401,8.517029134726524,Decoder
7,14.159024419837401,8.516981761661885,Decoder
8,14.159024419837401,8.547057290820788,Decoder
9,14.159024419837401,8.457516825171545,Decoder
10,14.159024419837401,8.239629570200666,Decoder
11,14.159024419837401,7.9572689033295685,Decoder
0,14.293170140830199,9.449829424829465,Decoder
1,14.293170140830199,9.555543043297062,Decoder
2,14.293170140830199,9.568383151616654,Decoder
3,14.293170140830199,9.396230999012092,Decoder
4,14.293170140830199,9.038293718701716,Decoder
5,14.293170140830199,8.671146896289878,Decoder
6,14.293170140830199,8.484080151953313,Decoder
7,14.293170140830199,8.490100331111584,Decoder
8,14.293170140830199,8.525931504427078,Decoder
9,14.293170140830199,8.43735360186032,Decoder
10,14.293170140830199,8.215675332074536,Decoder
11,14.293170140830199,7.927137242979872,Decoder
0,14.427315861822995,9.452659637709603,Decoder
1,14.427315861822995,9.549666908724056,Decoder
2,14.427315861822995,9.553861913676613,Decoder
3,14.427315861822995,9.373193869888928,Decoder
4,14.427315861822995,9.007751484092033,Decoder
5,14.427315861822995,8.636572058150882,Decoder
6,14.427315861822995,8.451427220637363,Decoder
7,14.427315861822995,8.464096933199283,Decoder
8,14.427315861822995,8.506369490560365,Decoder
9,14.427315861822995,8.419454399937823,Decoder
10,14.427315861822995,8.194673399232434,Decoder
11,14.427315861822995,7.9006400557607614,Decoder
0,14.561461582815792,9.455345211185978,Decoder
1,14.561461582815792,9.543577744814568,Decoder
2,14.561461582815792,9.539073465395896,Decoder
3,14.561461582815792,9.349863926746886,Decoder
4,14.561461582815792,8.976953073250897,Decoder
5,14.561461582815792,8.601911062374864,Decoder
6,14.561461582815792,8.419063442618778,Decoder
7,14.561461582815792,8.4389539335839,Decoder
8,14.561461582815792,8.488344425972743,Decoder
9,14.561461582815792,8.403786780383038,Decoder
10,14.561461582815792,8.176588923555508,Decoder
11,14.561461582815792,7.8777416928832285,Decoder
0,14.69560730380859,9.457890958557753,Decoder
1,14.69560730380859,9.537282640742784,Decoder
2,14.69560730380859,9.524026698980059,Decoder
3,14.69560730380859,9.326250913828792,Decoder
4,14.69560730380859,8.945907011191608,Decoder
5,14.69560730380859,8.567166776109165,Decoder
6,14.69560730380859,8.3869791954759485,Decoder
7,14.69560730380859,8.41464269999583,Decoder
8,14.69560730380859,8.471805164182083,Decoder
9,14.69560730380859,8.39027648076633,Decoder
10,14.69560730380859,8.161324818124369,Decoder
11,14.69560730380859,7.858322392942403,Decoder
0,14.829753024801388,9.46030169312409,Decoder
1,14.829753024801388,9.530788685682888,Decoder
2,14.829753024801388,9.508730506634656,Decoder
3,14.829753024801388,9.302364575377469,Decoder
4,14.829753024801388,8.914621822927463,Decoder
5,14.829753024801388,8.532342066501132,Decoder
6,14.829753024801388,8.355164856787264,Decoder
7,14.829753024801388,8.391134600165483,Decoder
8,14.829753024801388,8.456700558706252,Decoder
9,14.829753024801388,8.378849238658061,Decoder
10,14.829753024801388,8.14878399601963,Decoder
11,14.829753024801388,7.842262394533418,Decoder
0,14.963898745794184,9.462582228184157,Decoder
1,14.963898745794184,9.524102968809064,Decoder
2,14.963898745794184,9.493193780565235,Decoder
3,14.963898745794184,9.278214655635741,Decoder
4,14.963898745794184,8.883106033471764,Decoder
5,14.963898745794184,8.497439800698107,Decoder
6,14.963898745794184,8.323610804131114,Decoder
7,14.963898745794184,8.368401001823255,Decoder
8,14.963898745794184,8.442979463063123,Decoder
9,14.963898745794184,8.369430791628597,Decoder
10,14.963898745794184,8.138869370321899,Decoder
11,14.963898745794184,7.829441936251403,Decoder
0,15.09804446678698,9.464737377037114,Decoder
1,15.09804446678698,9.517232579295495,Decoder
2,15.09804446678698,9.477425412977356,Decoder
3,15.09804446678698,9.253810898846433,Decoder
4,15.09804446678698,8.851368167837808,Decoder
5,15.09804446678698,8.462462845847432,Decoder
6,15.09804446678698,8.29230741508589,Decoder
7,15.09804446678698,8.34641327269955,Decoder
8,15.09804446678698,8.430590730770565,Decoder
9,15.09804446678698,8.3619468772483,Decoder
10,15.09804446678698,8.131483854111787,Decoder
11,15.09804446678698,7.81974125669149,Decoder
0,15.232190187779779,9.466771952982127,Decoder
1,15.232190187779779,9.510184606316367,Decoder
2,15.232190187779779,9.461434296076566,Decoder
3,15.232190187779779,9.229163049252369,Decoder
4,15.232190187779779,8.819416751038895,Decoder
5,15.232190187779779,8.42741406909645,Decoder
6,15.232190187779779,8.26124506722998,Decoder
7,15.232190187779779,8.325142780524768,Decoder
8,15.232190187779779,8.419483215346446,Decoder
9,15.232190187779779,8.356323233087538,Decoder
10,15.232190187779779,8.126530360469907,Decoder
11,15.232190187779779,7.813040594448809,Decoder
0,15.366335908772575,9.468690769318359,Decoder
1,15.366335908772575,9.502966139045862,Decoder
2,15.366335908772575,9.445229322068421,Decoder
3,15.366335908772575,9.204280851096373,Decoder
4,15.366335908772575,8.787260308088323,Decoder
5,15.366335908772575,8.392296337592509,Decoder
6,15.366335908772575,8.230414138141777,Decoder
7,15.366335908772575,8.304560893029313,Decoder
8,15.366335908772575,8.409605770308637,Decoder
9,15.366335908772575,8.352485596716674,Decoder
10,15.366335908772575,8.12391180247687,Decoder
11,15.366335908772575,7.809220188118493,Decoder
0,15.500481629765371,9.470498639344974,Decoder
1,15.500481629765371,9.495584266658165,Decoder
2,15.500481629765371,9.428819383158475,Decoder
3,15.500481629765371,9.179174048621269,Decoder
4,15.500481629765371,8.754907363999392,Decoder
5,15.500481629765371,8.357112518482946,Decoder
6,15.500481629765371,8.199805005399668,Decoder
7,15.500481629765371,8.284638977943583,Decoder
8,15.500481629765371,8.400907249175008,Decoder
9,15.500481629765371,8.35035970570607,Decoder
10,15.500481629765371,8.123531093213286,Decoder
11,15.500481629765371,7.808160276295671,Decoder
0,15.63462735075817,9.472200376361135,Decoder
1,15.63462735075817,9.488046078327459,Decoder
2,15.63462735075817,9.412213371552278,Decoder
3,15.63462735075817,9.153852386069882,Decoder
4,15.63462735075817,8.7223664437854,Decoder
5,15.63462735075817,8.321865478915107,Decoder
6,15.63462735075817,8.169408046582044,Decoder
7,15.63462735075817,8.265348402997983,Decoder
8,15.63462735075817,8.393336505463429,Decoder
9,15.63462735075817,8.349871297626095,Decoder
10,15.63462735075817,8.125291145759764,Decoder
11,15.63462735075817,7.8097410975754755,Decoder
0,15.768773071750967,9.473800793666008,Decoder
1,15.768773071750967,9.48035866322793,Decoder
2,15.768773071750967,9.395420179455385,Decoder
3,15.768773071750967,9.128325607685035,Decoder
4,15.768773071750967,8.689646072459647,Decoder
5,15.768773071750967,8.286558086036338,Decoder
6,15.768773071750967,8.139213639267297,Decoder
7,15.768773071750967,8.246660535922912,Decoder
8,15.768773071750967,8.386842392691769,Decoder
9,15.768773071750967,8.350946110047106,Decoder
10,15.768773071750967,8.129094873196916,Decoder
11,15.768773071750967,7.813842890553037,Decoder
0,15.902918792743764,9.475304704558754,Decoder
1,15.902918792743764,9.47252911053376,Decoder
2,15.902918792743764,9.378448699073349,Decoder
3,15.902918792743764,9.102603457709554,Decoder
4,15.902918792743764,8.656754775035433,Decoder
5,15.902918792743764,8.251193206993978,Decoder
6,15.902918792743764,8.109212161033813,Decoder
7,15.902918792743764,8.228546744448773,Decoder
8,15.902918792743764,8.381373764377898,Decoder
9,15.902918792743764,8.353509880539475,Decoder
10,15.902918792743764,8.134845188605356,Decoder
11,15.902918792743764,7.820345893823487,Decoder
0,16.03706451373656,9.47671692233854,Decoder
1,16.03706451373656,9.464564509419134,Decoder
2,16.03706451373656,9.361307822611723,Decoder
3,16.03706451373656,9.076695680386262,Decoder
4,16.03706451373656,8.623701076526054,Decoder
5,16.03706451373656,8.215773708935373,Decoder
6,16.03706451373656,8.079393989459987,Decoder
7,16.03706451373656,8.210978396305967,Decoder
8,16.03706451373656,8.376879474039686,Decoder
9,16.03706451373656,8.357488346673561,Decoder
10,16.03706451373656,8.142445005065689,Decoder
11,16.03706451373656,7.829130345981956,Decoder
0,16.171210234729358,9.478042260304527,Decoder
1,16.171210234729358,9.456471949058237,Decoder
2,16.171210234729358,9.34400644227606,Decoder
3,16.171210234729358,9.050612019957983,Decoder
4,16.171210234729358,8.590493501944811,Decoder
5,16.171210234729358,8.180302459007866,Decoder
6,16.171210234729358,8.049749502124204,Decoder
7,16.171210234729358,8.193926859224895,Decoder
8,16.171210234729358,8.373308375195004,Decoder
9,16.171210234729358,8.36280724601973,Decoder
10,16.171210234729358,8.151797235658531,Decoder
11,16.171210234729358,7.840076485623576,Decoder
0,16.305355955722156,9.479285531755881,Decoder
1,16.305355955722156,9.448258518625252,Decoder
2,16.305355955722156,9.326553450271911,Decoder
3,16.305355955722156,9.024362220667541,Decoder
4,16.305355955722156,8.557140576305002,Decoder
5,16.305355955722156,8.144782324358797,Decoder
6,16.305355955722156,8.020269076604858,Decoder
7,16.305355955722156,8.177363500935959,Decoder
8,16.305355955722156,8.37060932136172,Decoder
9,16.305355955722156,8.369392316148344,Decoder
10,16.305355955722156,8.162804793464492,Decoder
11,16.305355955722156,7.853064551343477,Decoder
0,16.43950167671495,9.480451549991765,Decoder
1,16.43950167671495,9.439931307294362,Decoder
2,16.43950167671495,9.308957738804834,Decoder
3,16.43950167671495,8.997956026757763,Decoder
4,16.43950167671495,8.52365082461993,Decoder
5,16.43950167671495,8.109216172135515,Decoder
6,16.43950167671495,7.990943090480338,Decoder
7,16.43950167671495,8.161259689169563,Decoder
8,16.43950167671495,8.368731166057705,Decoder
9,16.43950167671495,8.377169294629772,Decoder
10,16.43950167671495,8.17537059156418,Decoder
11,16.43950167671495,7.867974781736792,Decoder
0,16.57364739770775,9.481545128311343,Decoder
1,16.57364739770775,9.431497404239753,Decoder
2,16.57364739770775,9.291228200080376,Decoder
3,16.57364739770775,8.97140318247147,Decoder
4,16.57364739770775,8.490032771902888,Decoder
5,16.57364739770775,8.073606869485358,Decoder
6,16.57364739770775,7.961761921329032,Decoder
7,16.57364739770775,8.145586791656106,Decoder
8,16.57364739770775,8.367622762800828,Decoder
9,16.57364739770775,8.386063919034376,Decoder
10,16.57364739770775,8.189397543038208,Decoder
11,16.57364739770775,7.88468741539865,Decoder
0,16.707793118700547,9.482571080013777,Decoder
1,16.707793118700547,9.422963898635608,Decoder
2,16.707793118700547,9.273373726304094,Decoder
3,16.707793118700547,8.944713432051486,Decoder
4,16.707793118700547,8.456294943167178,Decoder
5,16.707793118700547,8.037957283555674,Decoder
6,16.707793118700547,7.9327159467293304,Decoder
7,16.707793118700547,8.130316176125987,Decoder
8,16.707793118700547,8.367232965108958,Decoder
9,16.707793118700547,8.396001926932518,Decoder
10,16.707793118700547,8.204788560967186,Decoder
11,16.707793118700547,7.903082690924184,Decoder
0,16.84193883969334,9.483534218398235,Decoder
1,16.84193883969334,9.414337879656111,Decoder
2,16.84193883969334,9.255403209681539,Decoder
3,16.84193883969334,8.917896519740637,Decoder
4,16.84193883969334,8.422445863426098,Decoder
5,16.84193883969334,8.002270281493802,Decoder
6,16.84193883969334,7.903795544259626,Decoder
7,16.84193883969334,8.115419210309614,Decoder
8,16.84193883969334,8.367510626499966,Decoder
9,16.84193883969334,8.406909055894564,Decoder
10,16.84193883969334,8.221446558431726,Decoder
11,16.84193883969334,7.923040846908523,Decoder
0,16.97608456068614,9.484439356763877,Decoder
1,16.97608456068614,9.405626436475446,Decoder
2,16.97608456068614,9.237325542418265,Decoder
3,16.97608456068614,8.890962189781748,Decoder
4,16.97608456068614,8.388494057692949,Decoder
5,16.97608456068614,7.966548730447087,Decoder
6,16.97608456068614,7.874991091498307,Decoder
7,16.97608456068614,8.100867261937385,Decoder
8,16.97608456068614,8.368404600491724,Decoder
9,16.97608456068614,8.41871104349088,Decoder
10,16.97608456068614,8.23927444851244,Decoder
11,16.97608456068614,7.9444421219468,Decoder
0,17.110230281678938,9.485291308409868,Decoder
1,17.110230281678938,9.396836658267798,Decoder
2,17.110230281678938,9.219149616719825,Decoder
3,17.110230281678938,8.86392018641764,Decoder
4,17.110230281678938,8.354448050981029,Decoder
5,17.110230281678938,7.9307954975628725,Decoder
6,17.110230281678938,7.846292966023762,Decoder
7,17.110230281678938,8.0866316987397,Decoder
8,17.110230281678938,8.369863740602097,Decoder
9,17.110230281678938,8.431333627291828,Decoder
10,17.110230281678938,8.258175144289936,Decoder
11,17.110230281678938,7.967166754634146,Decoder
