layer,log_predic,fit,panel
0,-8.218156486710424,11.376128185312124,Encoder
1,-8.218156486710424,11.193715686176454,Encoder
2,-8.218156486710424,10.999530533061513,Encoder
3,-8.218156486710424,10.782150994091129,Encoder
4,-8.218156486710424,10.57261691186335,Encoder
5,-8.218156486710424,10.484434823203012,Encoder
6,-8.218156486710424,10.632150246322645,Encoder
7,-8.218156486710424,10.936282645330966,Encoder
8,-8.218156486710424,11.123325430232882,Encoder
9,-8.218156486710424,10.943164893140409,Encoder
10,-8.218156486710424,10.42271574887623,Encoder
11,-8.218156486710424,9.731532878850219,Encoder
0,-8.060973634434161,11.445701418935636,Encoder
1,-8.060973634434161,11.254588985752786,Encoder
2,-8.060973634434161,11.05175435986989,Encoder
3,-8.060973634434161,10.825826441486827,Encoder
4,-8.060973634434161,10.607916371695168,Encoder
5,-8.060973634434161,10.511642123070327,Encoder
6,-8.060973634434161,10.65164708856218,Encoder
7,-8.060973634434161,10.948130638875856,Encoder
8,-8.060973634434161,11.126848122471733,Encoder
9,-8.060973634434161,10.937024235173833,Encoder
10,-8.060973634434161,10.405735794751436,Encoder
11,-8.060973634434161,9.703123903039248,Encoder
0,-7.9037907821578965,11.513532239003455,Encoder
1,-7.9037907821578965,11.313725346054207,Encoder
2,-7.9037907821578965,11.102305718759903,Encoder
3,-7.9037907821578965,10.868011502306114,Encoder
4,-7.9037907821578965,10.642037265084651,Encoder
5,-7.9037907821578965,10.538034265185395,Encoder
6,-7.9037907821578965,10.670657906227238,Encoder
7,-7.9037907821578965,10.959762750475004,Encoder
8,-7.9037907821578965,11.130402518839455,Encoder
9,-7.9037907821578965,10.931175982123381,Encoder
10,-7.9037907821578965,10.389327953616869,Encoder
11,-7.9037907821578965,9.67557631529495,Encoder
0,-7.746607929881633,11.579526758591626,Encoder
1,-7.746607929881633,11.371031175128861,Encoder
2,-7.746607929881633,11.151094491706615,Encoder
3,-7.746607929881633,10.908625869660474,Encoder
4,-7.746607929881633,10.674916087028874,Encoder
5,-7.746607929881633,10.5635673261905,Encoder
6,-7.746607929881633,10.689156510728939,Encoder
7,-7.746607929881633,10.971167347705236,Encoder
8,-7.746607929881633,11.133990327657893,Encoder
9,-7.746607929881633,10.925635889719395,Encoder
10,-7.746607929881633,10.37352305278596,Encoder
11,-7.746607929881633,9.648936530015131,Encoder
0,-7.5894250776053696,11.643591090776193,Encoder
1,-7.5894250776053696,11.42641288102489,Encoder
2,-7.5894250776053696,11.198030560685085,Encoder
3,-7.5894250776053696,10.947589236661397,Encoder
4,-7.5894250776053696,10.706489332524916,Encoder
5,-7.5894250776053696,10.588197382727925,Encoder
6,-7.5894250776053696,10.707116713478406,Encoder
7,-7.5894250776053696,10.98233279814338,Encoder
8,-7.5894250776053696,11.137613257248887,Encoder
9,-7.5894250776053696,10.92041971369221,Encoder
10,-7.5894250776053696,10.358351919572135,Encoder
11,-7.5894250776053696,9.623250961597593,Encoder
0,-7.432242225329106,11.705631348633204,Encoder
1,-7.432242225329106,11.479776871790438,Encoder
2,-7.432242225329106,11.243023807670374,Encoder
3,-7.432242225329106,10.984821296420364,Encoder
4,-7.432242225329106,10.736693496569853,Encoder
5,-7.432242225329106,10.611880511439953,Encoder
6,-7.432242225329106,10.724512325886764,Encoder
7,-7.432242225329106,10.99324746936626,Encoder
8,-7.432242225329106,11.141273015934283,Encoder
9,-7.432242225329106,10.915543209772169,Encoder
10,-7.432242225329106,10.34384538128883,Encoder
11,-7.432242225329106,9.598566024440139,Encoder
0,-7.275059373052843,11.765553645238702,Encoder
1,-7.275059373052843,11.53102955547365,Encoder
2,-7.275059373052843,11.285984114637541,Encoder
3,-7.275059373052843,11.020241742048865,Encoder
4,-7.275059373052843,10.765465074160762,Encoder
5,-7.275059373052843,10.634572788968867,Encoder
6,-7.275059373052843,10.741317159365133,Encoder
7,-7.275059373052843,11.003899728950703,Encoder
8,-7.275059373052843,11.14497131203592,Encoder
9,-7.275059373052843,10.911022133689613,Encoder
10,-7.275059373052843,10.330034265249473,Encoder
11,-7.275059373052843,9.57492813294057,Encoder
0,-7.117876520776579,11.823264093668735,Encoder
1,-7.117876520776579,11.580077340122669,Encoder
2,-7.117876520776579,11.326821363561645,Encoder
3,-7.117876520776579,11.053770266658384,Encoder
4,-7.117876520776579,10.79274056029472,Encoder
5,-7.117876520776579,10.656230291956954,Encoder
6,-7.117876520776579,10.757505025324637,Encoder
7,-7.117876520776579,11.014277944473537,Encoder
8,-7.117876520776579,11.148709853875644,Encoder
9,-7.117876520776579,10.906872241174879,Encoder
10,-7.117876520776579,10.316949398767497,Encoder
11,-7.117876520776579,9.552383701496693,Encoder
0,-6.960693668500316,11.878668806999345,Encoder
1,-6.960693668500316,11.62682663378564,Encoder
2,-6.960693668500316,11.365445436417746,Encoder
3,-6.960693668500316,11.085326563360407,Encoder
4,-6.960693668500316,10.818456449968803,Encoder
5,-6.960693668500316,10.676809097046494,Encoder
6,-6.960693668500316,10.773049735176398,Encoder
7,-6.960693668500316,11.024370483511587,Encoder
8,-6.960693668500316,11.152490349775295,Encoder
9,-6.960693668500316,10.903109287958308,Encoder
10,-6.960693668500316,10.304621609156328,Encoder
11,-6.960693668500316,9.530979144506308,Encoder
0,-6.803510816224052,11.93167389830658,Encoder
1,-6.803510816224052,11.671183844510708,Encoder
2,-6.803510816224052,11.401766215180906,Encoder
3,-6.803510816224052,11.11483032526642,Encoder
4,-6.803510816224052,10.84254923818009,Encoder
5,-6.803510816224052,10.696265280879775,Encoder
6,-6.803510816224052,10.78792510033154,Encoder
7,-6.803510816224052,11.034165713641682,Encoder
8,-6.803510816224052,11.156314508056719,Encoder
9,-6.803510816224052,10.899749029770241,Encoder
10,-6.803510816224052,10.293081723729399,Encoder
11,-6.803510816224052,9.510760876367218,Encoder
0,-6.646327963947789,11.982185480666482,Encoder
1,-6.646327963947789,11.713055380346013,Encoder
2,-6.646327963947789,11.435693581826182,Encoder
3,-6.646327963947789,11.142201245487907,Encoder
4,-6.646327963947789,10.864955419925659,Encoder
5,-6.646327963947789,10.714554920099076,Encoder
6,-6.646327963947789,10.802104932201184,Encoder
7,-6.646327963947789,11.043652002440645,Encoder
8,-6.646327963947789,11.160184037041757,Encoder
9,-6.646327963947789,10.896807222341018,Encoder
10,-6.646327963947789,10.282360569800142,Encoder
11,-6.646327963947789,9.491775311477229,Encoder
0,-6.489145111671525,12.0301096671551,Encoder
1,-6.489145111671525,11.752347649339704,Encoder
2,-6.489145111671525,11.467137418328637,Encoder
3,-6.489145111671525,11.167359017136357,Encoder
4,-6.489145111671525,10.885611490202585,Encoder
5,-6.489145111671525,10.731634091346685,Encoder
6,-6.489145111671525,10.815563042196455,Encoder
7,-6.489145111671525,11.052817717485304,Encoder
8,-6.489145111671525,11.164100645052251,Encoder
9,-6.489145111671525,10.894299621400977,Encoder
10,-6.489145111671525,10.272488974681986,Encoder
11,-6.489145111671525,9.474068864234141,Encoder
0,-6.331962259395262,12.075352570848478,Encoder
1,-6.331962259395262,11.788967059539923,Encoder
2,-6.331962259395262,11.49600760666333,Encoder
3,-6.331962259395262,11.190223333323255,Encoder
4,-6.331962259395262,10.904453944007946,Encoder
5,-6.331962259395262,10.747458871264882,Encoder
6,-6.331962259395262,10.828273241728473,Encoder
7,-6.331962259395262,11.061651226352485,Encoder
8,-6.331962259395262,11.168066040410045,Encoder
9,-6.331962259395262,10.89224198268046,Encoder
10,-6.331962259395262,10.26349776568836,Encoder
11,-6.331962259395262,9.457687949035758,Encoder
0,-6.174779407118999,12.117820304822661,Encoder
1,-6.174779407118999,11.822820018994813,Encoder
2,-6.174779407118999,11.522214028805319,Encoder
3,-6.174779407118999,11.210713887160086,Encoder
4,-6.174779407118999,10.921419276338819,Encoder
5,-6.174779407118999,10.761985336495954,Encoder
6,-6.174779407118999,10.840209342208365,Encoder
7,-6.174779407118999,11.070140896619016,Encoder
8,-6.174779407118999,11.172081931436981,Encoder
9,-6.174779407118999,10.890650061909804,Encoder
10,-6.174779407118999,10.255417770132697,Encoder
11,-6.174779407118999,9.442678980279883,Encoder
0,-6.017596554842735,12.157418982153697,Encoder
1,-6.017596554842735,11.85381293575252,Encoder
2,-6.017596554842735,11.545666566729667,Encoder
3,-6.017596554842735,11.228750371758336,Encoder
4,-6.017596554842735,10.93644398219228,Encoder
5,-6.017596554842735,10.775169563682184,Encoder
6,-6.017596554842735,10.851345155047248,Encoder
7,-6.017596554842735,11.078275095861722,Encoder
8,-6.017596554842735,11.176150026454904,Encoder
9,-6.017596554842735,10.889539614819354,Encoder
10,-6.017596554842735,10.248279815328425,Encoder
11,-6.017596554842735,9.429088372364319,Encoder
0,-5.860413702566472,12.194054715917625,Encoder
1,-5.860413702566472,11.881852217861185,Encoder
2,-5.860413702566472,11.56627510241143,Encoder
3,-5.860413702566472,11.24425248022949,Encoder
4,-5.860413702566472,10.949464556565408,Encoder
5,-5.860413702566472,10.786967629465854,Encoder
6,-5.860413702566472,10.861654491656248,Encoder
7,-5.860413702566472,11.08604219165743,Encoder
8,-5.860413702566472,11.180272033785656,Encoder
9,-5.860413702566472,10.888926397139443,Encoder
10,-5.860413702566472,10.242114728588978,Encoder
11,-5.860413702566472,9.416962539686871,Encoder
0,-5.703230850290208,12.227633685367149,Encoder
1,-5.703230850290208,11.906844342547577,Encoder
2,-5.703230850290208,11.583949587488704,Encoder
3,-5.703230850290208,11.257139970811957,Encoder
4,-5.703230850290208,10.960417549287317,Encoder
5,-5.703230850290208,10.797335651956743,Encoder
6,-5.703230850290208,10.871111191483038,Encoder
7,-5.703230850290208,11.09343056729393,Encoder
8,-5.703230850290208,11.184449665582072,Encoder
9,-5.703230850290208,10.888826156321908,Encoder
10,-5.703230850290208,10.236953316494073,Encoder
11,-5.703230850290208,9.406347863282392,Encoder
0,-5.546047998013945,12.258137337773121,Encoder
1,-5.546047998013945,11.92877446943565,Encoder
2,-5.546047998013945,11.598679206958673,Encoder
3,-5.546047998013945,11.267406675818977,Encoder
4,-5.546047998013945,10.96930187506484,Encoder
5,-5.546047998013945,10.806276913573472,Encoder
6,-5.546047998013945,10.879720982193584,Encoder
7,-5.546047998013945,11.10044647540033,Encoder
8,-5.546047998013945,11.188688991295306,Encoder
9,-5.546047998013945,10.889245224005474,Encoder
10,-5.546047998013945,10.23280280351109,Encoder
11,-5.546047998013945,9.397252777827509,Encoder
0,-5.388865145737681,12.285767001005446,Encoder
1,-5.388865145737681,11.947857613180119,Encoder
2,-5.388865145737681,11.610684610375275,Encoder
3,-5.388865145737681,11.27526282029401,Encoder
4,-5.388865145737681,10.976298635236095,Encoder
5,-5.388865145737681,10.813932477916305,Encoder
6,-5.388865145737681,10.887582746564243,Encoder
7,-5.388865145737681,11.107148370345175,Encoder
8,-5.388865145737681,11.193008809360038,Encoder
9,-5.388865145737681,10.890162425396854,Encoder
10,-5.388865145737681,10.229601523639516,Encoder
11,-5.388865145737681,9.389574865233195,Encoder
0,-5.231682293461418,12.310763939957386,Encoder
1,-5.231682293461418,11.964350537120092,Encoder
2,-5.231682293461418,11.620228488315853,Encoder
3,-5.231682293461418,11.280957932800524,Encoder
4,-5.231682293461418,10.981622021788311,Encoder
5,-5.231682293461418,10.820468433850557,Encoder
6,-5.231682293461418,10.894812287180747,Encoder
7,-5.231682293461418,11.113604187925105,Encoder
8,-5.231682293461418,11.197430230182603,Encoder
9,-5.231682293461418,10.891551589695723,Encoder
10,-5.231682293461418,10.227275298268635,Encoder
11,-5.231682293461418,9.383191573167055,Encoder
0,-5.074499441185154,12.333369419522207,Encoder
1,-5.074499441185154,11.978510004594675,Encoder
2,-5.074499441185154,11.627573531357754,Encoder
3,-5.074499441185154,11.284741541901981,Encoder
4,-5.074499441185154,10.985486226708723,Encoder
5,-5.074499441185154,10.826050870241545,Encoder
6,-5.074499441185154,10.901525406628828,Encoder
7,-5.074499441185154,11.119881863936758,Encoder
8,-5.074499441185154,11.201974364169336,Encoder
9,-5.074499441185154,10.89338654610176,Encoder
10,-5.074499441185154,10.225749948787735,Encoder
11,-5.074499441185154,9.377980349296699,Encoder
0,-4.917316588908891,12.35382470459317,Encoder
1,-4.917316588908891,11.990592778942975,Encoder
2,-4.917316588908891,11.632982430078323,Encoder
3,-4.917316588908891,11.286863176161846,Encoder
4,-4.917316588908891,10.988105441984562,Encoder
5,-4.917316588908891,10.830845875954584,Encoder
6,-4.917316588908891,10.907837907494214,Encoder
7,-4.917316588908891,11.126049334176768,Encoder
8,-4.917316588908891,11.206662321726572,Encoder
9,-4.917316588908891,10.895641123814647,Encoder
10,-4.917316588908891,10.224951296586104,Encoder
11,-4.917316588908891,9.373818641289732,Encoder
0,-4.760133736632627,12.372371060063545,Encoder
1,-4.760133736632627,12.000855623504103,Encoder
2,-4.760133736632627,11.636717875054904,Encoder
3,-4.760133736632627,11.287572364143585,Encoder
4,-4.760133736632627,10.98969385960306,Encoder
5,-4.760133736632627,10.835019539854985,Encoder
6,-4.760133736632627,10.913865592362635,Encoder
7,-4.760133736632627,11.132174534441774,Encoder
8,-4.760133736632627,11.211515213260647,Encoder
9,-4.760133736632627,10.89828915203406,Encoder
10,-4.760133736632627,10.22480516305303,Encoder
11,-4.760133736632627,9.370583896813763,Encoder
0,-4.602950884356364,12.38924975082659,Encoder
1,-4.602950884356364,12.009555301617164,Encoder
2,-4.602950884356364,11.639042556864842,Encoder
3,-4.602950884356364,11.287118634410662,Encoder
4,-4.602950884356364,10.99046567155145,Encoder
5,-4.602950884356364,10.838737950808067,Encoder
6,-4.602950884356364,10.919724263819825,Encoder
7,-4.602950884356364,11.138325400528412,Encoder
8,-4.602950884356364,11.216554149177895,Encoder
9,-4.602950884356364,10.901304459959679,Encoder
10,-4.602950884356364,10.225237369577798,Encoder
11,-4.602950884356364,9.3681535635363975,Encoder
0,-4.4457680320801005,12.404702041775575,Encoder
1,-4.4457680320801005,12.016948576621264,Encoder
2,-4.4457680320801005,11.640219166085481,Encoder
3,-4.4457680320801005,11.285751515526542,Encoder
4,-4.4457680320801005,10.99063506981696,Encoder
5,-4.4457680320801005,10.842167197679142,Encoder
6,-4.4457680320801005,10.925529724451513,Encoder
7,-4.4457680320801005,11.144569868233322,Encoder
8,-4.4457680320801005,11.221800239884653,Encoder
9,-4.4457680320801005,10.904660876791183,Encoder
10,-4.4457680320801005,10.226173737549697,Encoder
11,-4.4457680320801005,9.366405089125243,Encoder
0,-4.288585179803837,12.41896919780376,Encoder
1,-4.288585179803837,12.02329221185551,Encoder
2,-4.288585179803837,11.640510393294166,Encoder
3,-4.288585179803837,11.283720536054687,Encoder
4,-4.288585179803837,10.990416246386825,Encoder
5,-4.288585179803837,10.845473369333527,Encoder
6,-4.288585179803837,10.93139777684343,Encoder
7,-4.288585179803837,11.15097587335314,Encoder
8,-4.288585179803837,11.227274595787254,Encoder
9,-4.288585179803837,10.90833223172825,Encoder
10,-4.288585179803837,10.227540088358014,Encoder
11,-4.288585179803837,9.365215921247907,Encoder
0,-4.1314023275275735,12.432292483804412,Encoder
1,-4.1314023275275735,12.028842970659014,Encoder
2,-4.1314023275275735,11.640178929068243,Encoder
3,-4.1314023275275735,11.281275224558563,Encoder
4,-4.1314023275275735,10.990023393248277,Encoder
5,-4.1314023275275735,10.848822554636538,Encoder
6,-4.1314023275275735,10.937444223581304,Encoder
7,-4.1314023275275735,11.157611351684503,Encoder
8,-4.1314023275275735,11.232998327292034,Encoder
9,-4.1314023275275735,10.91229235397056,Encoder
10,-4.1314023275275735,10.229262243392036,Encoder
11,-4.1314023275275735,9.364463507571998,Encoder
0,-3.97421947525131,12.444913164670796,Encoder
1,-3.97421947525131,12.033857616370877,Encoder
2,-3.97421947525131,11.639487463985056,Encoder
3,-3.97421947525131,11.278665109601635,Encoder
4,-3.97421947525131,10.989670702388548,Encoder
5,-3.97421947525131,10.852380842453487,Encoder
6,-3.97421947525131,10.943784867250868,Encoder
7,-3.97421947525131,11.164544239024048,Encoder
8,-3.97421947525131,11.23899254480533,Encoder
9,-3.97421947525131,10.916515072717791,Encoder
10,-3.97421947525131,10.23126602404105,Encoder
11,-3.97421947525131,9.36402529576512,Encoder
0,-3.8170366229750465,12.457072505296173,Encoder
1,-3.8170366229750465,12.038592912330213,Encoder
2,-3.8170366229750465,11.63869868862195,Encoder
3,-3.8170366229750465,11.276139719747368,Encoder
4,-3.8170366229750465,10.989572365794867,Encoder
5,-3.8170366229750465,10.856314321649691,Encoder
6,-3.8170366229750465,10.950535510437852,Encoder
7,-3.8170366229750465,11.171842471168413,Encoder
8,-3.8170366229750465,11.245278358733476,Encoder
9,-3.8170366229750465,10.920974217169622,Encoder
10,-3.8170366229750465,10.233477251694344,Encoder
11,-3.8170366229750465,9.363778733494884,Encoder
0,-3.659853770698783,12.46899275754361,Encoder
1,-3.659853770698783,12.043286704115827,Encoder
2,-3.659853770698783,11.638056263310343,Encoder
3,-3.659853770698783,11.273929028850976,Encoder
4,-3.659853770698783,10.98992230774572,Encoder
5,-3.659853770698783,10.860768965860274,Encoder
6,-3.659853770698783,10.957793973046487,Encoder
7,-3.659853770698783,11.179560426792678,Encoder
8,-3.659853770698783,11.251869552223624,Encoder
9,-3.659853770698783,10.925643807281675,Encoder
10,-3.659853770698783,10.23583029304027,Encoder
11,-3.659853770698783,9.363618586397795,Encoder
0,-3.5026709184225195,12.480786037897756,Encoder
1,-3.5026709184225195,12.04806725379108,Encoder
2,-3.5026709184225195,11.63769361327898,Encoder
3,-3.5026709184225195,11.272149737650755,Encoder
4,-3.5026709184225195,10.990797049257248,Encoder
5,-3.5026709184225195,10.86577422870931,Encoder
6,-3.5026709184225195,10.96555390802754,Encoder
7,-3.5026709184225195,11.18767395323332,Encoder
8,-3.5026709184225195,11.258737464348828,Encoder
9,-3.5026709184225195,10.930498967987461,Encoder
10,-3.5026709184225195,10.238309014491122,Encoder
11,-3.5026709184225195,9.36353993663213,Encoder
0,-3.345488066146256,12.492524900742296,Encoder
1,-3.345488066146256,12.053023459554911,Encoder
2,-3.345488066146256,11.637704565833346,Encoder
3,-3.345488066146256,11.270877857666402,Encoder
4,-3.345488066146256,10.992230938523505,Encoder
5,-3.345488066146256,10.871317708274477,Encoder
6,-3.345488066146256,10.97377155016888,Encoder
7,-3.345488066146256,11.19613068831964,Encoder
8,-3.345488066146256,11.265838187703034,Encoder
9,-3.345488066146256,10.935515221143326,Encoder
10,-3.345488066146256,10.240915063422085,Encoder
11,-3.345488066146256,9.363573901392508,Encoder
0,-3.1883052138699925,12.504281848914816,Encoder
1,-3.1883052138699925,12.058244168318453,Encoder
2,-3.1883052138699925,11.63818289668616,Encoder
3,-3.1883052138699925,11.27018934740297,Encoder
4,-3.1883052138699925,10.994258268790906,Encoder
5,-3.1883052138699925,10.877386948099184,Encoder
6,-3.1883052138699925,10.982403085505657,Encoder
7,-3.1883052138699925,11.204878233126323,Encoder
8,-3.1883052138699925,11.273127795015313,Encoder
9,-3.1883052138699925,10.940668089122775,Encoder
10,-3.1883052138699925,10.243650110375444,Encoder
11,-3.1883052138699925,9.36375164482417,Encoder
0,-3.031122361593729,12.516129385252906,Encoder
1,-3.031122361593729,12.063818226992842,Encoder
2,-3.031122361593729,11.639222381550141,Encoder
3,-3.031122361593729,11.270160165365523,Encoder
4,-3.031122361593729,10.996913333305862,Encoder
5,-3.031122361593729,10.883969491726848,Encoder
6,-3.031122361593729,10.991404700073021,Encoder
7,-3.031122361593729,11.213864188728051,Encoder
8,-3.031122361593729,11.280562359014732,Encoder
9,-3.031122361593729,10.94593309429931,Encoder
10,-3.031122361593729,10.246515825893484,Encoder
11,-3.031122361593729,9.364104331072358,Encoder
0,-2.8739395093174656,12.528140012594156,Encoder
1,-2.8739395093174656,12.06983448248921,Encoder
2,-2.8739395093174656,11.640916796138006,Encoder
3,-2.8739395093174656,11.270866270059114,Encoder
4,-2.8739395093174656,11.000230425314786,Encoder
5,-2.8739395093174656,10.89105288270088,Encoder
6,-2.8739395093174656,11.000732579906115,Encoder
7,-2.8739395093174656,11.223036156199509,Encoder
8,-2.8739395093174656,11.288097952430363,Encoder
9,-2.8739395093174656,10.951285759046437,Encoder
10,-2.8739395093174656,10.24951388051849,Encoder
11,-2.8739395093174656,9.364663124282313,Encoder
0,-2.716756657041202,12.540386233776152,Encoder
1,-2.716756657041202,12.07638178171869,Encoder
2,-2.716756657041202,11.643359916162478,Encoder
3,-2.716756657041202,11.272383619988807,Encoder
4,-2.716756657041202,11.004243838064093,Encoder
5,-2.716756657041202,10.898624664564693,Encoder
6,-2.716756657041202,11.010342911040091,Encoder
7,-2.716756657041202,11.232341736615384,Encoder
8,-2.716756657041202,11.295690647991274,Encoder
9,-2.716756657041202,10.95670160573766,Encoder
10,-2.716756657041202,10.252645944792748,Encoder
11,-2.716756657041202,9.365459188599276,Encoder
0,-2.5595738047649386,12.552940551636484,Encoder
1,-2.5595738047649386,12.083548971592414,Encoder
2,-2.5595738047649386,11.64664551733627,Encoder
3,-2.5595738047649386,11.274788173659656,Encoder
4,-2.5595738047649386,11.008987864800192,Encoder
5,-2.5595738047649386,10.9066723808617,Encoder
6,-2.5595738047649386,11.020191879510094,Encoder
7,-2.5595738047649386,11.241728531050356,Encoder
8,-2.5595738047649386,11.303296518426531,Encoder
9,-2.5595738047649386,10.962156156746481,Encoder
10,-2.5595738047649386,10.255913689258543,Encoder
11,-2.5595738047649386,9.366523688168488,Encoder
0,-2.402390952488675,12.56587546901274,Encoder
1,-2.402390952488675,12.09142489902152,Encoder
2,-2.402390952488675,11.650867375372105,Encoder
3,-2.402390952488675,11.278155889576723,Encoder
4,-2.402390952488675,11.014496798769498,Encoder
5,-2.402390952488675,10.915183575135314,Encoder
6,-2.402390952488675,11.030235671351273,Encoder
7,-2.402390952488675,11.251144140579111,Encoder
8,-2.402390952488675,11.310871636465206,Encoder
9,-2.402390952488675,10.967624934446405,Encoder
10,-2.402390952488675,10.25931878445816,Encoder
11,-2.402390952488675,9.367887787135194,Encoder
0,-2.2452081002124116,12.579263488742509,Encoder
1,-2.2452081002124116,12.100098410917138,Encoder
2,-2.2452081002124116,11.6561192659827,Encoder
3,-2.2452081002124116,11.282562726245066,Encoder
4,-2.2452081002124116,11.020804933218423,Encoder
5,-2.2452081002124116,10.92414579092895,Encoder
6,-2.2452081002124116,11.040430472598775,Encoder
7,-2.2452081002124116,11.260536166276335,Encoder
8,-2.2452081002124116,11.318372074836367,Encoder
9,-2.2452081002124116,10.973083461210939,Encoder
10,-2.2452081002124116,10.262862900933884,Encoder
11,-2.2452081002124116,9.369582649644633,Encoder
0,-2.088025247936148,12.593177113663382,Encoder
1,-2.088025247936148,12.109658354190403,Encoder
2,-2.088025247936148,11.662494964880771,Encoder
3,-2.088025247936148,11.288084642169743,Encoder
4,-2.088025247936148,11.027946561393382,Encoder
5,-2.088025247936148,10.933546571786017,Encoder
6,-2.088025247936148,11.050732469287748,Encoder
7,-2.088025247936148,11.26985220921671,Encoder
8,-2.088025247936148,11.325753906269082,Encoder
9,-2.088025247936148,10.97850725941358,Encoder
10,-2.088025247936148,10.266547709228002,Encoder
11,-2.088025247936148,9.371639439842046,Encoder
0,-1.9308423956598846,12.607688846612943,Encoder
1,-1.9308423956598846,12.120193575752447,Encoder
2,-1.9308423956598846,11.670088247779042,Encoder
3,-1.9308423956598846,11.294797595855812,Encoder
4,-1.9308423956598846,11.035955976540784,Encoder
5,-1.9308423956598846,10.943373461249932,Encoder
6,-1.9308423956598846,11.06109784745334,Encoder
7,-1.9308423956598846,11.27903987047492,Encoder
8,-1.9308423956598846,11.33297320349242,Encoder
9,-1.9308423956598846,10.983871851427839,Encoder
10,-1.9308423956598846,10.270374879882798,Encoder
11,-1.9308423956598846,9.374089321872678,Encoder
0,-1.773659543383621,12.62286226731802,Encoder
1,-1.773659543383621,12.131781222112199,Encoder
2,-1.773659543383621,11.678979946197291,Encoder
3,-1.773659543383621,11.30276641385408,Encoder
4,-1.773659543383621,11.044861403136963,Encoder
5,-1.773659543383621,10.953613864718518,Encoder
6,-1.773659543383621,11.071486843011632,Encoder
7,-1.773659543383621,11.288052239750275,Encoder
8,-1.773659543383621,11.339990813989498,Encoder
9,-1.773659543383621,10.98915532116198,Encoder
10,-1.773659543383621,10.274345471532307,Encoder
11,-1.773659543383621,9.376959194661485,Encoder
0,-1.6164766911073576,12.63869988717718,Encoder
1,-1.6164766911073576,12.144418364116463,Encoder
2,-1.6164766911073576,11.689162303690395,Encoder
3,-1.6164766911073576,11.311979737419186,Encoder
4,-1.6164766911073576,11.05464953197643,Encoder
5,-1.6164766911073576,10.964254242143513,Encoder
6,-1.6164766911073576,11.081887408609427,Encoder
7,-1.6164766911073576,11.296879970002147,Encoder
8,-1.6164766911073576,11.346800262888626,Encoder
9,-1.6164766911073576,10.994353283254306,Encoder
10,-1.6164766911073576,10.278456355009368,Encoder
11,-1.6164766911073576,9.380246766655024,Encoder
0,-1.459293838831094,12.655178645621142,Encoder
1,-1.459293838831094,12.158068541445962,Encoder
2,-1.459293838831094,11.70059046817535,Encoder
3,-1.459293838831094,11.322394305705286,Encoder
4,-1.459293838831094,11.065289661892816,Encoder
5,-1.459293838831094,10.975280657577219,Encoder
6,-1.459293838831094,11.09229910309542,Encoder
7,-1.459293838831094,11.305529443562337,Encoder
8,-1.459293838831094,11.35340875887088,Encoder
9,-1.459293838831094,10.999468693223035,Encoder
10,-1.459293838831094,10.28270264753213,Encoder
11,-1.459293838831094,9.383937522975627,Encoder
0,-1.3021109865548306,12.672275395357685,Encoder
1,-1.3021109865548306,12.172695180066224,Encoder
2,-1.3021109865548306,11.713219461765673,Encoder
3,-1.3021109865548306,11.33396674967604,Encoder
4,-1.3021109865548306,11.076751032737903,Encoder
5,-1.3021109865548306,10.98667917372931,Encoder
6,-1.3021109865548306,11.102721524678744,Encoder
7,-1.3021109865548306,11.314007096106112,Encoder
8,-1.3021109865548306,11.359823557022757,Encoder
9,-1.3021109865548306,11.004504531481722,Encoder
10,-1.3021109865548306,10.287079460371661,Encoder
11,-1.3021109865548306,9.38801690729233,Encoder
0,-1.144928134278567,12.689966989094595,Encoder
1,-1.144928134278567,12.188261705942782,Encoder
2,-1.144928134278567,11.727004306574884,Encoder
3,-1.144928134278567,11.346653700295112,Encoder
4,-1.144928134278567,11.089002884363468,Encoder
5,-1.144928134278567,10.998435853309463,Encoder
6,-1.144928134278567,11.113154271568533,Encoder
7,-1.144928134278567,11.322319363308738,Encoder
8,-1.144928134278567,11.366051912430754,Encoder
9,-1.144928134278567,11.00946377844392,Encoder
10,-1.144928134278567,10.291581904799026,Encoder
11,-1.144928134278567,9.392470363274164,Encoder
0,-0.9877452820023036,12.708230279539652,Encoder
1,-0.9877452820023036,12.204731545041165,Encoder
2,-0.9877452820023036,11.741900024716495,Encoder
3,-0.9877452820023036,11.360411788526163,Encoder
4,-0.9877452820023036,11.102014456621296,Encoder
5,-0.9877452820023036,11.010536759027351,Encoder
6,-0.9877452820023036,11.123596941973922,Encoder
7,-0.9877452820023036,11.330472680845478,Encoder
8,-0.9877452820023036,11.372101080181364,Encoder
9,-0.9877452820023036,11.014349414523183,Encoder
10,-0.9877452820023036,10.296205092085295,Encoder
11,-0.9877452820023036,9.397283334590163,Encoder
0,-0.8305624297260401,12.72704211940064,Encoder
1,-0.8305624297260401,12.222068123326904,Encoder
2,-0.8305624297260401,11.757861638304027,Encoder
3,-0.8305624297260401,11.375197645332854,Encoder
4,-0.8305624297260401,11.115754989363166,Encoder
5,-0.8305624297260401,11.022967953592651,Encoder
6,-0.8305624297260401,11.134049134104044,Encoder
7,-0.8305624297260401,11.338473484391601,Encoder
8,-0.8305624297260401,11.377978315361089,Encoder
9,-0.8305624297260401,11.019164420133066,Encoder
10,-0.8305624297260401,10.300944133501531,Encoder
11,-0.8305624297260401,9.40244126490936,Encoder
0,-0.6733795774497775,12.74637936138534,Encoder
1,-0.6733795774497775,12.240234866765531,Encoder
2,-0.6733795774497775,11.774844169450992,Encoder
3,-0.6733795774497775,11.39096790167885,Encoder
4,-0.6733795774497775,11.130193722440861,Encoder
5,-0.6733795774497775,11.035715499715037,Encoder
6,-0.6733795774497775,11.144510446168034,Encoder
7,-0.6733795774497775,11.34632820962237,Encoder
8,-0.6733795774497775,11.38369087305642,Encoder
9,-0.6733795774497775,11.023911775687122,Encoder
10,-0.6733795774497775,10.305794140318802,Encoder
11,-0.6733795774497775,9.407929597900786,Encoder
0,-0.516196725173514,12.766218858201535,Encoder
1,-0.516196725173514,12.259195201322576,Encoder
2,-0.516196725173514,11.79280264027091,Encoder
3,-0.516196725173514,11.407679188527812,Encoder
4,-0.516196725173514,11.14529989570616,Encoder
5,-0.516196725173514,11.048765460104185,Encoder
6,-0.516196725173514,11.154980476375027,Encoder
7,-0.516196725173514,11.354043292213053,Encoder
8,-0.516196725173514,11.389246008353858,Encoder
9,-0.516196725173514,11.028594461598907,Encoder
10,-0.516196725173514,10.310750223808176,Encoder
11,-0.516196725173514,9.413733777233475,Encoder
0,-0.3590138728972505,12.786537462557007,Encoder
1,-0.3590138728972505,12.278912552963568,Encoder
2,-0.3590138728972505,11.811692072877296,Encoder
3,-0.3590138728972505,11.4252881368434,Encoder
4,-0.3590138728972505,11.161042749010846,Encoder
5,-0.3590138728972505,11.06210389746977,Encoder
6,-0.3590138728972505,11.165458822934156,Encoder
7,-0.3590138728972505,11.361625167838914,Encoder
8,-0.3590138728972505,11.394650976339895,Encoder
9,-0.3590138728972505,11.03321545828197,Encoder
10,-0.3590138728972505,10.315807495240717,Encoder
11,-0.3590138728972505,9.419839246576458,Encoder
0,-0.20183102062098612,12.807312027159536,Encoder
1,-0.20183102062098612,12.299350347654041,Encoder
2,-0.20183102062098612,11.831467489383668,Encoder
3,-0.20183102062098612,11.44375137758928,Encoder
4,-0.20183102062098612,11.177391522206701,Encoder
5,-0.20183102062098612,11.075716874521468,Encoder
6,-0.20183102062098612,11.175945084054552,Encoder
7,-0.20183102062098612,11.36908027217522,Encoder
8,-0.20183102062098612,11.39991303210103,Encoder
9,-0.20183102062098612,11.037777746149871,Encoder
10,-0.20183102062098612,10.320961065887495,Encoder
11,-0.20183102062098612,9.426231449598772,Encoder
0,-0.044648168344723516,12.828519404716909,Encoder
1,-0.044648168344723516,12.320472011359525,Encoder
2,-0.044648168344723516,11.852083911903541,Encoder
3,-0.044648168344723516,11.46302554172911,Encoder
4,-0.044648168344723516,11.194315455145503,Encoder
5,-0.044648168344723516,11.089590453968952,Encoder
6,-0.044648168344723516,11.186438857945355,Encoder
7,-0.044648168344723516,11.376415040897236,Encoder
8,-0.044648168344723516,11.40503943072376,Encoder
9,-0.044648168344723516,11.042284305616159,Encoder
10,-0.044648168344723516,10.326206047019575,Encoder
11,-0.044648168344723516,9.432895829969446,Encoder
0,0.11253468393154087,12.850136447936904,Encoder
1,0.11253468393154087,12.342240970045548,Encoder
2,0.11253468393154087,11.873496362550432,Encoder
3,0.11253468393154087,11.483067260226555,Encoder
4,0.11253468393154087,11.211783787679037,Encoder
5,0.11253468393154087,11.1037106985219,Encoder
6,0.11253468393154087,11.196939742815694,Encoder
7,0.11253468393154087,11.383635909680228,Encoder
8,0.11253468393154087,11.410037427294577,Encoder
9,0.11253468393154087,11.04673811709439,Encoder
10,0.11253468393154087,10.331537549908022,Encoder
11,0.11253468393154087,9.439817831357514,Encoder
0,0.2697175362078035,12.872140009527307,Encoder
1,0.2697175362078035,12.364620649677644,Encoder
2,0.2697175362078035,11.895659863437858,Encoder
3,0.2697175362078035,11.503833164045277,Encoder
4,0.2697175362078035,11.229765759659081,Encoder
5,0.2697175362078035,11.118063670889986,Encoder
6,0.2697175362078035,11.207447336874706,Encoder
7,0.2697175362078035,11.390749314199462,Encoder
8,0.2697175362078035,11.414914276899983,Encoder
9,0.2697175362078035,11.05114216099812,Encoder
10,0.2697175362078035,10.336950685823904,Encoder
11,0.2697175362078035,9.446982897432008,Encoder
0,0.42690038848406786,12.894506942195896,Encoder
1,0.42690038848406786,12.387574476221342,Encoder
2,0.42690038848406786,11.918529436679336,Encoder
3,0.42690038848406786,11.525279884148937,Encoder
4,0.42690038848406786,11.248230610937417,Encoder
5,0.42690038848406786,11.132635433782884,Encoder
6,0.42690038848406786,11.217961238331524,Encoder
7,0.42690038848406786,11.397761690130205,Encoder
8,0.42690038848406786,11.419677234626471,Encoder
9,0.42690038848406786,11.055499417740899,Encoder
10,0.42690038848406786,10.34244056603829,Encoder
11,0.42690038848406786,9.454376471861963,Encoder
0,0.5840832407603305,12.917214098650454,Encoder
1,0.5840832407603305,12.411065875642175,Encoder
2,0.5840832407603305,11.942060104388382,Encoder
3,0.5840832407603305,11.547364051501196,Encoder
4,0.5840832407603305,11.26714758136583,Encoder
5,0.5840832407603305,11.147412049910272,Encoder
6,0.5840832407603305,11.228481045395283,Encoder
7,0.5840832407603305,11.40467947314772,Encoder
8,0.5840832407603305,11.424333555560537,Encoder
9,0.5840832407603305,11.059812867736282,Encoder
10,0.5840832407603305,10.348002301822245,Encoder
11,0.5840832407603305,9.46198399831641,Encoder
0,0.7412660930365949,12.940238331598767,Encoder
1,0.7412660930365949,12.43505827390567,Encoder
2,0.7412660930365949,11.966206888678512,Encoder
3,0.7412660930365949,11.570042297065719,Encoder
4,0.7412660930365949,11.286485910796095,Encoder
5,0.7412660930365949,11.162379581981822,Encoder
6,0.7412660930365949,11.239006356275116,Encoder
7,0.7412660930365949,11.411509098927272,Encoder
8,0.7412660930365949,11.42889049478868,Encoder
9,0.7412660930365949,11.064085491397826,Encoder
10,0.7412660930365949,10.353631004446832,Encoder
11,0.7412660930365949,9.46979092046438,Encoder
0,0.8984489453128575,12.963556493748616,Encoder
1,0.8984489453128575,12.45951509697736,Encoder
2,0.8984489453128575,11.990924811663243,Encoder
3,0.8984489453128575,11.593271251806167,Encoder
4,0.8984489453128575,11.306214839079997,Encoder
5,0.8984489453128575,11.177524092707213,Encoder
6,0.8984489453128575,11.249536769180157,Encoder
7,0.8984489453128575,11.41825700314413,Encoder
8,0.8984489453128575,11.433355307397395,Encoder
9,0.8984489453128575,11.06832026913908,Encoder
10,0.8984489453128575,10.359321785183123,Encoder
11,0.8984489453128575,9.47778268197491,Encoder
0,1.0556317975891216,12.98714543780778,Encoder
1,1.0556317975891216,12.484399770822774,Encoder
2,1.0556317975891216,12.016168895456092,Encoder
3,1.0556317975891216,11.617007546686201,Encoder
4,1.0556317975891216,11.326303606069317,Encoder
5,1.0556317975891216,11.192831644796117,Encoder
6,1.0556317975891216,11.26007188231954,Encoder
7,1.0556317975891216,11.424929621473561,Encoder
8,1.0556317975891216,11.437735248473176,Encoder
9,1.0556317975891216,11.072520181373601,Encoder
10,1.0556317975891216,10.365069755302184,Encoder
11,1.0556317975891216,9.48594472651703,Encoder
0,-8.218156486710424,9.382760509001624,Decoder
1,-8.218156486710424,9.764410813515045,Decoder
2,-8.218156486710424,10.033050525958341,Decoder
3,-8.218156486710424,10.076535497786729,Decoder
4,-8.218156486710424,9.887561247021804,Decoder
5,-8.218156486710424,9.662437520140536,Decoder
6,-8.218156486710424,9.612936885285508,Decoder
7,-8.218156486710424,9.768415379671191,Decoder
8,-8.218156486710424,9.97581250958394,Decoder
9,-8.218156486710424,10.089274217509157,Decoder
10,-8.218156486710424,10.094699541623024,Decoder
11,-8.218156486710424,10.045826348095707,Decoder
0,-8.060973634434161,9.383485702096337,Decoder
1,-8.060973634434161,9.753903126985813,Decoder
2,-8.060973634434161,10.01305165570356,Decoder
3,-8.060973634434161,10.050518060706308,Decoder
4,-8.060973634434161,9.859425018494482,Decoder
5,-8.060973634434161,9.63397733325667,Decoder
6,-8.060973634434161,9.583557038994856,Decoder
7,-8.060973634434161,9.735252237145255,Decoder
8,-8.060973634434161,9.933857096578322,Decoder
9,-8.060973634434161,10.031724487448964,Decoder
10,-8.060973634434161,10.015979992626182,Decoder
11,-8.060973634434161,9.943142804504104,Decoder
0,-7.9037907821578965,9.384323157753197,Decoder
1,-7.9037907821578965,9.743558574543373,Decoder
2,-7.9037907821578965,9.99323862800373,Decoder
3,-7.9037907821578965,10.024652978042136,Decoder
4,-7.9037907821578965,9.831339096326735,Decoder
5,-7.9037907821578965,9.605414915382415,Decoder
6,-7.9037907821578965,9.553896837033882,Decoder
7,-7.9037907821578965,9.701706626397412,Decoder
8,-7.9037907821578965,9.891671411880834,Decoder
9,-7.9037907821578965,9.97450754475286,Decoder
10,-7.9037907821578965,9.938505432948062,Decoder
11,-7.9037907821578965,9.842791488045986,Decoder
0,-7.746607929881633,9.385278925045112,Decoder
1,-7.746607929881633,9.733385946384264,Decoder
2,-7.746607929881633,9.973621456661702,Decoder
3,-7.746607929881633,9.99894845914695,Decoder
4,-7.746607929881633,9.803306191189256,Decoder
5,-7.746607929881633,9.576744757978657,Decoder
6,-7.746607929881633,9.523941172924902,Decoder
7,-7.746607929881633,9.667757938792729,Decoder
8,-7.746607929881633,9.849243047701863,Decoder
9,-7.746607929881633,9.917641321089164,Decoder
10,-7.746607929881633,9.862342946672758,Decoder
11,-7.746607929881633,9.744898066724115,Decoder
0,-7.5894250776053696,9.386359053044993,Decoder
1,-7.5894250776053696,9.72339403270502,Decoder
2,-7.5894250776053696,9.95421015548032,Decoder
3,-7.5894250776053696,9.973412713373486,Decoder
4,-7.5894250776053696,9.775329013752735,Decoder
5,-7.5894250776053696,9.547961352506286,Decoder
6,-7.5894250776053696,9.493674940190228,Decoder
7,-7.5894250776053696,9.63338556569628,Decoder
8,-7.5894250776053696,9.806559596251793,Decoder
9,-7.5894250776053696,9.861143748126183,Decoder
10,-7.5894250776053696,9.78755961788436,Decoder
11,-7.5894250776053696,9.64958820854125,Decoder
0,-7.432242225329106,9.387569590825747,Decoder
1,-7.432242225329106,9.713591623702179,Decoder
2,-7.432242225329106,9.935014738262433,Decoder
3,-7.432242225329106,9.948053950074485,Decoder
4,-7.432242225329106,9.74741027468786,Decoder
5,-7.432242225329106,9.519059190426189,Decoder
6,-7.432242225329106,9.463083032352174,Decoder
7,-7.432242225329106,9.598568898473134,Decoder
8,-7.432242225329106,9.763608649741006,Decoder
9,-7.432242225329106,9.805032757532235,Decoder
10,-7.432242225329106,9.71422253066696,Decoder
11,-7.432242225329106,9.556987581500149,Decoder
0,-7.275059373052843,9.388916587460283,Decoder
1,-7.275059373052843,9.703987509572272,Decoder
2,-7.275059373052843,9.916045218810886,Decoder
3,-7.275059373052843,9.92288037860268,Decoder
4,-7.275059373052843,9.719552684665324,Decoder
5,-7.275059373052843,9.490032763199254,Decoder
6,-7.275059373052843,9.432150342933053,Decoder
7,-7.275059373052843,9.563287328488364,Decoder
8,-7.275059373052843,9.720377800379886,Decoder
9,-7.275059373052843,9.749326280975632,Decoder
10,-7.275059373052843,9.64239876910465,Decoder
11,-7.275059373052843,9.467221853603577,Decoder
0,-7.117876520776579,9.390406092021509,Decoder
1,-7.117876520776579,9.69459048051184,Decoder
2,-7.117876520776579,9.89731161092853,Decoder
3,-7.117876520776579,9.897900208310809,Decoder
4,-7.117876520776579,9.691758954355818,Decoder
5,-7.117876520776579,9.46087656228637,Decoder
6,-7.117876520776579,9.40086176545518,Decoder
7,-7.117876520776579,9.527520247107038,Decoder
8,-7.117876520776579,9.676854640378817,Decoder
9,-7.117876520776579,9.694042250124687,Decoder
10,-7.117876520776579,9.572155417281518,Decoder
11,-7.117876520776579,9.380416692854292,Decoder
0,-6.960693668500316,9.392044153582335,Decoder
1,-6.960693668500316,9.6854093267174175,Decoder
2,-6.960693668500316,9.878823928418205,Decoder
3,-6.960693668500316,9.87312164855161,Decoder
4,-6.960693668500316,9.664031794430029,Decoder
5,-6.960693668500316,9.431585079148425,Decoder
6,-6.960693668500316,9.369202193440866,Decoder
7,-6.960693668500316,9.491247045694227,Decoder
8,-6.960693668500316,9.633026761948184,Decoder
9,-6.960693668500316,9.639198596647715,Decoder
10,-6.960693668500316,9.503559559281658,Decoder
11,-6.960693668500316,9.296697767255054,Decoder
0,-6.803510816224052,9.393836821215668,Decoder
1,-6.803510816224052,9.676452838385538,Decoder
2,-6.803510816224052,9.860592185082764,Decoder
3,-6.803510816224052,9.848552908677819,Decoder
4,-6.803510816224052,9.63637391555865,Decoder
5,-6.803510816224052,9.402152805246306,Decoder
6,-6.803510816224052,9.337156520412426,Decoder
7,-6.803510816224052,9.454447115615002,Decoder
8,-6.803510816224052,9.588881757298369,Decoder
9,-6.803510816224052,9.584813252213026,Decoder
10,-6.803510816224052,9.436678279189158,Decoder
11,-6.803510816224052,9.216190744808625,Decoder
0,-6.646327963947789,9.395790143994418,Decoder
1,-6.646327963947789,9.66772980571274,Decoder
2,-6.646327963947789,9.84262639472505,Decoder
3,-6.646327963947789,9.824202198042174,Decoder
4,-6.646327963947789,9.608788028412372,Decoder
5,-6.646327963947789,9.372574232040902,Decoder
6,-6.646327963947789,9.304709639892176,Decoder
7,-6.646327963947789,9.417099848234432,Decoder
8,-6.646327963947789,9.544407218639758,Decoder
9,-6.646327963947789,9.530904148488936,Decoder
10,-6.646327963947789,9.371578661088112,Decoder
11,-6.646327963947789,9.139021293517764,Decoder
0,-6.489145111671525,9.39791017099149,Decoder
1,-6.489145111671525,9.659249018895558,Decoder
2,-6.489145111671525,9.824936571147912,Decoder
3,-6.489145111671525,9.800077725997411,Decoder
4,-6.489145111671525,9.581276843661884,Decoder
5,-6.489145111671525,9.342843850993102,Decoder
6,-6.489145111671525,9.271846445402424,Decoder
7,-6.489145111671525,9.379184634917591,Decoder
8,-6.489145111671525,9.499590738182734,Decoder
9,-6.489145111671525,9.477489217143757,Decoder
10,-6.489145111671525,9.30832778906261,Decoder
11,-6.489145111671525,9.065315081385233,Decoder
0,-6.331962259395262,9.400202951279798,Decoder
1,-6.331962259395262,9.65101926813053,Decoder
2,-6.331962259395262,9.807532728154197,Decoder
3,-6.331962259395262,9.77618770189627,Decoder
4,-6.331962259395262,9.553843071977877,Decoder
5,-6.331962259395262,9.312956153563794,Decoder
6,-6.331962259395262,9.23855183046549,Decoder
7,-6.331962259395262,9.340680867029548,Decoder
8,-6.331962259395262,9.45441990813768,Decoder
9,-6.331962259395262,9.424586389845805,Decoder
10,-6.331962259395262,9.24699274719674,Decoder
11,-6.331962259395262,8.99519777641379,Decoder
0,-6.174779407118999,9.402674533932249,Decoder
1,-6.174779407118999,9.643049343614187,Decoder
2,-6.174779407118999,9.790424879546752,Decoder
3,-6.174779407118999,9.752540335091485,Decoder
4,-6.174779407118999,9.526489424031041,Decoder
5,-6.174779407118999,9.282905631213865,Decoder
6,-6.174779407118999,9.204810688603681,Decoder
7,-6.174779407118999,9.301567935935372,Decoder
8,-6.174779407118999,9.408882320714982,Decoder
9,-6.174779407118999,9.372213598263393,Decoder
10,-6.174779407118999,9.1876406195746,Decoder
11,-6.174779407118999,8.928795046606197,Decoder
0,-6.017596554842735,9.40533096802175,Decoder
1,-6.017596554842735,9.63534803554307,Decoder
2,-6.017596554842735,9.773623039128422,Decoder
3,-6.017596554842735,9.729143834935794,Decoder
4,-6.017596554842735,9.499218610492067,Decoder
5,-6.017596554842735,9.252686775404204,Decoder
6,-6.017596554842735,9.170607913339316,Decoder
7,-6.017596554842735,9.261825233000136,Decoder
8,-6.017596554842735,9.362965568125022,Decoder
9,-6.017596554842735,9.320388774064831,Decoder
10,-6.017596554842735,9.130338490280273,Decoder
11,-6.017596554842735,8.866232559965212,Decoder
0,-5.860413702566472,9.408178302621208,Decoder
1,-5.860413702566472,9.627924134113712,Decoder
2,-5.860413702566472,9.757137220702054,Decoder
3,-5.860413702566472,9.706006410781931,Decoder
4,-5.860413702566472,9.472033342031644,Decoder
5,-5.860413702566472,9.222294077595697,Decoder
6,-5.860413702566472,9.135928398194705,Decoder
7,-5.860413702566472,9.221432149588908,Decoder
8,-5.860413702566472,9.316657242578184,Decoder
9,-5.860413702566472,9.2691298489184355,Decoder
10,-5.860413702566472,9.075153443397856,Decoder
11,-5.860413702566472,8.8076359844936,Decoder
0,-5.703230850290208,9.41122256739099,Decoder
1,-5.703230850290208,9.620786433758745,Decoder
2,-5.703230850290208,9.740977462751085,Decoder
3,-5.703230850290208,9.683136310718064,Decoder
4,-5.703230850290208,9.444936374792224,Decoder
5,-5.703230850290208,9.191722077592743,Decoder
6,-5.703230850290208,9.10075708768536,Decoder
7,-5.703230850290208,9.180368126886778,Decoder
8,-5.703230850290208,9.26994497026466,Decoder
9,-5.703230850290208,9.218454748322293,Decoder
10,-5.703230850290208,9.022152495935785,Decoder
11,-5.703230850290208,8.753130849807267,Decoder
0,-5.546047998013945,9.414447712546762,Decoder
1,-5.546047998013945,9.613948546963448,Decoder
2,-5.546047998013945,9.725181874970628,Decoder
3,-5.546047998013945,9.660585839738648,Decoder
4,-5.546047998013945,9.41798218359983,Decoder
5,-5.546047998013945,9.161020300151513,Decoder
6,-5.546047998013945,9.06513692498185,Decoder
7,-5.546047998013945,9.138669270380422,Decoder
8,-5.546047998013945,9.222855025338232,Decoder
9,-5.546047998013945,9.16837437988066,Decoder
10,-5.546047998013945,8.971326374380899,Decoder
11,-5.546047998013945,8.702685287050791,Decoder
0,-5.388865145737681,9.41777318758202,Decoder
1,-5.388865145737681,9.607438161199088,Decoder
2,-5.388865145737681,9.709870571537817,Decoder
3,-5.388865145737681,9.638536006359054,Decoder
4,-5.388865145737681,9.391376329165345,Decoder
5,-5.388865145737681,9.130398897668323,Decoder
6,-5.388865145737681,9.029280284831804,Decoder
7,-5.388865145737681,9.096537219084366,Decoder
8,-5.388865145737681,9.175526584319346,Decoder
9,-5.388865145737681,9.11887914981173,Decoder
10,-5.388865145737681,8.9224429375798,Decoder
11,-5.388865145737681,8.655807618926687,Decoder
0,-5.231682293461418,9.421106726691782,Decoder
1,-5.231682293461418,9.601285520383696,Decoder
2,-5.231682293461418,9.695178561144935,Decoder
3,-5.231682293461418,9.617191195579641,Decoder
4,-5.231682293461418,9.36535181400461,Decoder
5,-5.231682293461418,9.10009719741824,Decoder
6,-5.231682293461418,8.993430315925073,Decoder
7,-5.231682293461418,9.054203677950726,Decoder
8,-5.231682293461418,9.128119330241882,Decoder
9,-5.231682293461418,9.06995574065667,Decoder
10,-5.231682293461418,8.87522956481795,Decoder
11,-5.231682293461418,8.611922652899784,Decoder
0,-5.074499441185154,9.42435606407107,Decoder
1,-5.074499441185154,9.5955208684353,Decoder
2,-5.074499441185154,9.681240852484265,Decoder
3,-5.074499441185154,9.596755792400764,Decoder
4,-5.074499441185154,9.340141640633467,Decoder
5,-5.074499441185154,9.070354526676327,Decoder
6,-5.074499441185154,8.957830166951506,Decoder
7,-5.074499441185154,9.011900351931615,Decoder
8,-5.074499441185154,9.080792946139713,Decoder
9,-5.074499441185154,9.021590834956646,Decoder
10,-5.074499441185154,8.829413635380801,Decoder
11,-5.074499441185154,8.57045519643491,Decoder
0,-4.917316588908891,9.427428933914898,Decoder
1,-4.917316588908891,9.590174449271927,Decoder
2,-4.917316588908891,9.668192454248087,Decoder
3,-4.917316588908891,9.577434181822778,Decoder
4,-4.917316588908891,9.31597881156776,Decoder
5,-4.917316588908891,9.041410212717658,Decoder
6,-4.917316588908891,8.92272298660096,Decoder
7,-4.917316588908891,8.969858945979153,Decoder
8,-4.917316588908891,9.033707115046715,Decoder
9,-4.917316588908891,8.973771115252827,Decoder
10,-4.917316588908891,8.784722528553809,Decoder
11,-4.917316588908891,8.530830056996894,Decoder
0,-4.760133736632627,9.430233070418286,Decoder
1,-4.760133736632627,9.585276506811606,Decoder
2,-4.760133736632627,9.656168375128686,Decoder
3,-4.760133736632627,9.559430748846037,Decoder
4,-4.760133736632627,9.293096329323332,Decoder
5,-4.760133736632627,9.013503582817293,Decoder
6,-4.760133736632627,8.888351923563281,Decoder
7,-4.760133736632627,8.928311165045452,Decoder
8,-4.760133736632627,8.98702151999676,Decoder
9,-4.760133736632627,8.926483264086379,Decoder
10,-4.760133736632627,8.740883623622434,Decoder
11,-4.760133736632627,8.492472042050561,Decoder
0,-4.602950884356364,9.432676207776252,Decoder
1,-4.602950884356364,9.580857284972367,Decoder
2,-4.602950884356364,9.645303623818345,Decoder
3,-4.602950884356364,9.542949878470898,Decoder
4,-4.602950884356364,9.271727196416023,Decoder
5,-4.602950884356364,8.986873964250304,Decoder
6,-4.602950884356364,8.854960126528324,Decoder
7,-4.602950884356364,8.88748871408263,Decoder
8,-4.602950884356364,8.940895844023727,Decoder
9,-4.602950884356364,8.87971396399847,Decoder
10,-4.602950884356364,8.697624299872128,Decoder
11,-4.602950884356364,8.454805959060739,Decoder
0,-4.4457680320801005,9.434666080183813,Decoder
1,-4.4457680320801005,9.576947027672238,Decoder
2,-4.4457680320801005,9.635733209009345,Decoder
3,-4.4457680320801005,9.528195955697715,Decoder
4,-4.4457680320801005,9.252104415361677,Decoder
5,-4.4457680320801005,8.961760684291756,Decoder
6,-4.4457680320801005,8.82279074418594,Decoder
7,-4.4457680320801005,8.847623298042802,Decoder
8,-4.4457680320801005,8.89548977016149,Decoder
9,-4.4457680320801005,8.833449897530267,Decoder
10,-4.4457680320801005,8.65467193658835,Decoder
11,-4.4457680320801005,8.417256615492256,Decoder
0,-4.288585179803837,9.436110421835988,Decoder
1,-4.288585179803837,9.573575978829245,Decoder
2,-4.288585179803837,9.62759213939397,Decoder
3,-4.288585179803837,9.515373365526846,Decoder
4,-4.288585179803837,9.234460988676137,Decoder
5,-4.288585179803837,8.938403070216715,Decoder
6,-4.288585179803837,8.79208692522598,Decoder
7,-4.288585179803837,8.808946621878084,Decoder
8,-4.288585179803837,8.85096298144392,Decoder
9,-4.288585179803837,8.787677747222936,Decoder
10,-4.288585179803837,8.611753913056555,Decoder
11,-4.288585179803837,8.37924881880994,Decoder
0,-4.1314023275275735,9.436916966927797,Decoder
1,-4.1314023275275735,9.57077438236142,Decoder
2,-4.1314023275275735,9.621015423664502,Decoder
3,-4.1314023275275735,9.504686492958644,Decoder
4,-4.1314023275275735,9.219029918875245,Decoder
5,-4.1314023275275735,8.91704044930025,Decoder
6,-4.1314023275275735,8.763091818338298,Decoder
7,-4.1314023275275735,8.77169039054059,Decoder
8,-4.1314023275275735,8.807475160904897,Decoder
9,-4.1314023275275735,8.74238419561765,Decoder
10,-4.1314023275275735,8.5685976085622,Decoder
11,-4.1314023275275735,8.340207376478617,Decoder
0,-3.97421947525131,9.436993449654254,Decoder
1,-3.97421947525131,9.56857248218679,Decoder
2,-3.97421947525131,9.616138070513223,Decoder
3,-3.97421947525131,9.496339722993467,Decoder
4,-3.97421947525131,9.206044208474843,Decoder
5,-3.97421947525131,8.897912148817428,Decoder
6,-3.97421947525131,8.736048572212741,Decoder
7,-3.97421947525131,8.736086308982438,Decoder
8,-3.97421947525131,8.765185991578292,Decoder
9,-3.97421947525131,8.697555925255571,Decoder
10,-3.97421947525131,8.524930402390742,Decoder
11,-3.97421947525131,8.299557095963115,Decoder
0,-3.8170366229750465,9.43624760421038,Decoder
1,-3.8170366229750465,9.567000522223383,Decoder
2,-3.8170366229750465,9.613095088632418,Decoder
3,-3.8170366229750465,9.490537440631668,Decoder
4,-3.8170366229750465,9.195736859990776,Decoder
5,-3.8170366229750465,8.881257496043313,Decoder
6,-3.8170366229750465,8.711200335539166,Decoder
7,-3.8170366229750465,8.702366082155741,Decoder
8,-3.8170366229750465,8.724255156497984,Decoder
9,-3.8170366229750465,8.653179618677868,Decoder
10,-3.8170366229750465,8.480479673827636,Decoder
11,-3.8170366229750465,8.256722784728261,Decoder
0,-3.659853770698783,9.43459414583335,Decoder
1,-3.659853770698783,9.566062422816488,Decoder
2,-3.659853770698783,9.61196930706105,Decoder
3,-3.659853770698783,9.48742084623757,Decoder
4,-3.659853770698783,9.188283377519381,Decoder
5,-3.659853770698783,8.867271734221589,Decoder
6,-3.659853770698783,8.688757552100522,Decoder
7,-3.659853770698783,8.670738429000675,Decoder
8,-3.659853770698783,8.684837924854703,Decoder
9,-3.659853770698783,8.609274577642719,Decoder
10,-3.659853770698783,8.435058801763118,Decoder
11,-3.659853770698783,8.211276828833924,Decoder
0,-3.5026709184225195,9.4319882283286,Decoder
1,-3.5026709184225195,9.565609621692149,Decoder
2,-3.5026709184225195,9.612541297606947,Decoder
3,-3.5026709184225195,9.486765135192291,Decoder
4,-3.5026709184225195,9.183526198301092,Decoder
5,-3.5026709184225195,8.855894744277158,Decoder
6,-3.5026709184225195,8.668741218376566,Decoder
7,-3.5026709184225195,8.64127891908053,Decoder
8,-3.5026709184225195,8.64706399809542,Decoder
9,-3.5026709184225195,8.56604905484202,Decoder
10,-3.5026709184225195,8.388979328658198,Decoder
11,-3.5026709184225195,8.163646481988064,Decoder
0,-3.345488066146256,9.428399531576147,Decoder
1,-3.345488066146256,9.565438782780143,Decoder
2,-3.345488066146256,9.61448305723788,Decoder
3,-3.345488066146256,9.48821402899172,Decoder
4,-3.345488066146256,9.181188117506988,Decoder
5,-3.345488066146256,8.846974677574599,Decoder
6,-3.345488066146256,8.65110427884191,Decoder
7,-3.345488066146256,8.614015292921577,Decoder
8,-3.345488066146256,8.611053893391574,Decoder
9,-3.345488066146256,8.523779176670242,Decoder
10,-3.345488066146256,8.342731743991358,Decoder
11,-3.345488066146256,8.114566077791537,Decoder
0,-3.1883052138699925,9.423797754382269,Decoder
1,-3.1883052138699925,9.565346498644598,Decoder
2,-3.1883052138699925,9.617466441457722,Decoder
3,-3.1883052138699925,9.49141107783232,Decoder
4,-3.1883052138699925,9.180991774424582,Decoder
5,-3.1883052138699925,8.840359565962574,Decoder
6,-3.1883052138699925,8.635799589305124,Decoder
7,-3.1883052138699925,8.58897522873287,Decoder
8,-3.1883052138699925,8.576928115948265,Decoder
9,-3.1883052138699925,8.482741157955587,Decoder
10,-3.1883052138699925,8.296806770394014,Decoder
11,-3.1883052138699925,8.064770349944512,Decoder
0,-3.031122361593729,9.418152595553233,Decoder
1,-3.031122361593729,9.565129361849635,Decoder
2,-3.031122361593729,9.621163305770347,Decoder
3,-3.031122361593729,9.495999831910554,Decoder
4,-3.031122361593729,9.182659808341386,Decoder
5,-3.031122361593729,8.835897441289749,Decoder
6,-3.031122361593729,8.622780005574782,Decoder
7,-3.031122361593729,8.566186404723462,Decoder
8,-3.031122361593729,8.544807170970593,Decoder
9,-3.031122361593729,8.44321121352626,Decoder
10,-3.031122361593729,8.251695130497579,Decoder
11,-3.031122361593729,8.014994032147154,Decoder
0,-2.8739395093174656,9.411433753895311,Decoder
1,-2.8739395093174656,9.564583964959379,Decoder
2,-2.8739395093174656,9.625245505679628,Decoder
3,-2.8739395093174656,9.501623841422886,Decoder
4,-2.8739395093174656,9.185914858544917,Decoder
5,-2.8739395093174656,8.833436335404786,Decoder
6,-2.8739395093174656,8.611998383459452,Decoder
7,-2.8739395093174656,8.545676499102406,Decoder
8,-2.8739395093174656,8.51481156366366,Decoder
9,-2.8739395093174656,8.405465558210464,Decoder
10,-2.8739395093174656,8.207887546933467,Decoder
11,-2.8739395093174656,7.965971858099625,Decoder
0,-2.716756657041202,9.403610928214778,Decoder
1,-2.716756657041202,9.563506900537956,Decoder
2,-2.716756657041202,9.629384896689436,Decoder
3,-2.716756657041202,9.507926656565777,Decoder
4,-2.716756657041202,9.190479564322684,Decoder
5,-2.716756657041202,8.832824280156352,Decoder
6,-2.716756657041202,8.603407578767706,Decoder
7,-2.716756657041202,8.527473190078751,Decoder
8,-2.716756657041202,8.487061799232567,Decoder
9,-2.716756657041202,8.369780406836403,Decoder
10,-2.716756657041202,8.165874742333093,Decoder
11,-2.716756657041202,7.918438561502093,Decoder
0,-2.5595738047649386,9.394653817317906,Decoder
1,-2.5595738047649386,9.561694761149488,Decoder
2,-2.5595738047649386,9.633253334303646,Decoder
3,-2.5595738047649386,9.514551827535692,Decoder
4,-2.5595738047649386,9.196076564962205,Decoder
5,-2.5595738047649386,8.83390930739311,Decoder
6,-2.5595738047649386,8.596960447308113,Decoder
7,-2.5595738047649386,8.511604155861555,Decoder
8,-2.5595738047649386,8.461678382882413,Decoder
9,-2.5595738047649386,8.33643197423228,Decoder
10,-2.5595738047649386,8.126147439327871,Decoder
11,-2.5595738047649386,7.873128876054722,Decoder
0,-2.402390952488675,9.384532120010967,Decoder
1,-2.402390952488675,9.5589441393581,Decoder
2,-2.402390952488675,9.636522674026132,Decoder
3,-2.402390952488675,9.521142904529096,Decoder
4,-2.402390952488675,9.202428499750987,Decoder
5,-2.402390952488675,8.836539448963723,Decoder
6,-2.402390952488675,8.592609844889244,Decoder
7,-2.402390952488675,8.498097074659869,Decoder
8,-2.402390952488675,8.4387818198183009,Decoder
9,-2.402390952488675,8.305696475226299,Decoder
10,-2.402390952488675,8.089196360549218,Decoder
11,-2.402390952488675,7.830777535457678,Decoder
0,-2.2452081002124116,9.37321553510023,Decoder
1,-2.2452081002124116,9.555051627727916,Decoder
2,-2.2452081002124116,9.638864771360765,Decoder
3,-2.2452081002124116,9.52734343774245,Decoder
4,-2.2452081002124116,9.209258007976548,Decoder
5,-2.2452081002124116,8.840562736716858,Decoder
6,-2.2452081002124116,8.590308627319668,Decoder
7,-2.2452081002124116,8.486979624682743,Decoder
8,-2.2452081002124116,8.41849261524533,Decoder
9,-2.2452081002124116,8.277850124646664,Decoder
10,-2.2452081002124116,8.055512228628547,Decoder
11,-2.2452081002124116,7.792119273411124,Decoder
0,-2.088025247936148,9.360673761391974,Decoder
1,-2.088025247936148,9.549813818823061,Decoder
2,-2.088025247936148,9.639951481811421,Decoder
3,-2.088025247936148,9.532796977372216,Decoder
4,-2.088025247936148,9.216287728926398,Decoder
5,-2.088025247936148,8.845827202501178,Decoder
6,-2.088025247936148,8.590009650407957,Decoder
7,-2.088025247936148,8.478279484139234,Decoder
8,-2.088025247936148,8.4009312743686,Decoder
9,-2.088025247936148,8.253169137321578,Decoder
10,-2.088025247936148,8.02558576619727,Decoder
11,-2.088025247936148,7.75788882361523,Decoder
0,-1.9308423956598846,9.346876497692465,Decoder
1,-1.9308423956598846,9.54302730520766,Decoder
2,-1.9308423956598846,9.63945466088197,Decoder
3,-1.9308423956598846,9.537147073614861,Decoder
4,-1.9308423956598846,9.223240301888053,Decoder
5,-1.9308423956598846,8.852180878165347,Decoder
6,-1.9308423956598846,8.591665769962681,Decoder
7,-1.9308423956598846,8.472024331238392,Decoder
8,-1.9308423956598846,8.386218302393216,Decoder
9,-1.9308423956598846,8.231929728079246,Decoder
10,-1.9308423956598846,7.999907695886806,Decoder
11,-1.9308423956598846,7.728820919770156,Decoder
0,-1.773659543383621,9.33180034945144,Decoder
1,-1.773659543383621,9.534513304762031,Decoder
2,-1.773659543383621,9.637082999531486,Decoder
3,-1.773659543383621,9.540075340818346,Decoder
4,-1.773659543383621,9.229865515241881,Decoder
5,-1.773659543383621,8.8594830953451,Decoder
6,-1.773659543383621,8.595228236999624,Decoder
7,-1.773659543383621,8.468231433236738,Decoder
8,-1.773659543383621,8.374453514247397,Decoder
9,-1.773659543383621,8.214370442386118,Decoder
10,-1.773659543383621,7.978907713198318,Decoder
11,-1.773659543383621,7.705562709531955,Decoder
0,-1.6164766911073576,9.315469190070484,Decoder
1,-1.6164766911073576,9.524261567051523,Decoder
2,-1.6164766911073576,9.632797284622463,Decoder
3,-1.6164766911073576,9.541523898233036,Decoder
4,-1.6164766911073576,9.236098961372958,Decoder
5,-1.6164766911073576,8.867670519593046,Decoder
6,-1.6164766911073576,8.600637319592051,Decoder
7,-1.6164766911073576,8.466846806513882,Decoder
8,-1.6164766911073576,8.365595123947609,Decoder
9,-1.6164766911073576,8.20047202268351,Decoder
10,-1.6164766911073576,7.962597853814439,Decoder
11,-1.6164766911073576,7.68816191582309,Decoder
0,-1.459293838831094,9.29792668610059,Decoder
1,-1.459293838831094,9.512332413195585,Decoder
2,-1.459293838831094,9.626663866547975,Decoder
3,-1.459293838831094,9.541543949853864,Decoder
4,-1.459293838831094,9.241954036892714,Decoder
5,-1.459293838831094,8.876712199539774,Decoder
6,-1.459293838831094,8.607828686777017,Decoder
7,-1.459293838831094,8.46778663160513,Decoder
8,-1.459293838831094,8.359542051043503,Decoder
9,-1.459293838831094,8.190107258061815,Decoder
10,-1.459293838831094,7.950815261067605,Decoder
11,-1.459293838831094,7.6764152563321595,Decoder
0,-1.3021109865548306,9.279216571217818,Decoder
1,-1.3021109865548306,9.498786403644965,Decoder
2,-1.3021109865548306,9.61874945370168,Decoder
3,-1.3021109865548306,9.540187069617925,Decoder
4,-1.3021109865548306,9.247444402272246,Decoder
5,-1.3021109865548306,8.886577293637513,Decoder
6,-1.3021109865548306,8.616737991994736,Decoder
7,-1.3021109865548306,8.470966987862651,Decoder
8,-1.3021109865548306,8.35619301399773,Decoder
9,-1.3021109865548306,8.183148571506182,Decoder
10,-1.3021109865548306,7.943396485172884,Decoder
11,-1.3021109865548306,7.6701185975066295,Decoder
0,-1.144928134278567,9.259382579098226,Decoder
1,-1.144928134278567,9.483684098850418,Decoder
2,-1.144928134278567,9.609120754477232,Decoder
3,-1.144928134278567,9.537504831462325,Decoder
4,-1.144928134278567,9.252583717982649,Decoder
5,-1.144928134278567,8.8972349603385,Decoder
6,-1.144928134278567,8.627300888685419,Decoder
7,-1.144928134278567,8.476303954638611,Decoder
8,-1.144928134278567,8.355446731272945,Decoder
9,-1.144928134278567,8.179468386001759,Decoder
10,-1.144928134278567,7.940178076345349,Decoder
11,-1.144928134278567,7.66906780579397,Decoder
0,-0.9877452820023036,9.238468443417874,Decoder
1,-0.9877452820023036,9.467086059262693,Decoder
2,-0.9877452820023036,9.597844477268287,Decoder
3,-0.9877452820023036,9.533548809324161,Decoder
4,-0.9877452820023036,9.257385644495024,Decoder
5,-0.9877452820023036,8.908654358094966,Decoder
6,-0.9877452820023036,8.63945303028928,Decoder
7,-0.9877452820023036,8.483713611285177,Decoder
8,-0.9877452820023036,8.357201921331798,Decoder
9,-0.9877452820023036,8.178939124533697,Decoder
10,-0.9877452820023036,7.94099658480007,Decoder
11,-0.9877452820023036,7.673058747641648,Decoder
0,-0.8305624297260401,9.21651789785282,Decoder
1,-0.8305624297260401,9.449052845332536,Decoder
2,-0.8305624297260401,9.584987330468502,Decoder
3,-0.8305624297260401,9.528370577140535,Decoder
4,-0.8305624297260401,9.261863842280462,Decoder
5,-0.8305624297260401,8.920804645359144,Decoder
6,-0.8305624297260401,8.653130070246531,Decoder
7,-0.8305624297260401,8.493112037154518,Decoder
8,-0.8305624297260401,8.361357302636943,Decoder
9,-0.8305624297260401,8.181433210087144,Decoder
10,-0.8305624297260401,7.945688560752119,Decoder
11,-0.8305624297260401,7.681887289497132,Decoder
0,-0.6733795774497775,9.19357467607912,Decoder
1,-0.6733795774497775,9.429645017510703,Decoder
2,-0.6733795774497775,9.570616022471532,Decoder
3,-0.6733795774497775,9.522021708848548,Decoder
4,-0.6733795774497775,9.266031971810067,Decoder
5,-0.6733795774497775,8.933654980583269,Decoder
6,-0.6733795774497775,8.668267661997385,Decoder
7,-0.6733795774497775,8.504415311598798,Decoder
8,-0.6733795774497775,8.367811593651032,Decoder
9,-0.6733795774497775,8.18682306564725,Decoder
10,-0.6733795774497775,7.954090554416567,Decoder
11,-0.6733795774497775,7.695349297807888,Decoder
0,-0.516196725173514,9.169682511772837,Decoder
1,-0.516196725173514,9.408923136247942,Decoder
2,-0.516196725173514,9.55479726167103,Decoder
3,-0.516196725173514,9.514553778385299,Decoder
4,-0.516196725173514,9.26990369355493,Decoder
5,-0.516196725173514,8.947174522219571,Decoder
6,-0.516196725173514,8.684801458982056,Decoder
7,-0.516196725173514,8.517539513970185,Decoder
8,-0.516196725173514,8.376463512836718,Decoder
9,-0.516196725173514,8.194981114199162,Decoder
10,-0.516196725173514,7.966039116008484,Decoder
11,-0.516196725173514,7.713240639021385,Decoder
0,-0.3590138728972505,9.14488513861003,Decoder
1,-0.3590138728972505,9.386947761995005,Decoder
2,-0.3590138728972505,9.537597756460654,Decoder
3,-0.3590138728972505,9.506018359687891,Decoder
4,-0.3590138728972505,9.273492667986153,Decoder
5,-0.3590138728972505,8.961332428720286,Decoder
6,-0.3590138728972505,8.702667114640757,Decoder
7,-0.3590138728972505,8.532400723620848,Decoder
8,-0.3590138728972505,8.387211778656654,Decoder
9,-0.3590138728972505,8.205779778728033,Decoder
10,-0.3590138728972505,7.981370795742944,Decoder
11,-0.3590138728972505,7.735357179585091,Decoder
0,-0.20183102062098612,9.119226290266756,Decoder
1,-0.20183102062098612,9.36377945520264,Decoder
2,-0.20183102062098612,9.51908421523406,Decoder
3,-0.20183102062098612,9.496467026693422,Decoder
4,-0.20183102062098612,9.276812555574828,Decoder
5,-0.20183102062098612,8.976097858537646,Decoder
6,-0.20183102062098612,8.721800282413701,Decoder
7,-0.20183102062098612,8.548915019902953,Decoder
8,-0.20183102062098612,8.399955109573494,Decoder
9,-0.20183102062098612,8.219091482219008,Decoder
10,-0.20183102062098612,7.999922143835015,Decoder
11,-0.20183102062098612,7.761494785946474,Decoder
0,-0.044648168344723516,9.092749700419073,Decoder
1,-0.044648168344723516,9.339478776321599,Decoder
2,-0.044648168344723516,9.4993233463849,Decoder
3,-0.044648168344723516,9.485951353338995,Decoder
4,-0.044648168344723516,9.279877016792057,Decoder
5,-0.044648168344723516,8.991439970123883,Decoder
6,-0.044648168344723516,8.7421366157411,Decoder
7,-0.044648168344723516,8.566998482168666,Decoder
8,-0.044648168344723516,8.414592224049887,Decoder
9,-0.044648168344723516,8.23478864765724,Decoder
10,-0.044648168344723516,8.02152971049977,Decoder
11,-0.044648168344723516,7.791449324553001,Decoder
0,0.11253468393154087,9.065499102743042,Decoder
1,0.11253468393154087,9.31410628580263,Decoder
2,0.11253468393154087,9.478381858306832,Decoder
3,0.11253468393154087,9.47452291356171,Decoder
4,0.11253468393154087,9.282699712108935,Decoder
5,0.11253468393154087,9.007327921931234,Decoder
6,0.11253468393154087,8.763611768063166,Decoder
7,0.11253468393154087,8.586567189770156,Decoder
8,0.11253468393154087,8.431021840548487,Decoder
9,0.11253468393154087,8.252743698027874,Decoder
10,0.11253468393154087,8.046030045952278,Decoder
11,0.11253468393154087,7.82501666185214,Decoder
0,0.2697175362078035,9.037518230914719,Decoder
1,0.2697175362078035,9.28772254409649,Decoder
2,0.2697175362078035,9.456326459393512,Decoder
3,0.2697175362078035,9.462233281298667,Decoder
4,0.2697175362078035,9.285294301996558,Decoder
5,0.2697175362078035,9.023730872411926,Decoder
6,0.2697175362078035,8.786161392820114,Decoder
7,0.2697175362078035,8.60753722205959,Decoder
8,0.2697175362078035,8.449142677531947,Decoder
9,0.2697175362078035,8.272829056316064,Decoder
10,0.2697175362078035,8.073259700407615,Decoder
11,0.2697175362078035,7.861992664291359,Decoder
0,0.42690038848406786,9.008850818610167,Decoder
1,0.42690038848406786,9.26038811165392,Decoder
2,0.42690038848406786,9.433223858038597,Decoder
3,0.42690038848406786,9.449134030486968,Decoder
4,0.42690038848406786,9.287674446926022,Decoder
5,0.42690038848406786,9.040617980018197,Decoder
6,0.42690038848406786,8.809721143452157,Decoder
7,0.42690038848406786,8.629824658389133,Decoder
8,0.42690038848406786,8.468853453462922,Decoder
9,0.42690038848406786,8.294917145506954,Decoder
10,0.42690038848406786,8.103055224080848,Decoder
11,0.42690038848406786,7.902173198318126,Decoder
0,0.5840832407603305,8.979540599505443,Decoder
1,0.5840832407603305,9.232163548925678,Decoder
2,0.5840832407603305,9.409140762635737,Decoder
3,0.5840832407603305,9.435276735063713,Decoder
4,0.5840832407603305,9.289853807368429,Decoder
5,0.5840832407603305,9.057958403202278,Decoder
6,0.5840832407603305,8.834226673399506,Decoder
7,0.5840832407603305,8.653345578110953,Decoder
8,0.5840832407603305,8.49005288680406,Decoder
9,0.5840832407603305,8.318880388585697,Decoder
10,0.5840832407603305,8.135253167187049,Decoder
11,0.5840832407603305,7.945354130379909,Decoder
0,0.7412660930365949,8.9496313072766025,Decoder
1,0.7412660930365949,9.20310941636251,Decoder
2,0.7412660930365949,9.384143881578591,Decoder
3,0.7412660930365949,9.420712968966,Decoder
4,0.7412660930365949,9.291846043794871,Decoder
5,0.7412660930365949,9.075721300416404,Decoder
6,0.7412660930365949,8.859613636102376,Decoder
7,0.7412660930365949,8.67801606057722,Decoder
8,0.7412660930365949,8.512639696018018,Decoder
9,0.7412660930365949,8.344591208537441,Decoder
10,0.7412660930365949,8.16969007994129,Decoder
11,0.7412660930365949,7.991331326924175,Decoder
0,0.8984489453128575,8.91916667559971,Decoder
1,0.8984489453128575,9.17328627441517,Decoder
2,0.8984489453128575,9.358299923260816,Decoder
3,0.8984489453128575,9.405494306130935,Decoder
4,0.8984489453128575,9.293664816676449,Decoder
5,0.8984489453128575,9.093875830112806,Decoder
6,0.8984489453128575,8.885817685000978,Decoder
7,0.8984489453128575,8.703752185140095,Decoder
8,0.8984489453128575,8.536512599567446,Decoder
9,0.8984489453128575,8.371922028347333,Decoder
10,0.8984489453128575,8.20620251255864,Decoder
11,0.8984489453128575,8.03990065439839,Decoder
0,1.0556317975891216,8.888190438150822,Decoder
1,1.0556317975891216,9.142754683534406,Decoder
2,1.0556317975891216,9.331675596076064,Decoder
3,1.0556317975891216,9.389672320495615,Decoder
4,1.0556317975891216,9.295323786484255,Decoder
5,1.0556317975891216,9.112391150743717,Decoder
6,1.0556317975891216,8.912774473535526,Decoder
7,1.0556317975891216,8.73047003115175,Decoder
8,1.0556317975891216,8.561570315914997,Decoder
9,1.0556317975891216,8.400745271000526,Decoder
10,1.0556317975891216,8.244627015254174,Decoder
11,1.0556317975891216,8.090857979250028,Decoder
